1	428	2001	2428	100.000	428	638	0.0	Exon_01|rel=2001-2428|len=428	NC_006091.5:37169060-37198399|strand=-|gene=HPGDS
148	183	28226	28192	78.947	38	27.4	0.11	Exon_01|rel=2001-2428|len=428	NC_006091.5:37169060-37198399|strand=-|gene=HPGDS
315	352	4458	4420	77.500	40	26.6	0.11	Exon_01|rel=2001-2428|len=428	NC_006091.5:37169060-37198399|strand=-|gene=HPGDS
333	347	3481	3467	100.000	15	25.1	0.32	Exon_01|rel=2001-2428|len=428	NC_006091.5:37169060-37198399|strand=-|gene=HPGDS
15	34	14712	14732	86.364	22	23.6	0.88	Exon_01|rel=2001-2428|len=428	NC_006091.5:37169060-37198399|strand=-|gene=HPGDS
210	239	17227	17199	78.125	32	23.6	0.88	Exon_01|rel=2001-2428|len=428	NC_006091.5:37169060-37198399|strand=-|gene=HPGDS
182	208	23535	23512	81.481	27	23.6	0.88	Exon_01|rel=2001-2428|len=428	NC_006091.5:37169060-37198399|strand=-|gene=HPGDS
239	258	3764	3785	86.364	22	22.9	2.5	Exon_01|rel=2001-2428|len=428	NC_006091.5:37169060-37198399|strand=-|gene=HPGDS
196	229	22976	22944	76.471	34	22.9	2.5	Exon_01|rel=2001-2428|len=428	NC_006091.5:37169060-37198399|strand=-|gene=HPGDS
18	45	4668	4695	78.571	28	22.2	2.5	Exon_01|rel=2001-2428|len=428	NC_006091.5:37169060-37198399|strand=-|gene=HPGDS
357	396	5758	5720	74.419	43	22.2	2.5	Exon_01|rel=2001-2428|len=428	NC_006091.5:37169060-37198399|strand=-|gene=HPGDS
185	210	27516	27540	80.769	26	22.2	2.5	Exon_01|rel=2001-2428|len=428	NC_006091.5:37169060-37198399|strand=-|gene=HPGDS
351	365	8410	8396	93.333	15	21.4	6.9	Exon_01|rel=2001-2428|len=428	NC_006091.5:37169060-37198399|strand=-|gene=HPGDS
168	182	9138	9124	93.333	15	21.4	6.9	Exon_01|rel=2001-2428|len=428	NC_006091.5:37169060-37198399|strand=-|gene=HPGDS
19	40	9397	9377	82.609	23	21.4	6.9	Exon_01|rel=2001-2428|len=428	NC_006091.5:37169060-37198399|strand=-|gene=HPGDS
47	66	22335	22354	85.000	20	21.4	6.9	Exon_01|rel=2001-2428|len=428	NC_006091.5:37169060-37198399|strand=-|gene=HPGDS
18	32	2909	2896	93.333	15	20.7	6.9	Exon_01|rel=2001-2428|len=428	NC_006091.5:37169060-37198399|strand=-|gene=HPGDS
329	340	7222	7233	100.000	12	20.7	6.9	Exon_01|rel=2001-2428|len=428	NC_006091.5:37169060-37198399|strand=-|gene=HPGDS
71	85	19991	19978	93.333	15	20.7	6.9	Exon_01|rel=2001-2428|len=428	NC_006091.5:37169060-37198399|strand=-|gene=HPGDS
201	257	22288	22344	68.254	63	20.7	6.9	Exon_01|rel=2001-2428|len=428	NC_006091.5:37169060-37198399|strand=-|gene=HPGDS
260	285	32	61	76.667	30	19.9	19	Exon_01|rel=2001-2428|len=428	NC_006091.5:37169060-37198399|strand=-|gene=HPGDS
310	330	12275	12254	82.609	23	19.9	19	Exon_01|rel=2001-2428|len=428	NC_006091.5:37169060-37198399|strand=-|gene=HPGDS
193	211	14764	14782	84.211	19	19.9	19	Exon_01|rel=2001-2428|len=428	NC_006091.5:37169060-37198399|strand=-|gene=HPGDS
19	32	22819	22806	92.857	14	19.9	19	Exon_01|rel=2001-2428|len=428	NC_006091.5:37169060-37198399|strand=-|gene=HPGDS
148	163	25247	25231	88.235	17	19.9	19	Exon_01|rel=2001-2428|len=428	NC_006091.5:37169060-37198399|strand=-|gene=HPGDS
231	251	26323	26344	81.818	22	19.9	19	Exon_01|rel=2001-2428|len=428	NC_006091.5:37169060-37198399|strand=-|gene=HPGDS
204	220	28105	28120	88.235	17	19.9	19	Exon_01|rel=2001-2428|len=428	NC_006091.5:37169060-37198399|strand=-|gene=HPGDS
224	239	742	727	87.500	16	19.2	19	Exon_01|rel=2001-2428|len=428	NC_006091.5:37169060-37198399|strand=-|gene=HPGDS
154	182	802	772	75.000	32	19.2	19	Exon_01|rel=2001-2428|len=428	NC_006091.5:37169060-37198399|strand=-|gene=HPGDS
227	242	1778	1763	87.500	16	19.2	19	Exon_01|rel=2001-2428|len=428	NC_006091.5:37169060-37198399|strand=-|gene=HPGDS
179	194	7380	7365	87.500	16	19.2	19	Exon_01|rel=2001-2428|len=428	NC_006091.5:37169060-37198399|strand=-|gene=HPGDS
235	250	7720	7735	87.500	16	19.2	19	Exon_01|rel=2001-2428|len=428	NC_006091.5:37169060-37198399|strand=-|gene=HPGDS
20	32	10630	10643	92.857	14	19.2	19	Exon_01|rel=2001-2428|len=428	NC_006091.5:37169060-37198399|strand=-|gene=HPGDS
18	34	10724	10705	85.000	20	19.2	19	Exon_01|rel=2001-2428|len=428	NC_006091.5:37169060-37198399|strand=-|gene=HPGDS
264	290	14711	14733	77.778	27	19.2	19	Exon_01|rel=2001-2428|len=428	NC_006091.5:37169060-37198399|strand=-|gene=HPGDS
31	41	18151	18141	100.000	11	19.2	19	Exon_01|rel=2001-2428|len=428	NC_006091.5:37169060-37198399|strand=-|gene=HPGDS
227	237	19515	19505	100.000	11	19.2	19	Exon_01|rel=2001-2428|len=428	NC_006091.5:37169060-37198399|strand=-|gene=HPGDS
270	290	20468	20448	80.952	21	19.2	19	Exon_01|rel=2001-2428|len=428	NC_006091.5:37169060-37198399|strand=-|gene=HPGDS
172	189	21484	21466	84.211	19	19.2	19	Exon_01|rel=2001-2428|len=428	NC_006091.5:37169060-37198399|strand=-|gene=HPGDS
261	286	24414	24435	76.923	26	19.2	19	Exon_01|rel=2001-2428|len=428	NC_006091.5:37169060-37198399|strand=-|gene=HPGDS
182	194	827	839	92.308	13	18.4	54	Exon_01|rel=2001-2428|len=428	NC_006091.5:37169060-37198399|strand=-|gene=HPGDS
279	291	4017	4029	92.308	13	18.4	54	Exon_01|rel=2001-2428|len=428	NC_006091.5:37169060-37198399|strand=-|gene=HPGDS
311	337	4268	4244	75.000	28	18.4	54	Exon_01|rel=2001-2428|len=428	NC_006091.5:37169060-37198399|strand=-|gene=HPGDS
269	290	8307	8284	79.167	24	18.4	54	Exon_01|rel=2001-2428|len=428	NC_006091.5:37169060-37198399|strand=-|gene=HPGDS
77	103	9068	9046	75.000	28	18.4	54	Exon_01|rel=2001-2428|len=428	NC_006091.5:37169060-37198399|strand=-|gene=HPGDS
72	84	11674	11686	92.308	13	18.4	54	Exon_01|rel=2001-2428|len=428	NC_006091.5:37169060-37198399|strand=-|gene=HPGDS
26	38	12224	12212	92.308	13	18.4	54	Exon_01|rel=2001-2428|len=428	NC_006091.5:37169060-37198399|strand=-|gene=HPGDS
174	186	14671	14683	92.308	13	18.4	54	Exon_01|rel=2001-2428|len=428	NC_006091.5:37169060-37198399|strand=-|gene=HPGDS
315	334	15731	15711	80.952	21	18.4	54	Exon_01|rel=2001-2428|len=428	NC_006091.5:37169060-37198399|strand=-|gene=HPGDS
16	28	19805	19793	92.308	13	18.4	54	Exon_01|rel=2001-2428|len=428	NC_006091.5:37169060-37198399|strand=-|gene=HPGDS
362	374	21429	21417	92.308	13	18.4	54	Exon_01|rel=2001-2428|len=428	NC_006091.5:37169060-37198399|strand=-|gene=HPGDS
1	13	22978	22966	92.308	13	18.4	54	Exon_01|rel=2001-2428|len=428	NC_006091.5:37169060-37198399|strand=-|gene=HPGDS
225	237	23238	23226	92.308	13	18.4	54	Exon_01|rel=2001-2428|len=428	NC_006091.5:37169060-37198399|strand=-|gene=HPGDS
242	254	25406	25394	92.308	13	18.4	54	Exon_01|rel=2001-2428|len=428	NC_006091.5:37169060-37198399|strand=-|gene=HPGDS
188	202	27536	27521	87.500	16	18.4	54	Exon_01|rel=2001-2428|len=428	NC_006091.5:37169060-37198399|strand=-|gene=HPGDS
278	287	919	928	100.000	10	17.7	54	Exon_01|rel=2001-2428|len=428	NC_006091.5:37169060-37198399|strand=-|gene=HPGDS
70	79	1932	1941	100.000	10	17.7	54	Exon_01|rel=2001-2428|len=428	NC_006091.5:37169060-37198399|strand=-|gene=HPGDS
169	178	2178	2169	100.000	10	17.7	54	Exon_01|rel=2001-2428|len=428	NC_006091.5:37169060-37198399|strand=-|gene=HPGDS
288	297	2297	2288	100.000	10	17.7	54	Exon_01|rel=2001-2428|len=428	NC_006091.5:37169060-37198399|strand=-|gene=HPGDS
240	249	3667	3676	100.000	10	17.7	54	Exon_01|rel=2001-2428|len=428	NC_006091.5:37169060-37198399|strand=-|gene=HPGDS
346	355	5816	5807	100.000	10	17.7	54	Exon_01|rel=2001-2428|len=428	NC_006091.5:37169060-37198399|strand=-|gene=HPGDS
28	37	5931	5940	100.000	10	17.7	54	Exon_01|rel=2001-2428|len=428	NC_006091.5:37169060-37198399|strand=-|gene=HPGDS
48	57	9538	9547	100.000	10	17.7	54	Exon_01|rel=2001-2428|len=428	NC_006091.5:37169060-37198399|strand=-|gene=HPGDS
394	403	9566	9557	100.000	10	17.7	54	Exon_01|rel=2001-2428|len=428	NC_006091.5:37169060-37198399|strand=-|gene=HPGDS
234	248	10762	10776	86.667	15	17.7	54	Exon_01|rel=2001-2428|len=428	NC_006091.5:37169060-37198399|strand=-|gene=HPGDS
218	244	11422	11387	69.444	36	17.7	54	Exon_01|rel=2001-2428|len=428	NC_006091.5:37169060-37198399|strand=-|gene=HPGDS
238	247	12856	12865	100.000	10	17.7	54	Exon_01|rel=2001-2428|len=428	NC_006091.5:37169060-37198399|strand=-|gene=HPGDS
229	238	17978	17987	100.000	10	17.7	54	Exon_01|rel=2001-2428|len=428	NC_006091.5:37169060-37198399|strand=-|gene=HPGDS
64	73	18104	18095	100.000	10	17.7	54	Exon_01|rel=2001-2428|len=428	NC_006091.5:37169060-37198399|strand=-|gene=HPGDS
233	245	19472	19461	92.308	13	17.7	54	Exon_01|rel=2001-2428|len=428	NC_006091.5:37169060-37198399|strand=-|gene=HPGDS
24	33	19815	19806	100.000	10	17.7	54	Exon_01|rel=2001-2428|len=428	NC_006091.5:37169060-37198399|strand=-|gene=HPGDS
164	178	19823	19809	86.667	15	17.7	54	Exon_01|rel=2001-2428|len=428	NC_006091.5:37169060-37198399|strand=-|gene=HPGDS
351	367	20500	20517	83.333	18	17.7	54	Exon_01|rel=2001-2428|len=428	NC_006091.5:37169060-37198399|strand=-|gene=HPGDS
112	126	20680	20666	86.667	15	17.7	54	Exon_01|rel=2001-2428|len=428	NC_006091.5:37169060-37198399|strand=-|gene=HPGDS
334	348	21477	21491	86.667	15	17.7	54	Exon_01|rel=2001-2428|len=428	NC_006091.5:37169060-37198399|strand=-|gene=HPGDS
20	37	22455	22471	83.333	18	17.7	54	Exon_01|rel=2001-2428|len=428	NC_006091.5:37169060-37198399|strand=-|gene=HPGDS
235	244	23048	23057	100.000	10	17.7	54	Exon_01|rel=2001-2428|len=428	NC_006091.5:37169060-37198399|strand=-|gene=HPGDS
203	217	23753	23739	86.667	15	17.7	54	Exon_01|rel=2001-2428|len=428	NC_006091.5:37169060-37198399|strand=-|gene=HPGDS
309	318	25018	25027	100.000	10	17.7	54	Exon_01|rel=2001-2428|len=428	NC_006091.5:37169060-37198399|strand=-|gene=HPGDS
109	134	27011	26987	75.000	28	17.7	54	Exon_01|rel=2001-2428|len=428	NC_006091.5:37169060-37198399|strand=-|gene=HPGDS
239	248	27721	27712	100.000	10	17.7	54	Exon_01|rel=2001-2428|len=428	NC_006091.5:37169060-37198399|strand=-|gene=HPGDS
371	380	28674	28683	100.000	10	17.7	54	Exon_01|rel=2001-2428|len=428	NC_006091.5:37169060-37198399|strand=-|gene=HPGDS
146	160	28855	28841	86.667	15	17.7	54	Exon_01|rel=2001-2428|len=428	NC_006091.5:37169060-37198399|strand=-|gene=HPGDS
1	99	3029	3127	100.000	99	149	1.51e-39	Exon_02|rel=3029-3127|len=99	NC_006091.5:37169060-37198399|strand=-|gene=HPGDS
18	41	13673	13652	83.333	24	23.6	0.16	Exon_02|rel=3029-3127|len=99	NC_006091.5:37169060-37198399|strand=-|gene=HPGDS
47	60	22284	22298	93.333	15	20.7	1.2	Exon_02|rel=3029-3127|len=99	NC_006091.5:37169060-37198399|strand=-|gene=HPGDS
88	99	22458	22447	100.000	12	20.7	1.2	Exon_02|rel=3029-3127|len=99	NC_006091.5:37169060-37198399|strand=-|gene=HPGDS
13	51	808	769	72.093	43	19.9	3.5	Exon_02|rel=3029-3127|len=99	NC_006091.5:37169060-37198399|strand=-|gene=HPGDS
1	14	7965	7952	92.857	14	19.9	3.5	Exon_02|rel=3029-3127|len=99	NC_006091.5:37169060-37198399|strand=-|gene=HPGDS
47	60	12023	12036	92.857	14	19.9	3.5	Exon_02|rel=3029-3127|len=99	NC_006091.5:37169060-37198399|strand=-|gene=HPGDS
5	18	14966	14953	92.857	14	19.9	3.5	Exon_02|rel=3029-3127|len=99	NC_006091.5:37169060-37198399|strand=-|gene=HPGDS
20	40	22482	22503	81.818	22	19.9	3.5	Exon_02|rel=3029-3127|len=99	NC_006091.5:37169060-37198399|strand=-|gene=HPGDS
43	58	16653	16638	87.500	16	19.2	3.5	Exon_02|rel=3029-3127|len=99	NC_006091.5:37169060-37198399|strand=-|gene=HPGDS
5	15	18864	18854	100.000	11	19.2	3.5	Exon_02|rel=3029-3127|len=99	NC_006091.5:37169060-37198399|strand=-|gene=HPGDS
69	99	21989	22016	72.727	33	19.2	3.5	Exon_02|rel=3029-3127|len=99	NC_006091.5:37169060-37198399|strand=-|gene=HPGDS
48	58	22318	22308	100.000	11	19.2	3.5	Exon_02|rel=3029-3127|len=99	NC_006091.5:37169060-37198399|strand=-|gene=HPGDS
7	40	25222	25181	71.429	42	19.2	3.5	Exon_02|rel=3029-3127|len=99	NC_006091.5:37169060-37198399|strand=-|gene=HPGDS
42	59	1046	1029	83.333	18	18.4	9.8	Exon_02|rel=3029-3127|len=99	NC_006091.5:37169060-37198399|strand=-|gene=HPGDS
45	60	14766	14780	87.500	16	18.4	9.8	Exon_02|rel=3029-3127|len=99	NC_006091.5:37169060-37198399|strand=-|gene=HPGDS
3	29	19759	19729	71.875	32	18.4	9.8	Exon_02|rel=3029-3127|len=99	NC_006091.5:37169060-37198399|strand=-|gene=HPGDS
31	92	22502	22566	65.714	70	18.4	9.8	Exon_02|rel=3029-3127|len=99	NC_006091.5:37169060-37198399|strand=-|gene=HPGDS
3	15	889	903	86.667	15	17.7	9.8	Exon_02|rel=3029-3127|len=99	NC_006091.5:37169060-37198399|strand=-|gene=HPGDS
20	31	997	1009	92.308	13	17.7	9.8	Exon_02|rel=3029-3127|len=99	NC_006091.5:37169060-37198399|strand=-|gene=HPGDS
32	46	1322	1336	86.667	15	17.7	9.8	Exon_02|rel=3029-3127|len=99	NC_006091.5:37169060-37198399|strand=-|gene=HPGDS
35	50	2446	2459	87.500	16	17.7	9.8	Exon_02|rel=3029-3127|len=99	NC_006091.5:37169060-37198399|strand=-|gene=HPGDS
37	46	11147	11156	100.000	10	17.7	9.8	Exon_02|rel=3029-3127|len=99	NC_006091.5:37169060-37198399|strand=-|gene=HPGDS
77	90	12971	12986	87.500	16	17.7	9.8	Exon_02|rel=3029-3127|len=99	NC_006091.5:37169060-37198399|strand=-|gene=HPGDS
32	41	13468	13459	100.000	10	17.7	9.8	Exon_02|rel=3029-3127|len=99	NC_006091.5:37169060-37198399|strand=-|gene=HPGDS
83	96	15345	15329	82.353	17	17.7	9.8	Exon_02|rel=3029-3127|len=99	NC_006091.5:37169060-37198399|strand=-|gene=HPGDS
86	95	20380	20389	100.000	10	17.7	9.8	Exon_02|rel=3029-3127|len=99	NC_006091.5:37169060-37198399|strand=-|gene=HPGDS
48	59	26207	26219	92.308	13	17.7	9.8	Exon_02|rel=3029-3127|len=99	NC_006091.5:37169060-37198399|strand=-|gene=HPGDS
80	93	85	99	86.667	15	17.0	27	Exon_02|rel=3029-3127|len=99	NC_006091.5:37169060-37198399|strand=-|gene=HPGDS
69	82	814	828	86.667	15	17.0	27	Exon_02|rel=3029-3127|len=99	NC_006091.5:37169060-37198399|strand=-|gene=HPGDS
38	49	1362	1373	91.667	12	17.0	27	Exon_02|rel=3029-3127|len=99	NC_006091.5:37169060-37198399|strand=-|gene=HPGDS
85	96	22624	22635	91.667	12	17.0	27	Exon_02|rel=3029-3127|len=99	NC_006091.5:37169060-37198399|strand=-|gene=HPGDS
45	56	28742	28753	91.667	12	17.0	27	Exon_02|rel=3029-3127|len=99	NC_006091.5:37169060-37198399|strand=-|gene=HPGDS
4	15	28914	28925	91.667	12	17.0	27	Exon_02|rel=3029-3127|len=99	NC_006091.5:37169060-37198399|strand=-|gene=HPGDS
49	57	158	150	100.000	9	16.2	27	Exon_02|rel=3029-3127|len=99	NC_006091.5:37169060-37198399|strand=-|gene=HPGDS
10	18	1447	1439	100.000	9	16.2	27	Exon_02|rel=3029-3127|len=99	NC_006091.5:37169060-37198399|strand=-|gene=HPGDS
49	59	1647	1658	91.667	12	16.2	27	Exon_02|rel=3029-3127|len=99	NC_006091.5:37169060-37198399|strand=-|gene=HPGDS
12	23	1933	1943	91.667	12	16.2	27	Exon_02|rel=3029-3127|len=99	NC_006091.5:37169060-37198399|strand=-|gene=HPGDS
29	37	3189	3181	100.000	9	16.2	27	Exon_02|rel=3029-3127|len=99	NC_006091.5:37169060-37198399|strand=-|gene=HPGDS
41	49	3586	3578	100.000	9	16.2	27	Exon_02|rel=3029-3127|len=99	NC_006091.5:37169060-37198399|strand=-|gene=HPGDS
24	37	5003	5016	85.714	14	16.2	27	Exon_02|rel=3029-3127|len=99	NC_006091.5:37169060-37198399|strand=-|gene=HPGDS
43	51	5307	5299	100.000	9	16.2	27	Exon_02|rel=3029-3127|len=99	NC_006091.5:37169060-37198399|strand=-|gene=HPGDS
1	9	5465	5457	100.000	9	16.2	27	Exon_02|rel=3029-3127|len=99	NC_006091.5:37169060-37198399|strand=-|gene=HPGDS
91	99	8195	8203	100.000	9	16.2	27	Exon_02|rel=3029-3127|len=99	NC_006091.5:37169060-37198399|strand=-|gene=HPGDS
44	55	10983	10993	91.667	12	16.2	27	Exon_02|rel=3029-3127|len=99	NC_006091.5:37169060-37198399|strand=-|gene=HPGDS
36	44	12934	12926	100.000	9	16.2	27	Exon_02|rel=3029-3127|len=99	NC_006091.5:37169060-37198399|strand=-|gene=HPGDS
7	15	13601	13609	100.000	9	16.2	27	Exon_02|rel=3029-3127|len=99	NC_006091.5:37169060-37198399|strand=-|gene=HPGDS
32	40	13993	13985	100.000	9	16.2	27	Exon_02|rel=3029-3127|len=99	NC_006091.5:37169060-37198399|strand=-|gene=HPGDS
83	91	14681	14673	100.000	9	16.2	27	Exon_02|rel=3029-3127|len=99	NC_006091.5:37169060-37198399|strand=-|gene=HPGDS
39	47	16817	16809	100.000	9	16.2	27	Exon_02|rel=3029-3127|len=99	NC_006091.5:37169060-37198399|strand=-|gene=HPGDS
47	55	17576	17568	100.000	9	16.2	27	Exon_02|rel=3029-3127|len=99	NC_006091.5:37169060-37198399|strand=-|gene=HPGDS
90	98	17582	17574	100.000	9	16.2	27	Exon_02|rel=3029-3127|len=99	NC_006091.5:37169060-37198399|strand=-|gene=HPGDS
87	95	17774	17766	100.000	9	16.2	27	Exon_02|rel=3029-3127|len=99	NC_006091.5:37169060-37198399|strand=-|gene=HPGDS
8	16	19529	19521	100.000	9	16.2	27	Exon_02|rel=3029-3127|len=99	NC_006091.5:37169060-37198399|strand=-|gene=HPGDS
76	84	20184	20176	100.000	9	16.2	27	Exon_02|rel=3029-3127|len=99	NC_006091.5:37169060-37198399|strand=-|gene=HPGDS
11	19	21330	21322	100.000	9	16.2	27	Exon_02|rel=3029-3127|len=99	NC_006091.5:37169060-37198399|strand=-|gene=HPGDS
37	51	23177	23162	82.353	17	16.2	27	Exon_02|rel=3029-3127|len=99	NC_006091.5:37169060-37198399|strand=-|gene=HPGDS
12	20	27412	27420	100.000	9	16.2	27	Exon_02|rel=3029-3127|len=99	NC_006091.5:37169060-37198399|strand=-|gene=HPGDS
91	99	28945	28937	100.000	9	16.2	27	Exon_02|rel=3029-3127|len=99	NC_006091.5:37169060-37198399|strand=-|gene=HPGDS
21	31	3963	3973	90.909	11	15.5	77	Exon_02|rel=3029-3127|len=99	NC_006091.5:37169060-37198399|strand=-|gene=HPGDS
44	54	5460	5470	90.909	11	15.5	77	Exon_02|rel=3029-3127|len=99	NC_006091.5:37169060-37198399|strand=-|gene=HPGDS
32	47	7895	7910	81.250	16	15.5	77	Exon_02|rel=3029-3127|len=99	NC_006091.5:37169060-37198399|strand=-|gene=HPGDS
84	99	9711	9696	81.250	16	15.5	77	Exon_02|rel=3029-3127|len=99	NC_006091.5:37169060-37198399|strand=-|gene=HPGDS
88	98	9863	9873	90.909	11	15.5	77	Exon_02|rel=3029-3127|len=99	NC_006091.5:37169060-37198399|strand=-|gene=HPGDS
73	83	12801	12791	90.909	11	15.5	77	Exon_02|rel=3029-3127|len=99	NC_006091.5:37169060-37198399|strand=-|gene=HPGDS
73	83	15404	15414	90.909	11	15.5	77	Exon_02|rel=3029-3127|len=99	NC_006091.5:37169060-37198399|strand=-|gene=HPGDS
11	21	17018	17028	90.909	11	15.5	77	Exon_02|rel=3029-3127|len=99	NC_006091.5:37169060-37198399|strand=-|gene=HPGDS
77	87	19102	19112	90.909	11	15.5	77	Exon_02|rel=3029-3127|len=99	NC_006091.5:37169060-37198399|strand=-|gene=HPGDS
68	94	21816	21840	74.074	27	15.5	77	Exon_02|rel=3029-3127|len=99	NC_006091.5:37169060-37198399|strand=-|gene=HPGDS
44	57	22593	22578	81.250	16	15.5	77	Exon_02|rel=3029-3127|len=99	NC_006091.5:37169060-37198399|strand=-|gene=HPGDS
50	60	23183	23173	90.909	11	15.5	77	Exon_02|rel=3029-3127|len=99	NC_006091.5:37169060-37198399|strand=-|gene=HPGDS
13	23	24030	24020	90.909	11	15.5	77	Exon_02|rel=3029-3127|len=99	NC_006091.5:37169060-37198399|strand=-|gene=HPGDS
49	59	27054	27044	90.909	11	15.5	77	Exon_02|rel=3029-3127|len=99	NC_006091.5:37169060-37198399|strand=-|gene=HPGDS
83	96	29022	29034	85.714	14	15.5	77	Exon_02|rel=3029-3127|len=99	NC_006091.5:37169060-37198399|strand=-|gene=HPGDS
35	42	1986	1993	100.000	8	14.7	77	Exon_02|rel=3029-3127|len=99	NC_006091.5:37169060-37198399|strand=-|gene=HPGDS
8	15	2379	2372	100.000	8	14.7	77	Exon_02|rel=3029-3127|len=99	NC_006091.5:37169060-37198399|strand=-|gene=HPGDS
11	18	2552	2545	100.000	8	14.7	77	Exon_02|rel=3029-3127|len=99	NC_006091.5:37169060-37198399|strand=-|gene=HPGDS
14	21	2860	2867	100.000	8	14.7	77	Exon_02|rel=3029-3127|len=99	NC_006091.5:37169060-37198399|strand=-|gene=HPGDS
89	96	3124	3117	100.000	8	14.7	77	Exon_02|rel=3029-3127|len=99	NC_006091.5:37169060-37198399|strand=-|gene=HPGDS
78	85	3288	3281	100.000	8	14.7	77	Exon_02|rel=3029-3127|len=99	NC_006091.5:37169060-37198399|strand=-|gene=HPGDS
69	76	3845	3852	100.000	8	14.7	77	Exon_02|rel=3029-3127|len=99	NC_006091.5:37169060-37198399|strand=-|gene=HPGDS
35	42	5117	5124	100.000	8	14.7	77	Exon_02|rel=3029-3127|len=99	NC_006091.5:37169060-37198399|strand=-|gene=HPGDS
47	54	6200	6207	100.000	8	14.7	77	Exon_02|rel=3029-3127|len=99	NC_006091.5:37169060-37198399|strand=-|gene=HPGDS
69	76	6887	6880	100.000	8	14.7	77	Exon_02|rel=3029-3127|len=99	NC_006091.5:37169060-37198399|strand=-|gene=HPGDS
83	90	7048	7041	100.000	8	14.7	77	Exon_02|rel=3029-3127|len=99	NC_006091.5:37169060-37198399|strand=-|gene=HPGDS
44	51	7960	7967	100.000	8	14.7	77	Exon_02|rel=3029-3127|len=99	NC_006091.5:37169060-37198399|strand=-|gene=HPGDS
78	85	8946	8953	100.000	8	14.7	77	Exon_02|rel=3029-3127|len=99	NC_006091.5:37169060-37198399|strand=-|gene=HPGDS
41	48	9267	9274	100.000	8	14.7	77	Exon_02|rel=3029-3127|len=99	NC_006091.5:37169060-37198399|strand=-|gene=HPGDS
17	24	9299	9292	100.000	8	14.7	77	Exon_02|rel=3029-3127|len=99	NC_006091.5:37169060-37198399|strand=-|gene=HPGDS
31	38	10783	10776	100.000	8	14.7	77	Exon_02|rel=3029-3127|len=99	NC_006091.5:37169060-37198399|strand=-|gene=HPGDS
1	8	11309	11316	100.000	8	14.7	77	Exon_02|rel=3029-3127|len=99	NC_006091.5:37169060-37198399|strand=-|gene=HPGDS
86	93	12962	12969	100.000	8	14.7	77	Exon_02|rel=3029-3127|len=99	NC_006091.5:37169060-37198399|strand=-|gene=HPGDS
76	83	13131	13138	100.000	8	14.7	77	Exon_02|rel=3029-3127|len=99	NC_006091.5:37169060-37198399|strand=-|gene=HPGDS
17	24	13524	13517	100.000	8	14.7	77	Exon_02|rel=3029-3127|len=99	NC_006091.5:37169060-37198399|strand=-|gene=HPGDS
80	87	13571	13564	100.000	8	14.7	77	Exon_02|rel=3029-3127|len=99	NC_006091.5:37169060-37198399|strand=-|gene=HPGDS
30	37	13880	13887	100.000	8	14.7	77	Exon_02|rel=3029-3127|len=99	NC_006091.5:37169060-37198399|strand=-|gene=HPGDS
31	38	14128	14121	100.000	8	14.7	77	Exon_02|rel=3029-3127|len=99	NC_006091.5:37169060-37198399|strand=-|gene=HPGDS
72	79	14430	14423	100.000	8	14.7	77	Exon_02|rel=3029-3127|len=99	NC_006091.5:37169060-37198399|strand=-|gene=HPGDS
6	13	15096	15089	100.000	8	14.7	77	Exon_02|rel=3029-3127|len=99	NC_006091.5:37169060-37198399|strand=-|gene=HPGDS
70	77	15427	15420	100.000	8	14.7	77	Exon_02|rel=3029-3127|len=99	NC_006091.5:37169060-37198399|strand=-|gene=HPGDS
44	51	15669	15676	100.000	8	14.7	77	Exon_02|rel=3029-3127|len=99	NC_006091.5:37169060-37198399|strand=-|gene=HPGDS
47	54	15914	15921	100.000	8	14.7	77	Exon_02|rel=3029-3127|len=99	NC_006091.5:37169060-37198399|strand=-|gene=HPGDS
26	33	16520	16527	100.000	8	14.7	77	Exon_02|rel=3029-3127|len=99	NC_006091.5:37169060-37198399|strand=-|gene=HPGDS
80	87	17928	17935	100.000	8	14.7	77	Exon_02|rel=3029-3127|len=99	NC_006091.5:37169060-37198399|strand=-|gene=HPGDS
90	97	18180	18173	100.000	8	14.7	77	Exon_02|rel=3029-3127|len=99	NC_006091.5:37169060-37198399|strand=-|gene=HPGDS
76	83	18676	18683	100.000	8	14.7	77	Exon_02|rel=3029-3127|len=99	NC_006091.5:37169060-37198399|strand=-|gene=HPGDS
19	26	19123	19130	100.000	8	14.7	77	Exon_02|rel=3029-3127|len=99	NC_006091.5:37169060-37198399|strand=-|gene=HPGDS
7	14	19444	19451	100.000	8	14.7	77	Exon_02|rel=3029-3127|len=99	NC_006091.5:37169060-37198399|strand=-|gene=HPGDS
79	86	19477	19470	100.000	8	14.7	77	Exon_02|rel=3029-3127|len=99	NC_006091.5:37169060-37198399|strand=-|gene=HPGDS
45	52	19619	19612	100.000	8	14.7	77	Exon_02|rel=3029-3127|len=99	NC_006091.5:37169060-37198399|strand=-|gene=HPGDS
31	38	20063	20056	100.000	8	14.7	77	Exon_02|rel=3029-3127|len=99	NC_006091.5:37169060-37198399|strand=-|gene=HPGDS
86	95	20817	20807	90.909	11	14.7	77	Exon_02|rel=3029-3127|len=99	NC_006091.5:37169060-37198399|strand=-|gene=HPGDS
88	95	20831	20824	100.000	8	14.7	77	Exon_02|rel=3029-3127|len=99	NC_006091.5:37169060-37198399|strand=-|gene=HPGDS
84	91	21830	21823	100.000	8	14.7	77	Exon_02|rel=3029-3127|len=99	NC_006091.5:37169060-37198399|strand=-|gene=HPGDS
44	51	21878	21871	100.000	8	14.7	77	Exon_02|rel=3029-3127|len=99	NC_006091.5:37169060-37198399|strand=-|gene=HPGDS
16	23	22081	22074	100.000	8	14.7	77	Exon_02|rel=3029-3127|len=99	NC_006091.5:37169060-37198399|strand=-|gene=HPGDS
24	31	22352	22359	100.000	8	14.7	77	Exon_02|rel=3029-3127|len=99	NC_006091.5:37169060-37198399|strand=-|gene=HPGDS
89	96	22450	22457	100.000	8	14.7	77	Exon_02|rel=3029-3127|len=99	NC_006091.5:37169060-37198399|strand=-|gene=HPGDS
89	96	22635	22628	100.000	8	14.7	77	Exon_02|rel=3029-3127|len=99	NC_006091.5:37169060-37198399|strand=-|gene=HPGDS
5	12	23300	23293	100.000	8	14.7	77	Exon_02|rel=3029-3127|len=99	NC_006091.5:37169060-37198399|strand=-|gene=HPGDS
26	33	23365	23372	100.000	8	14.7	77	Exon_02|rel=3029-3127|len=99	NC_006091.5:37169060-37198399|strand=-|gene=HPGDS
37	44	23733	23740	100.000	8	14.7	77	Exon_02|rel=3029-3127|len=99	NC_006091.5:37169060-37198399|strand=-|gene=HPGDS
11	18	24121	24128	100.000	8	14.7	77	Exon_02|rel=3029-3127|len=99	NC_006091.5:37169060-37198399|strand=-|gene=HPGDS
84	91	24490	24497	100.000	8	14.7	77	Exon_02|rel=3029-3127|len=99	NC_006091.5:37169060-37198399|strand=-|gene=HPGDS
33	40	25179	25172	100.000	8	14.7	77	Exon_02|rel=3029-3127|len=99	NC_006091.5:37169060-37198399|strand=-|gene=HPGDS
61	68	25220	25227	100.000	8	14.7	77	Exon_02|rel=3029-3127|len=99	NC_006091.5:37169060-37198399|strand=-|gene=HPGDS
36	43	25582	25589	100.000	8	14.7	77	Exon_02|rel=3029-3127|len=99	NC_006091.5:37169060-37198399|strand=-|gene=HPGDS
18	25	26364	26357	100.000	8	14.7	77	Exon_02|rel=3029-3127|len=99	NC_006091.5:37169060-37198399|strand=-|gene=HPGDS
32	39	27253	27260	100.000	8	14.7	77	Exon_02|rel=3029-3127|len=99	NC_006091.5:37169060-37198399|strand=-|gene=HPGDS
53	60	27360	27353	100.000	8	14.7	77	Exon_02|rel=3029-3127|len=99	NC_006091.5:37169060-37198399|strand=-|gene=HPGDS
84	91	27688	27695	100.000	8	14.7	77	Exon_02|rel=3029-3127|len=99	NC_006091.5:37169060-37198399|strand=-|gene=HPGDS
65	72	27989	27982	100.000	8	14.7	77	Exon_02|rel=3029-3127|len=99	NC_006091.5:37169060-37198399|strand=-|gene=HPGDS
8	15	28682	28675	100.000	8	14.7	77	Exon_02|rel=3029-3127|len=99	NC_006091.5:37169060-37198399|strand=-|gene=HPGDS
88	95	28957	28950	100.000	8	14.7	77	Exon_02|rel=3029-3127|len=99	NC_006091.5:37169060-37198399|strand=-|gene=HPGDS
77	89	29004	28992	84.615	13	14.7	77	Exon_02|rel=3029-3127|len=99	NC_006091.5:37169060-37198399|strand=-|gene=HPGDS
19	26	29315	29308	100.000	8	14.7	77	Exon_02|rel=3029-3127|len=99	NC_006091.5:37169060-37198399|strand=-|gene=HPGDS
1	110	5649	5758	100.000	110	166	2.07e-44	Exon_03|rel=5649-5758|len=110	NC_006091.5:37169060-37198399|strand=-|gene=HPGDS
33	57	15766	15788	84.000	25	23.6	0.18	Exon_03|rel=5649-5758|len=110	NC_006091.5:37169060-37198399|strand=-|gene=HPGDS
60	77	545	562	89.474	19	22.2	0.51	Exon_03|rel=5649-5758|len=110	NC_006091.5:37169060-37198399|strand=-|gene=HPGDS
72	110	2396	2357	74.419	43	22.2	0.51	Exon_03|rel=5649-5758|len=110	NC_006091.5:37169060-37198399|strand=-|gene=HPGDS
78	100	17681	17659	83.333	24	22.2	0.51	Exon_03|rel=5649-5758|len=110	NC_006091.5:37169060-37198399|strand=-|gene=HPGDS
26	41	17667	17683	88.235	17	19.9	4.0	Exon_03|rel=5649-5758|len=110	NC_006091.5:37169060-37198399|strand=-|gene=HPGDS
76	92	17747	17732	88.235	17	19.9	4.0	Exon_03|rel=5649-5758|len=110	NC_006091.5:37169060-37198399|strand=-|gene=HPGDS
40	55	2943	2958	88.235	17	19.2	4.0	Exon_03|rel=5649-5758|len=110	NC_006091.5:37169060-37198399|strand=-|gene=HPGDS
24	39	4302	4317	87.500	16	19.2	4.0	Exon_03|rel=5649-5758|len=110	NC_006091.5:37169060-37198399|strand=-|gene=HPGDS
24	39	9690	9705	88.235	17	19.2	4.0	Exon_03|rel=5649-5758|len=110	NC_006091.5:37169060-37198399|strand=-|gene=HPGDS
53	68	11453	11438	87.500	16	19.2	4.0	Exon_03|rel=5649-5758|len=110	NC_006091.5:37169060-37198399|strand=-|gene=HPGDS
90	103	25924	25912	92.857	14	19.2	4.0	Exon_03|rel=5649-5758|len=110	NC_006091.5:37169060-37198399|strand=-|gene=HPGDS
5	25	19108	19083	76.923	26	18.4	11	Exon_03|rel=5649-5758|len=110	NC_006091.5:37169060-37198399|strand=-|gene=HPGDS
38	55	20862	20879	84.211	19	18.4	11	Exon_03|rel=5649-5758|len=110	NC_006091.5:37169060-37198399|strand=-|gene=HPGDS
28	37	3898	3889	100.000	10	17.7	11	Exon_03|rel=5649-5758|len=110	NC_006091.5:37169060-37198399|strand=-|gene=HPGDS
68	77	5432	5423	100.000	10	17.7	11	Exon_03|rel=5649-5758|len=110	NC_006091.5:37169060-37198399|strand=-|gene=HPGDS
33	52	7036	7017	80.952	21	17.7	11	Exon_03|rel=5649-5758|len=110	NC_006091.5:37169060-37198399|strand=-|gene=HPGDS
21	30	14340	14349	100.000	10	17.7	11	Exon_03|rel=5649-5758|len=110	NC_006091.5:37169060-37198399|strand=-|gene=HPGDS
48	75	17679	17702	72.414	29	17.7	11	Exon_03|rel=5649-5758|len=110	NC_006091.5:37169060-37198399|strand=-|gene=HPGDS
7	21	23934	23920	86.667	15	17.7	11	Exon_03|rel=5649-5758|len=110	NC_006091.5:37169060-37198399|strand=-|gene=HPGDS
47	56	26563	26554	100.000	10	17.7	11	Exon_03|rel=5649-5758|len=110	NC_006091.5:37169060-37198399|strand=-|gene=HPGDS
41	59	797	816	80.000	20	17.0	31	Exon_03|rel=5649-5758|len=110	NC_006091.5:37169060-37198399|strand=-|gene=HPGDS
10	23	1392	1406	86.667	15	17.0	31	Exon_03|rel=5649-5758|len=110	NC_006091.5:37169060-37198399|strand=-|gene=HPGDS
53	64	7547	7536	91.667	12	17.0	31	Exon_03|rel=5649-5758|len=110	NC_006091.5:37169060-37198399|strand=-|gene=HPGDS
5	16	21484	21495	91.667	12	17.0	31	Exon_03|rel=5649-5758|len=110	NC_006091.5:37169060-37198399|strand=-|gene=HPGDS
39	47	88	96	100.000	9	16.2	31	Exon_03|rel=5649-5758|len=110	NC_006091.5:37169060-37198399|strand=-|gene=HPGDS
22	30	1090	1098	100.000	9	16.2	31	Exon_03|rel=5649-5758|len=110	NC_006091.5:37169060-37198399|strand=-|gene=HPGDS
96	104	3232	3240	100.000	9	16.2	31	Exon_03|rel=5649-5758|len=110	NC_006091.5:37169060-37198399|strand=-|gene=HPGDS
60	68	5447	5455	100.000	9	16.2	31	Exon_03|rel=5649-5758|len=110	NC_006091.5:37169060-37198399|strand=-|gene=HPGDS
87	100	6506	6519	85.714	14	16.2	31	Exon_03|rel=5649-5758|len=110	NC_006091.5:37169060-37198399|strand=-|gene=HPGDS
10	18	7588	7596	100.000	9	16.2	31	Exon_03|rel=5649-5758|len=110	NC_006091.5:37169060-37198399|strand=-|gene=HPGDS
9	29	7787	7804	76.190	21	16.2	31	Exon_03|rel=5649-5758|len=110	NC_006091.5:37169060-37198399|strand=-|gene=HPGDS
12	20	8159	8167	100.000	9	16.2	31	Exon_03|rel=5649-5758|len=110	NC_006091.5:37169060-37198399|strand=-|gene=HPGDS
78	86	8545	8537	100.000	9	16.2	31	Exon_03|rel=5649-5758|len=110	NC_006091.5:37169060-37198399|strand=-|gene=HPGDS
79	87	8575	8567	100.000	9	16.2	31	Exon_03|rel=5649-5758|len=110	NC_006091.5:37169060-37198399|strand=-|gene=HPGDS
73	86	8807	8794	85.714	14	16.2	31	Exon_03|rel=5649-5758|len=110	NC_006091.5:37169060-37198399|strand=-|gene=HPGDS
27	48	9380	9398	77.273	22	16.2	31	Exon_03|rel=5649-5758|len=110	NC_006091.5:37169060-37198399|strand=-|gene=HPGDS
14	22	9839	9831	100.000	9	16.2	31	Exon_03|rel=5649-5758|len=110	NC_006091.5:37169060-37198399|strand=-|gene=HPGDS
94	105	10295	10308	85.714	14	16.2	31	Exon_03|rel=5649-5758|len=110	NC_006091.5:37169060-37198399|strand=-|gene=HPGDS
54	64	10517	10528	91.667	12	16.2	31	Exon_03|rel=5649-5758|len=110	NC_006091.5:37169060-37198399|strand=-|gene=HPGDS
96	104	10588	10596	100.000	9	16.2	31	Exon_03|rel=5649-5758|len=110	NC_006091.5:37169060-37198399|strand=-|gene=HPGDS
76	84	10836	10844	100.000	9	16.2	31	Exon_03|rel=5649-5758|len=110	NC_006091.5:37169060-37198399|strand=-|gene=HPGDS
64	72	11403	11395	100.000	9	16.2	31	Exon_03|rel=5649-5758|len=110	NC_006091.5:37169060-37198399|strand=-|gene=HPGDS
20	28	12831	12839	100.000	9	16.2	31	Exon_03|rel=5649-5758|len=110	NC_006091.5:37169060-37198399|strand=-|gene=HPGDS
44	52	13948	13940	100.000	9	16.2	31	Exon_03|rel=5649-5758|len=110	NC_006091.5:37169060-37198399|strand=-|gene=HPGDS
21	31	14410	14399	91.667	12	16.2	31	Exon_03|rel=5649-5758|len=110	NC_006091.5:37169060-37198399|strand=-|gene=HPGDS
22	43	15891	15871	78.261	23	16.2	31	Exon_03|rel=5649-5758|len=110	NC_006091.5:37169060-37198399|strand=-|gene=HPGDS
5	25	19247	19230	76.190	21	16.2	31	Exon_03|rel=5649-5758|len=110	NC_006091.5:37169060-37198399|strand=-|gene=HPGDS
96	104	21420	21428	100.000	9	16.2	31	Exon_03|rel=5649-5758|len=110	NC_006091.5:37169060-37198399|strand=-|gene=HPGDS
102	110	23711	23703	100.000	9	16.2	31	Exon_03|rel=5649-5758|len=110	NC_006091.5:37169060-37198399|strand=-|gene=HPGDS
39	50	23973	23960	85.714	14	16.2	31	Exon_03|rel=5649-5758|len=110	NC_006091.5:37169060-37198399|strand=-|gene=HPGDS
11	19	23961	23969	100.000	9	16.2	31	Exon_03|rel=5649-5758|len=110	NC_006091.5:37169060-37198399|strand=-|gene=HPGDS
25	33	24231	24239	100.000	9	16.2	31	Exon_03|rel=5649-5758|len=110	NC_006091.5:37169060-37198399|strand=-|gene=HPGDS
23	38	25308	25296	81.250	16	16.2	31	Exon_03|rel=5649-5758|len=110	NC_006091.5:37169060-37198399|strand=-|gene=HPGDS
50	63	25639	25652	85.714	14	16.2	31	Exon_03|rel=5649-5758|len=110	NC_006091.5:37169060-37198399|strand=-|gene=HPGDS
13	21	26478	26470	100.000	9	16.2	31	Exon_03|rel=5649-5758|len=110	NC_006091.5:37169060-37198399|strand=-|gene=HPGDS
60	68	28763	28755	100.000	9	16.2	31	Exon_03|rel=5649-5758|len=110	NC_006091.5:37169060-37198399|strand=-|gene=HPGDS
9	17	29014	29022	100.000	9	16.2	31	Exon_03|rel=5649-5758|len=110	NC_006091.5:37169060-37198399|strand=-|gene=HPGDS
19	29	691	681	90.909	11	15.5	88	Exon_03|rel=5649-5758|len=110	NC_006091.5:37169060-37198399|strand=-|gene=HPGDS
13	28	1307	1292	81.250	16	15.5	88	Exon_03|rel=5649-5758|len=110	NC_006091.5:37169060-37198399|strand=-|gene=HPGDS
70	80	2414	2424	90.909	11	15.5	88	Exon_03|rel=5649-5758|len=110	NC_006091.5:37169060-37198399|strand=-|gene=HPGDS
41	51	4709	4719	90.909	11	15.5	88	Exon_03|rel=5649-5758|len=110	NC_006091.5:37169060-37198399|strand=-|gene=HPGDS
11	21	5928	5938	90.909	11	15.5	88	Exon_03|rel=5649-5758|len=110	NC_006091.5:37169060-37198399|strand=-|gene=HPGDS
4	14	6780	6770	90.909	11	15.5	88	Exon_03|rel=5649-5758|len=110	NC_006091.5:37169060-37198399|strand=-|gene=HPGDS
18	28	6802	6812	90.909	11	15.5	88	Exon_03|rel=5649-5758|len=110	NC_006091.5:37169060-37198399|strand=-|gene=HPGDS
1	21	8720	8704	76.190	21	15.5	88	Exon_03|rel=5649-5758|len=110	NC_006091.5:37169060-37198399|strand=-|gene=HPGDS
66	88	8953	8930	75.000	24	15.5	88	Exon_03|rel=5649-5758|len=110	NC_006091.5:37169060-37198399|strand=-|gene=HPGDS
2	12	9476	9466	90.909	11	15.5	88	Exon_03|rel=5649-5758|len=110	NC_006091.5:37169060-37198399|strand=-|gene=HPGDS
90	105	15974	15989	81.250	16	15.5	88	Exon_03|rel=5649-5758|len=110	NC_006091.5:37169060-37198399|strand=-|gene=HPGDS
8	18	16086	16096	90.909	11	15.5	88	Exon_03|rel=5649-5758|len=110	NC_006091.5:37169060-37198399|strand=-|gene=HPGDS
81	91	18332	18342	90.909	11	15.5	88	Exon_03|rel=5649-5758|len=110	NC_006091.5:37169060-37198399|strand=-|gene=HPGDS
92	104	19195	19208	85.714	14	15.5	88	Exon_03|rel=5649-5758|len=110	NC_006091.5:37169060-37198399|strand=-|gene=HPGDS
68	81	19393	19381	85.714	14	15.5	88	Exon_03|rel=5649-5758|len=110	NC_006091.5:37169060-37198399|strand=-|gene=HPGDS
18	33	21156	21138	78.947	19	15.5	88	Exon_03|rel=5649-5758|len=110	NC_006091.5:37169060-37198399|strand=-|gene=HPGDS
32	54	22606	22583	75.000	24	15.5	88	Exon_03|rel=5649-5758|len=110	NC_006091.5:37169060-37198399|strand=-|gene=HPGDS
8	23	22788	22773	81.250	16	15.5	88	Exon_03|rel=5649-5758|len=110	NC_006091.5:37169060-37198399|strand=-|gene=HPGDS
35	45	25230	25240	90.909	11	15.5	88	Exon_03|rel=5649-5758|len=110	NC_006091.5:37169060-37198399|strand=-|gene=HPGDS
77	87	25289	25279	90.909	11	15.5	88	Exon_03|rel=5649-5758|len=110	NC_006091.5:37169060-37198399|strand=-|gene=HPGDS
65	75	26880	26890	90.909	11	15.5	88	Exon_03|rel=5649-5758|len=110	NC_006091.5:37169060-37198399|strand=-|gene=HPGDS
72	79	648	655	100.000	8	14.7	88	Exon_03|rel=5649-5758|len=110	NC_006091.5:37169060-37198399|strand=-|gene=HPGDS
97	104	714	721	100.000	8	14.7	88	Exon_03|rel=5649-5758|len=110	NC_006091.5:37169060-37198399|strand=-|gene=HPGDS
91	98	1105	1112	100.000	8	14.7	88	Exon_03|rel=5649-5758|len=110	NC_006091.5:37169060-37198399|strand=-|gene=HPGDS
85	92	1585	1578	100.000	8	14.7	88	Exon_03|rel=5649-5758|len=110	NC_006091.5:37169060-37198399|strand=-|gene=HPGDS
21	28	1831	1824	100.000	8	14.7	88	Exon_03|rel=5649-5758|len=110	NC_006091.5:37169060-37198399|strand=-|gene=HPGDS
14	21	2028	2035	100.000	8	14.7	88	Exon_03|rel=5649-5758|len=110	NC_006091.5:37169060-37198399|strand=-|gene=HPGDS
11	23	2488	2500	84.615	13	14.7	88	Exon_03|rel=5649-5758|len=110	NC_006091.5:37169060-37198399|strand=-|gene=HPGDS
96	103	4965	4958	100.000	8	14.7	88	Exon_03|rel=5649-5758|len=110	NC_006091.5:37169060-37198399|strand=-|gene=HPGDS
66	73	5078	5071	100.000	8	14.7	88	Exon_03|rel=5649-5758|len=110	NC_006091.5:37169060-37198399|strand=-|gene=HPGDS
34	41	5434	5427	100.000	8	14.7	88	Exon_03|rel=5649-5758|len=110	NC_006091.5:37169060-37198399|strand=-|gene=HPGDS
24	31	5560	5567	100.000	8	14.7	88	Exon_03|rel=5649-5758|len=110	NC_006091.5:37169060-37198399|strand=-|gene=HPGDS
85	92	5595	5588	100.000	8	14.7	88	Exon_03|rel=5649-5758|len=110	NC_006091.5:37169060-37198399|strand=-|gene=HPGDS
25	32	6080	6073	100.000	8	14.7	88	Exon_03|rel=5649-5758|len=110	NC_006091.5:37169060-37198399|strand=-|gene=HPGDS
55	62	6349	6342	100.000	8	14.7	88	Exon_03|rel=5649-5758|len=110	NC_006091.5:37169060-37198399|strand=-|gene=HPGDS
64	71	6362	6355	100.000	8	14.7	88	Exon_03|rel=5649-5758|len=110	NC_006091.5:37169060-37198399|strand=-|gene=HPGDS
94	101	6824	6831	100.000	8	14.7	88	Exon_03|rel=5649-5758|len=110	NC_006091.5:37169060-37198399|strand=-|gene=HPGDS
27	34	7331	7338	100.000	8	14.7	88	Exon_03|rel=5649-5758|len=110	NC_006091.5:37169060-37198399|strand=-|gene=HPGDS
42	49	7533	7526	100.000	8	14.7	88	Exon_03|rel=5649-5758|len=110	NC_006091.5:37169060-37198399|strand=-|gene=HPGDS
16	23	8911	8918	100.000	8	14.7	88	Exon_03|rel=5649-5758|len=110	NC_006091.5:37169060-37198399|strand=-|gene=HPGDS
17	24	9256	9263	100.000	8	14.7	88	Exon_03|rel=5649-5758|len=110	NC_006091.5:37169060-37198399|strand=-|gene=HPGDS
40	47	9322	9315	100.000	8	14.7	88	Exon_03|rel=5649-5758|len=110	NC_006091.5:37169060-37198399|strand=-|gene=HPGDS
1	8	9754	9761	100.000	8	14.7	88	Exon_03|rel=5649-5758|len=110	NC_006091.5:37169060-37198399|strand=-|gene=HPGDS
88	100	10133	10145	84.615	13	14.7	88	Exon_03|rel=5649-5758|len=110	NC_006091.5:37169060-37198399|strand=-|gene=HPGDS
102	109	10195	10202	100.000	8	14.7	88	Exon_03|rel=5649-5758|len=110	NC_006091.5:37169060-37198399|strand=-|gene=HPGDS
15	22	10744	10751	100.000	8	14.7	88	Exon_03|rel=5649-5758|len=110	NC_006091.5:37169060-37198399|strand=-|gene=HPGDS
13	20	10820	10827	100.000	8	14.7	88	Exon_03|rel=5649-5758|len=110	NC_006091.5:37169060-37198399|strand=-|gene=HPGDS
20	27	11008	11001	100.000	8	14.7	88	Exon_03|rel=5649-5758|len=110	NC_006091.5:37169060-37198399|strand=-|gene=HPGDS
32	39	11696	11689	100.000	8	14.7	88	Exon_03|rel=5649-5758|len=110	NC_006091.5:37169060-37198399|strand=-|gene=HPGDS
32	39	12375	12382	100.000	8	14.7	88	Exon_03|rel=5649-5758|len=110	NC_006091.5:37169060-37198399|strand=-|gene=HPGDS
32	39	12580	12587	100.000	8	14.7	88	Exon_03|rel=5649-5758|len=110	NC_006091.5:37169060-37198399|strand=-|gene=HPGDS
13	20	13216	13223	100.000	8	14.7	88	Exon_03|rel=5649-5758|len=110	NC_006091.5:37169060-37198399|strand=-|gene=HPGDS
57	64	14029	14022	100.000	8	14.7	88	Exon_03|rel=5649-5758|len=110	NC_006091.5:37169060-37198399|strand=-|gene=HPGDS
46	53	14273	14280	100.000	8	14.7	88	Exon_03|rel=5649-5758|len=110	NC_006091.5:37169060-37198399|strand=-|gene=HPGDS
11	18	14679	14686	100.000	8	14.7	88	Exon_03|rel=5649-5758|len=110	NC_006091.5:37169060-37198399|strand=-|gene=HPGDS
4	11	15415	15408	100.000	8	14.7	88	Exon_03|rel=5649-5758|len=110	NC_006091.5:37169060-37198399|strand=-|gene=HPGDS
31	38	16318	16311	100.000	8	14.7	88	Exon_03|rel=5649-5758|len=110	NC_006091.5:37169060-37198399|strand=-|gene=HPGDS
89	96	16482	16489	100.000	8	14.7	88	Exon_03|rel=5649-5758|len=110	NC_006091.5:37169060-37198399|strand=-|gene=HPGDS
78	85	16891	16898	100.000	8	14.7	88	Exon_03|rel=5649-5758|len=110	NC_006091.5:37169060-37198399|strand=-|gene=HPGDS
97	104	17479	17486	100.000	8	14.7	88	Exon_03|rel=5649-5758|len=110	NC_006091.5:37169060-37198399|strand=-|gene=HPGDS
5	17	17514	17526	84.615	13	14.7	88	Exon_03|rel=5649-5758|len=110	NC_006091.5:37169060-37198399|strand=-|gene=HPGDS
29	36	17727	17734	100.000	8	14.7	88	Exon_03|rel=5649-5758|len=110	NC_006091.5:37169060-37198399|strand=-|gene=HPGDS
15	22	17870	17877	100.000	8	14.7	88	Exon_03|rel=5649-5758|len=110	NC_006091.5:37169060-37198399|strand=-|gene=HPGDS
39	46	18320	18327	100.000	8	14.7	88	Exon_03|rel=5649-5758|len=110	NC_006091.5:37169060-37198399|strand=-|gene=HPGDS
25	32	18428	18435	100.000	8	14.7	88	Exon_03|rel=5649-5758|len=110	NC_006091.5:37169060-37198399|strand=-|gene=HPGDS
16	23	18666	18673	100.000	8	14.7	88	Exon_03|rel=5649-5758|len=110	NC_006091.5:37169060-37198399|strand=-|gene=HPGDS
4	11	18684	18677	100.000	8	14.7	88	Exon_03|rel=5649-5758|len=110	NC_006091.5:37169060-37198399|strand=-|gene=HPGDS
102	109	19234	19227	100.000	8	14.7	88	Exon_03|rel=5649-5758|len=110	NC_006091.5:37169060-37198399|strand=-|gene=HPGDS
13	20	19659	19652	100.000	8	14.7	88	Exon_03|rel=5649-5758|len=110	NC_006091.5:37169060-37198399|strand=-|gene=HPGDS
61	68	19705	19698	100.000	8	14.7	88	Exon_03|rel=5649-5758|len=110	NC_006091.5:37169060-37198399|strand=-|gene=HPGDS
84	91	19833	19826	100.000	8	14.7	88	Exon_03|rel=5649-5758|len=110	NC_006091.5:37169060-37198399|strand=-|gene=HPGDS
91	98	20309	20316	100.000	8	14.7	88	Exon_03|rel=5649-5758|len=110	NC_006091.5:37169060-37198399|strand=-|gene=HPGDS
15	22	20828	20835	100.000	8	14.7	88	Exon_03|rel=5649-5758|len=110	NC_006091.5:37169060-37198399|strand=-|gene=HPGDS
13	20	21221	21228	100.000	8	14.7	88	Exon_03|rel=5649-5758|len=110	NC_006091.5:37169060-37198399|strand=-|gene=HPGDS
6	13	21579	21572	100.000	8	14.7	88	Exon_03|rel=5649-5758|len=110	NC_006091.5:37169060-37198399|strand=-|gene=HPGDS
36	43	21579	21586	100.000	8	14.7	88	Exon_03|rel=5649-5758|len=110	NC_006091.5:37169060-37198399|strand=-|gene=HPGDS
52	59	21673	21680	100.000	8	14.7	88	Exon_03|rel=5649-5758|len=110	NC_006091.5:37169060-37198399|strand=-|gene=HPGDS
39	46	22074	22067	100.000	8	14.7	88	Exon_03|rel=5649-5758|len=110	NC_006091.5:37169060-37198399|strand=-|gene=HPGDS
95	107	22123	22111	84.615	13	14.7	88	Exon_03|rel=5649-5758|len=110	NC_006091.5:37169060-37198399|strand=-|gene=HPGDS
71	78	22225	22218	100.000	8	14.7	88	Exon_03|rel=5649-5758|len=110	NC_006091.5:37169060-37198399|strand=-|gene=HPGDS
78	90	23484	23472	84.615	13	14.7	88	Exon_03|rel=5649-5758|len=110	NC_006091.5:37169060-37198399|strand=-|gene=HPGDS
95	102	23758	23765	100.000	8	14.7	88	Exon_03|rel=5649-5758|len=110	NC_006091.5:37169060-37198399|strand=-|gene=HPGDS
45	52	25034	25027	100.000	8	14.7	88	Exon_03|rel=5649-5758|len=110	NC_006091.5:37169060-37198399|strand=-|gene=HPGDS
21	28	25368	25361	100.000	8	14.7	88	Exon_03|rel=5649-5758|len=110	NC_006091.5:37169060-37198399|strand=-|gene=HPGDS
16	23	25390	25397	100.000	8	14.7	88	Exon_03|rel=5649-5758|len=110	NC_006091.5:37169060-37198399|strand=-|gene=HPGDS
15	22	25771	25778	100.000	8	14.7	88	Exon_03|rel=5649-5758|len=110	NC_006091.5:37169060-37198399|strand=-|gene=HPGDS
16	23	26837	26844	100.000	8	14.7	88	Exon_03|rel=5649-5758|len=110	NC_006091.5:37169060-37198399|strand=-|gene=HPGDS
32	49	27231	27248	77.778	18	14.7	88	Exon_03|rel=5649-5758|len=110	NC_006091.5:37169060-37198399|strand=-|gene=HPGDS
39	46	27764	27757	100.000	8	14.7	88	Exon_03|rel=5649-5758|len=110	NC_006091.5:37169060-37198399|strand=-|gene=HPGDS
9	16	27892	27885	100.000	8	14.7	88	Exon_03|rel=5649-5758|len=110	NC_006091.5:37169060-37198399|strand=-|gene=HPGDS
43	50	27940	27933	100.000	8	14.7	88	Exon_03|rel=5649-5758|len=110	NC_006091.5:37169060-37198399|strand=-|gene=HPGDS
21	28	28439	28432	100.000	8	14.7	88	Exon_03|rel=5649-5758|len=110	NC_006091.5:37169060-37198399|strand=-|gene=HPGDS
26	33	28773	28780	100.000	8	14.7	88	Exon_03|rel=5649-5758|len=110	NC_006091.5:37169060-37198399|strand=-|gene=HPGDS
1	93	7788	7880	100.000	93	141	6.68e-37	Exon_04|rel=7788-7880|len=93	NC_006091.5:37169060-37198399|strand=-|gene=HPGDS
45	68	21466	21446	83.333	24	22.9	0.41	Exon_04|rel=7788-7880|len=93	NC_006091.5:37169060-37198399|strand=-|gene=HPGDS
53	80	22281	22253	77.419	31	20.7	1.1	Exon_04|rel=7788-7880|len=93	NC_006091.5:37169060-37198399|strand=-|gene=HPGDS
67	85	19627	19644	84.211	19	19.2	3.2	Exon_04|rel=7788-7880|len=93	NC_006091.5:37169060-37198399|strand=-|gene=HPGDS
23	33	25465	25475	100.000	11	19.2	3.2	Exon_04|rel=7788-7880|len=93	NC_006091.5:37169060-37198399|strand=-|gene=HPGDS
61	76	3272	3255	83.333	18	18.4	9.0	Exon_04|rel=7788-7880|len=93	NC_006091.5:37169060-37198399|strand=-|gene=HPGDS
34	49	12538	12552	87.500	16	18.4	9.0	Exon_04|rel=7788-7880|len=93	NC_006091.5:37169060-37198399|strand=-|gene=HPGDS
13	33	14704	14721	80.952	21	18.4	9.0	Exon_04|rel=7788-7880|len=93	NC_006091.5:37169060-37198399|strand=-|gene=HPGDS
70	87	27814	27831	84.211	19	18.4	9.0	Exon_04|rel=7788-7880|len=93	NC_006091.5:37169060-37198399|strand=-|gene=HPGDS
35	49	4889	4906	83.333	18	17.7	9.0	Exon_04|rel=7788-7880|len=93	NC_006091.5:37169060-37198399|strand=-|gene=HPGDS
49	63	14474	14488	86.667	15	17.7	9.0	Exon_04|rel=7788-7880|len=93	NC_006091.5:37169060-37198399|strand=-|gene=HPGDS
53	65	19304	19293	92.308	13	17.7	9.0	Exon_04|rel=7788-7880|len=93	NC_006091.5:37169060-37198399|strand=-|gene=HPGDS
14	23	21985	21976	100.000	10	17.7	9.0	Exon_04|rel=7788-7880|len=93	NC_006091.5:37169060-37198399|strand=-|gene=HPGDS
49	61	26384	26373	92.308	13	17.7	9.0	Exon_04|rel=7788-7880|len=93	NC_006091.5:37169060-37198399|strand=-|gene=HPGDS
1	13	26575	26564	92.308	13	17.7	9.0	Exon_04|rel=7788-7880|len=93	NC_006091.5:37169060-37198399|strand=-|gene=HPGDS
60	82	8250	8232	78.261	23	17.0	25	Exon_04|rel=7788-7880|len=93	NC_006091.5:37169060-37198399|strand=-|gene=HPGDS
28	39	22139	22128	91.667	12	17.0	25	Exon_04|rel=7788-7880|len=93	NC_006091.5:37169060-37198399|strand=-|gene=HPGDS
70	86	23170	23184	82.353	17	17.0	25	Exon_04|rel=7788-7880|len=93	NC_006091.5:37169060-37198399|strand=-|gene=HPGDS
55	73	24866	24847	80.000	20	17.0	25	Exon_04|rel=7788-7880|len=93	NC_006091.5:37169060-37198399|strand=-|gene=HPGDS
44	67	25806	25833	75.000	28	17.0	25	Exon_04|rel=7788-7880|len=93	NC_006091.5:37169060-37198399|strand=-|gene=HPGDS
65	78	28057	28043	86.667	15	17.0	25	Exon_04|rel=7788-7880|len=93	NC_006091.5:37169060-37198399|strand=-|gene=HPGDS
44	63	28977	28993	80.000	20	17.0	25	Exon_04|rel=7788-7880|len=93	NC_006091.5:37169060-37198399|strand=-|gene=HPGDS
40	48	792	800	100.000	9	16.2	25	Exon_04|rel=7788-7880|len=93	NC_006091.5:37169060-37198399|strand=-|gene=HPGDS
83	91	1540	1532	100.000	9	16.2	25	Exon_04|rel=7788-7880|len=93	NC_006091.5:37169060-37198399|strand=-|gene=HPGDS
42	53	1998	1988	91.667	12	16.2	25	Exon_04|rel=7788-7880|len=93	NC_006091.5:37169060-37198399|strand=-|gene=HPGDS
83	91	5256	5264	100.000	9	16.2	25	Exon_04|rel=7788-7880|len=93	NC_006091.5:37169060-37198399|strand=-|gene=HPGDS
82	90	7505	7513	100.000	9	16.2	25	Exon_04|rel=7788-7880|len=93	NC_006091.5:37169060-37198399|strand=-|gene=HPGDS
21	34	7821	7808	85.714	14	16.2	25	Exon_04|rel=7788-7880|len=93	NC_006091.5:37169060-37198399|strand=-|gene=HPGDS
64	72	8842	8834	100.000	9	16.2	25	Exon_04|rel=7788-7880|len=93	NC_006091.5:37169060-37198399|strand=-|gene=HPGDS
1	9	12213	12205	100.000	9	16.2	25	Exon_04|rel=7788-7880|len=93	NC_006091.5:37169060-37198399|strand=-|gene=HPGDS
61	69	15606	15614	100.000	9	16.2	25	Exon_04|rel=7788-7880|len=93	NC_006091.5:37169060-37198399|strand=-|gene=HPGDS
48	56	17640	17632	100.000	9	16.2	25	Exon_04|rel=7788-7880|len=93	NC_006091.5:37169060-37198399|strand=-|gene=HPGDS
24	32	18422	18414	100.000	9	16.2	25	Exon_04|rel=7788-7880|len=93	NC_006091.5:37169060-37198399|strand=-|gene=HPGDS
80	88	21669	21677	100.000	9	16.2	25	Exon_04|rel=7788-7880|len=93	NC_006091.5:37169060-37198399|strand=-|gene=HPGDS
26	34	26155	26163	100.000	9	16.2	25	Exon_04|rel=7788-7880|len=93	NC_006091.5:37169060-37198399|strand=-|gene=HPGDS
73	83	999	989	90.909	11	15.5	70	Exon_04|rel=7788-7880|len=93	NC_006091.5:37169060-37198399|strand=-|gene=HPGDS
71	81	1866	1876	90.909	11	15.5	70	Exon_04|rel=7788-7880|len=93	NC_006091.5:37169060-37198399|strand=-|gene=HPGDS
83	93	18167	18177	90.909	11	15.5	70	Exon_04|rel=7788-7880|len=93	NC_006091.5:37169060-37198399|strand=-|gene=HPGDS
46	56	18206	18196	90.909	11	15.5	70	Exon_04|rel=7788-7880|len=93	NC_006091.5:37169060-37198399|strand=-|gene=HPGDS
16	31	25481	25466	81.250	16	15.5	70	Exon_04|rel=7788-7880|len=93	NC_006091.5:37169060-37198399|strand=-|gene=HPGDS
36	43	360	353	100.000	8	14.7	70	Exon_04|rel=7788-7880|len=93	NC_006091.5:37169060-37198399|strand=-|gene=HPGDS
62	69	524	531	100.000	8	14.7	70	Exon_04|rel=7788-7880|len=93	NC_006091.5:37169060-37198399|strand=-|gene=HPGDS
25	32	1768	1761	100.000	8	14.7	70	Exon_04|rel=7788-7880|len=93	NC_006091.5:37169060-37198399|strand=-|gene=HPGDS
4	11	2493	2500	100.000	8	14.7	70	Exon_04|rel=7788-7880|len=93	NC_006091.5:37169060-37198399|strand=-|gene=HPGDS
55	62	4164	4171	100.000	8	14.7	70	Exon_04|rel=7788-7880|len=93	NC_006091.5:37169060-37198399|strand=-|gene=HPGDS
5	17	5665	5677	84.615	13	14.7	70	Exon_04|rel=7788-7880|len=93	NC_006091.5:37169060-37198399|strand=-|gene=HPGDS
10	17	6557	6564	100.000	8	14.7	70	Exon_04|rel=7788-7880|len=93	NC_006091.5:37169060-37198399|strand=-|gene=HPGDS
68	75	8111	8104	100.000	8	14.7	70	Exon_04|rel=7788-7880|len=93	NC_006091.5:37169060-37198399|strand=-|gene=HPGDS
44	51	9026	9019	100.000	8	14.7	70	Exon_04|rel=7788-7880|len=93	NC_006091.5:37169060-37198399|strand=-|gene=HPGDS
78	85	10191	10184	100.000	8	14.7	70	Exon_04|rel=7788-7880|len=93	NC_006091.5:37169060-37198399|strand=-|gene=HPGDS
71	78	11637	11644	100.000	8	14.7	70	Exon_04|rel=7788-7880|len=93	NC_006091.5:37169060-37198399|strand=-|gene=HPGDS
65	77	12128	12116	84.615	13	14.7	70	Exon_04|rel=7788-7880|len=93	NC_006091.5:37169060-37198399|strand=-|gene=HPGDS
63	70	12170	12177	100.000	8	14.7	70	Exon_04|rel=7788-7880|len=93	NC_006091.5:37169060-37198399|strand=-|gene=HPGDS
32	39	13270	13263	100.000	8	14.7	70	Exon_04|rel=7788-7880|len=93	NC_006091.5:37169060-37198399|strand=-|gene=HPGDS
80	87	13560	13567	100.000	8	14.7	70	Exon_04|rel=7788-7880|len=93	NC_006091.5:37169060-37198399|strand=-|gene=HPGDS
3	10	15135	15128	100.000	8	14.7	70	Exon_04|rel=7788-7880|len=93	NC_006091.5:37169060-37198399|strand=-|gene=HPGDS
4	11	16123	16130	100.000	8	14.7	70	Exon_04|rel=7788-7880|len=93	NC_006091.5:37169060-37198399|strand=-|gene=HPGDS
73	80	16130	16137	100.000	8	14.7	70	Exon_04|rel=7788-7880|len=93	NC_006091.5:37169060-37198399|strand=-|gene=HPGDS
49	56	16491	16484	100.000	8	14.7	70	Exon_04|rel=7788-7880|len=93	NC_006091.5:37169060-37198399|strand=-|gene=HPGDS
72	79	16721	16714	100.000	8	14.7	70	Exon_04|rel=7788-7880|len=93	NC_006091.5:37169060-37198399|strand=-|gene=HPGDS
16	23	17184	17191	100.000	8	14.7	70	Exon_04|rel=7788-7880|len=93	NC_006091.5:37169060-37198399|strand=-|gene=HPGDS
56	63	17922	17915	100.000	8	14.7	70	Exon_04|rel=7788-7880|len=93	NC_006091.5:37169060-37198399|strand=-|gene=HPGDS
24	31	18415	18422	100.000	8	14.7	70	Exon_04|rel=7788-7880|len=93	NC_006091.5:37169060-37198399|strand=-|gene=HPGDS
78	85	18632	18625	100.000	8	14.7	70	Exon_04|rel=7788-7880|len=93	NC_006091.5:37169060-37198399|strand=-|gene=HPGDS
5	17	18667	18679	84.615	13	14.7	70	Exon_04|rel=7788-7880|len=93	NC_006091.5:37169060-37198399|strand=-|gene=HPGDS
2	9	20873	20866	100.000	8	14.7	70	Exon_04|rel=7788-7880|len=93	NC_006091.5:37169060-37198399|strand=-|gene=HPGDS
76	83	21400	21407	100.000	8	14.7	70	Exon_04|rel=7788-7880|len=93	NC_006091.5:37169060-37198399|strand=-|gene=HPGDS
25	32	22699	22692	100.000	8	14.7	70	Exon_04|rel=7788-7880|len=93	NC_006091.5:37169060-37198399|strand=-|gene=HPGDS
27	34	23133	23126	100.000	8	14.7	70	Exon_04|rel=7788-7880|len=93	NC_006091.5:37169060-37198399|strand=-|gene=HPGDS
44	51	23634	23627	100.000	8	14.7	70	Exon_04|rel=7788-7880|len=93	NC_006091.5:37169060-37198399|strand=-|gene=HPGDS
5	12	25357	25364	100.000	8	14.7	70	Exon_04|rel=7788-7880|len=93	NC_006091.5:37169060-37198399|strand=-|gene=HPGDS
38	45	25670	25677	100.000	8	14.7	70	Exon_04|rel=7788-7880|len=93	NC_006091.5:37169060-37198399|strand=-|gene=HPGDS
80	87	28792	28785	100.000	8	14.7	70	Exon_04|rel=7788-7880|len=93	NC_006091.5:37169060-37198399|strand=-|gene=HPGDS
56	63	28969	28976	100.000	8	14.7	70	Exon_04|rel=7788-7880|len=93	NC_006091.5:37169060-37198399|strand=-|gene=HPGDS
1	142	16838	16979	100.000	142	213	1.39e-58	Exon_05|rel=16838-16979|len=142	NC_006091.5:37169060-37198399|strand=-|gene=HPGDS
83	111	23485	23459	79.310	29	23.6	0.25	Exon_05|rel=16838-16979|len=142	NC_006091.5:37169060-37198399|strand=-|gene=HPGDS
1	17	3725	3742	88.889	18	21.4	2.0	Exon_05|rel=16838-16979|len=142	NC_006091.5:37169060-37198399|strand=-|gene=HPGDS
59	76	26233	26249	88.889	18	21.4	2.0	Exon_05|rel=16838-16979|len=142	NC_006091.5:37169060-37198399|strand=-|gene=HPGDS
90	111	5519	5500	81.818	22	20.7	2.0	Exon_05|rel=16838-16979|len=142	NC_006091.5:37169060-37198399|strand=-|gene=HPGDS
81	116	26943	26908	73.684	38	20.7	2.0	Exon_05|rel=16838-16979|len=142	NC_006091.5:37169060-37198399|strand=-|gene=HPGDS
35	45	16537	16527	100.000	11	19.2	5.5	Exon_05|rel=16838-16979|len=142	NC_006091.5:37169060-37198399|strand=-|gene=HPGDS
105	136	21296	21264	74.286	35	19.2	5.5	Exon_05|rel=16838-16979|len=142	NC_006091.5:37169060-37198399|strand=-|gene=HPGDS
6	26	24480	24460	81.818	22	19.2	5.5	Exon_05|rel=16838-16979|len=142	NC_006091.5:37169060-37198399|strand=-|gene=HPGDS
119	129	29093	29103	100.000	11	19.2	5.5	Exon_05|rel=16838-16979|len=142	NC_006091.5:37169060-37198399|strand=-|gene=HPGDS
71	92	2431	2407	76.000	25	18.4	15	Exon_05|rel=16838-16979|len=142	NC_006091.5:37169060-37198399|strand=-|gene=HPGDS
79	96	3945	3962	83.333	18	18.4	15	Exon_05|rel=16838-16979|len=142	NC_006091.5:37169060-37198399|strand=-|gene=HPGDS
68	88	9419	9393	74.074	27	18.4	15	Exon_05|rel=16838-16979|len=142	NC_006091.5:37169060-37198399|strand=-|gene=HPGDS
4	33	3024	2999	73.333	30	17.7	15	Exon_05|rel=16838-16979|len=142	NC_006091.5:37169060-37198399|strand=-|gene=HPGDS
26	35	9998	10007	100.000	10	17.7	15	Exon_05|rel=16838-16979|len=142	NC_006091.5:37169060-37198399|strand=-|gene=HPGDS
80	89	10871	10880	100.000	10	17.7	15	Exon_05|rel=16838-16979|len=142	NC_006091.5:37169060-37198399|strand=-|gene=HPGDS
19	33	12451	12465	86.667	15	17.7	15	Exon_05|rel=16838-16979|len=142	NC_006091.5:37169060-37198399|strand=-|gene=HPGDS
27	36	14262	14253	100.000	10	17.7	15	Exon_05|rel=16838-16979|len=142	NC_006091.5:37169060-37198399|strand=-|gene=HPGDS
29	38	16462	16471	100.000	10	17.7	15	Exon_05|rel=16838-16979|len=142	NC_006091.5:37169060-37198399|strand=-|gene=HPGDS
48	62	17919	17905	86.667	15	17.7	15	Exon_05|rel=16838-16979|len=142	NC_006091.5:37169060-37198399|strand=-|gene=HPGDS
54	65	20139	20127	92.308	13	17.7	15	Exon_05|rel=16838-16979|len=142	NC_006091.5:37169060-37198399|strand=-|gene=HPGDS
68	92	26490	26514	76.000	25	17.7	15	Exon_05|rel=16838-16979|len=142	NC_006091.5:37169060-37198399|strand=-|gene=HPGDS
82	93	1	12	91.667	12	17.0	43	Exon_05|rel=16838-16979|len=142	NC_006091.5:37169060-37198399|strand=-|gene=HPGDS
35	46	6095	6106	91.667	12	17.0	43	Exon_05|rel=16838-16979|len=142	NC_006091.5:37169060-37198399|strand=-|gene=HPGDS
54	65	8545	8534	91.667	12	17.0	43	Exon_05|rel=16838-16979|len=142	NC_006091.5:37169060-37198399|strand=-|gene=HPGDS
102	120	9190	9209	80.000	20	17.0	43	Exon_05|rel=16838-16979|len=142	NC_006091.5:37169060-37198399|strand=-|gene=HPGDS
56	67	10111	10122	91.667	12	17.0	43	Exon_05|rel=16838-16979|len=142	NC_006091.5:37169060-37198399|strand=-|gene=HPGDS
93	106	10863	10877	86.667	15	17.0	43	Exon_05|rel=16838-16979|len=142	NC_006091.5:37169060-37198399|strand=-|gene=HPGDS
4	15	13785	13774	91.667	12	17.0	43	Exon_05|rel=16838-16979|len=142	NC_006091.5:37169060-37198399|strand=-|gene=HPGDS
84	95	14030	14041	91.667	12	17.0	43	Exon_05|rel=16838-16979|len=142	NC_006091.5:37169060-37198399|strand=-|gene=HPGDS
84	95	14824	14835	91.667	12	17.0	43	Exon_05|rel=16838-16979|len=142	NC_006091.5:37169060-37198399|strand=-|gene=HPGDS
111	125	16553	16566	86.667	15	17.0	43	Exon_05|rel=16838-16979|len=142	NC_006091.5:37169060-37198399|strand=-|gene=HPGDS
44	60	17771	17787	82.353	17	17.0	43	Exon_05|rel=16838-16979|len=142	NC_006091.5:37169060-37198399|strand=-|gene=HPGDS
1	12	17859	17848	91.667	12	17.0	43	Exon_05|rel=16838-16979|len=142	NC_006091.5:37169060-37198399|strand=-|gene=HPGDS
30	47	25313	25328	83.333	18	17.0	43	Exon_05|rel=16838-16979|len=142	NC_006091.5:37169060-37198399|strand=-|gene=HPGDS
60	71	25619	25630	91.667	12	17.0	43	Exon_05|rel=16838-16979|len=142	NC_006091.5:37169060-37198399|strand=-|gene=HPGDS
118	126	1578	1570	100.000	9	16.2	43	Exon_05|rel=16838-16979|len=142	NC_006091.5:37169060-37198399|strand=-|gene=HPGDS
32	40	6685	6693	100.000	9	16.2	43	Exon_05|rel=16838-16979|len=142	NC_006091.5:37169060-37198399|strand=-|gene=HPGDS
36	44	7581	7589	100.000	9	16.2	43	Exon_05|rel=16838-16979|len=142	NC_006091.5:37169060-37198399|strand=-|gene=HPGDS
25	33	10100	10092	100.000	9	16.2	43	Exon_05|rel=16838-16979|len=142	NC_006091.5:37169060-37198399|strand=-|gene=HPGDS
21	29	12125	12133	100.000	9	16.2	43	Exon_05|rel=16838-16979|len=142	NC_006091.5:37169060-37198399|strand=-|gene=HPGDS
126	134	12337	12345	100.000	9	16.2	43	Exon_05|rel=16838-16979|len=142	NC_006091.5:37169060-37198399|strand=-|gene=HPGDS
47	55	13209	13217	100.000	9	16.2	43	Exon_05|rel=16838-16979|len=142	NC_006091.5:37169060-37198399|strand=-|gene=HPGDS
103	111	13299	13307	100.000	9	16.2	43	Exon_05|rel=16838-16979|len=142	NC_006091.5:37169060-37198399|strand=-|gene=HPGDS
30	38	14355	14363	100.000	9	16.2	43	Exon_05|rel=16838-16979|len=142	NC_006091.5:37169060-37198399|strand=-|gene=HPGDS
42	50	15657	15665	100.000	9	16.2	43	Exon_05|rel=16838-16979|len=142	NC_006091.5:37169060-37198399|strand=-|gene=HPGDS
29	37	15793	15785	100.000	9	16.2	43	Exon_05|rel=16838-16979|len=142	NC_006091.5:37169060-37198399|strand=-|gene=HPGDS
30	38	15942	15950	100.000	9	16.2	43	Exon_05|rel=16838-16979|len=142	NC_006091.5:37169060-37198399|strand=-|gene=HPGDS
51	62	18560	18550	91.667	12	16.2	43	Exon_05|rel=16838-16979|len=142	NC_006091.5:37169060-37198399|strand=-|gene=HPGDS
101	121	20204	20223	77.273	22	16.2	43	Exon_05|rel=16838-16979|len=142	NC_006091.5:37169060-37198399|strand=-|gene=HPGDS
91	104	20913	20900	85.714	14	16.2	43	Exon_05|rel=16838-16979|len=142	NC_006091.5:37169060-37198399|strand=-|gene=HPGDS
129	137	21588	21580	100.000	9	16.2	43	Exon_05|rel=16838-16979|len=142	NC_006091.5:37169060-37198399|strand=-|gene=HPGDS
62	70	21952	21944	100.000	9	16.2	43	Exon_05|rel=16838-16979|len=142	NC_006091.5:37169060-37198399|strand=-|gene=HPGDS
5	13	22808	22800	100.000	9	16.2	43	Exon_05|rel=16838-16979|len=142	NC_006091.5:37169060-37198399|strand=-|gene=HPGDS
31	39	24919	24927	100.000	9	16.2	43	Exon_05|rel=16838-16979|len=142	NC_006091.5:37169060-37198399|strand=-|gene=HPGDS
44	52	26864	26856	100.000	9	16.2	43	Exon_05|rel=16838-16979|len=142	NC_006091.5:37169060-37198399|strand=-|gene=HPGDS
5	13	27571	27579	100.000	9	16.2	43	Exon_05|rel=16838-16979|len=142	NC_006091.5:37169060-37198399|strand=-|gene=HPGDS
79	87	27735	27743	100.000	9	16.2	43	Exon_05|rel=16838-16979|len=142	NC_006091.5:37169060-37198399|strand=-|gene=HPGDS
1	27	27314	27340	100.000	27	43.0	2.75e-08	Exon_06|rel=27314-27340|len=27	NC_006091.5:37169060-37198399|strand=-|gene=HPGDS
10	22	28246	28258	92.308	13	18.4	1.1	Exon_06|rel=27314-27340|len=27	NC_006091.5:37169060-37198399|strand=-|gene=HPGDS
16	27	541	529	92.308	13	17.7	1.1	Exon_06|rel=27314-27340|len=27	NC_006091.5:37169060-37198399|strand=-|gene=HPGDS
1	23	4482	4503	78.261	23	17.7	1.1	Exon_06|rel=27314-27340|len=27	NC_006091.5:37169060-37198399|strand=-|gene=HPGDS
5	18	27071	27085	86.667	15	17.0	3.1	Exon_06|rel=27314-27340|len=27	NC_006091.5:37169060-37198399|strand=-|gene=HPGDS
14	26	505	519	86.667	15	16.2	3.1	Exon_06|rel=27314-27340|len=27	NC_006091.5:37169060-37198399|strand=-|gene=HPGDS
7	20	6463	6476	85.714	14	16.2	3.1	Exon_06|rel=27314-27340|len=27	NC_006091.5:37169060-37198399|strand=-|gene=HPGDS
12	22	16149	16160	91.667	12	16.2	3.1	Exon_06|rel=27314-27340|len=27	NC_006091.5:37169060-37198399|strand=-|gene=HPGDS
5	18	27218	27230	85.714	14	15.5	8.7	Exon_06|rel=27314-27340|len=27	NC_006091.5:37169060-37198399|strand=-|gene=HPGDS
4	11	8785	8792	100.000	8	14.7	8.7	Exon_06|rel=27314-27340|len=27	NC_006091.5:37169060-37198399|strand=-|gene=HPGDS
15	22	16500	16507	100.000	8	14.7	8.7	Exon_06|rel=27314-27340|len=27	NC_006091.5:37169060-37198399|strand=-|gene=HPGDS
12	24	20616	20604	84.615	13	14.7	8.7	Exon_06|rel=27314-27340|len=27	NC_006091.5:37169060-37198399|strand=-|gene=HPGDS
2	11	2402	2393	90.000	10	14.0	24	Exon_06|rel=27314-27340|len=27	NC_006091.5:37169060-37198399|strand=-|gene=HPGDS
16	25	17170	17179	90.000	10	14.0	24	Exon_06|rel=27314-27340|len=27	NC_006091.5:37169060-37198399|strand=-|gene=HPGDS
1	19	22162	22180	76.190	21	14.0	24	Exon_06|rel=27314-27340|len=27	NC_006091.5:37169060-37198399|strand=-|gene=HPGDS
18	24	1178	1172	100.000	7	13.2	24	Exon_06|rel=27314-27340|len=27	NC_006091.5:37169060-37198399|strand=-|gene=HPGDS
16	22	1214	1220	100.000	7	13.2	24	Exon_06|rel=27314-27340|len=27	NC_006091.5:37169060-37198399|strand=-|gene=HPGDS
21	27	2096	2090	100.000	7	13.2	24	Exon_06|rel=27314-27340|len=27	NC_006091.5:37169060-37198399|strand=-|gene=HPGDS
20	26	3379	3373	100.000	7	13.2	24	Exon_06|rel=27314-27340|len=27	NC_006091.5:37169060-37198399|strand=-|gene=HPGDS
5	11	3459	3465	100.000	7	13.2	24	Exon_06|rel=27314-27340|len=27	NC_006091.5:37169060-37198399|strand=-|gene=HPGDS
21	27	5482	5476	100.000	7	13.2	24	Exon_06|rel=27314-27340|len=27	NC_006091.5:37169060-37198399|strand=-|gene=HPGDS
8	14	5814	5820	100.000	7	13.2	24	Exon_06|rel=27314-27340|len=27	NC_006091.5:37169060-37198399|strand=-|gene=HPGDS
12	18	7030	7036	100.000	7	13.2	24	Exon_06|rel=27314-27340|len=27	NC_006091.5:37169060-37198399|strand=-|gene=HPGDS
20	26	7358	7352	100.000	7	13.2	24	Exon_06|rel=27314-27340|len=27	NC_006091.5:37169060-37198399|strand=-|gene=HPGDS
1	7	7715	7721	100.000	7	13.2	24	Exon_06|rel=27314-27340|len=27	NC_006091.5:37169060-37198399|strand=-|gene=HPGDS
21	27	7960	7954	100.000	7	13.2	24	Exon_06|rel=27314-27340|len=27	NC_006091.5:37169060-37198399|strand=-|gene=HPGDS
12	18	9111	9117	100.000	7	13.2	24	Exon_06|rel=27314-27340|len=27	NC_006091.5:37169060-37198399|strand=-|gene=HPGDS
3	9	9304	9298	100.000	7	13.2	24	Exon_06|rel=27314-27340|len=27	NC_006091.5:37169060-37198399|strand=-|gene=HPGDS
5	11	9540	9534	100.000	7	13.2	24	Exon_06|rel=27314-27340|len=27	NC_006091.5:37169060-37198399|strand=-|gene=HPGDS
2	8	9922	9928	100.000	7	13.2	24	Exon_06|rel=27314-27340|len=27	NC_006091.5:37169060-37198399|strand=-|gene=HPGDS
13	19	9940	9946	100.000	7	13.2	24	Exon_06|rel=27314-27340|len=27	NC_006091.5:37169060-37198399|strand=-|gene=HPGDS
15	21	10032	10026	100.000	7	13.2	24	Exon_06|rel=27314-27340|len=27	NC_006091.5:37169060-37198399|strand=-|gene=HPGDS
8	14	10960	10954	100.000	7	13.2	24	Exon_06|rel=27314-27340|len=27	NC_006091.5:37169060-37198399|strand=-|gene=HPGDS
6	12	11660	11666	100.000	7	13.2	24	Exon_06|rel=27314-27340|len=27	NC_006091.5:37169060-37198399|strand=-|gene=HPGDS
16	22	11726	11720	100.000	7	13.2	24	Exon_06|rel=27314-27340|len=27	NC_006091.5:37169060-37198399|strand=-|gene=HPGDS
19	25	12189	12183	100.000	7	13.2	24	Exon_06|rel=27314-27340|len=27	NC_006091.5:37169060-37198399|strand=-|gene=HPGDS
1	7	13625	13631	100.000	7	13.2	24	Exon_06|rel=27314-27340|len=27	NC_006091.5:37169060-37198399|strand=-|gene=HPGDS
1	7	13930	13936	100.000	7	13.2	24	Exon_06|rel=27314-27340|len=27	NC_006091.5:37169060-37198399|strand=-|gene=HPGDS
21	27	14264	14258	100.000	7	13.2	24	Exon_06|rel=27314-27340|len=27	NC_006091.5:37169060-37198399|strand=-|gene=HPGDS
14	20	16664	16670	100.000	7	13.2	24	Exon_06|rel=27314-27340|len=27	NC_006091.5:37169060-37198399|strand=-|gene=HPGDS
21	27	20177	20171	100.000	7	13.2	24	Exon_06|rel=27314-27340|len=27	NC_006091.5:37169060-37198399|strand=-|gene=HPGDS
1	7	21494	21500	100.000	7	13.2	24	Exon_06|rel=27314-27340|len=27	NC_006091.5:37169060-37198399|strand=-|gene=HPGDS
14	20	22047	22053	100.000	7	13.2	24	Exon_06|rel=27314-27340|len=27	NC_006091.5:37169060-37198399|strand=-|gene=HPGDS
3	9	22532	22538	100.000	7	13.2	24	Exon_06|rel=27314-27340|len=27	NC_006091.5:37169060-37198399|strand=-|gene=HPGDS
18	24	22744	22750	100.000	7	13.2	24	Exon_06|rel=27314-27340|len=27	NC_006091.5:37169060-37198399|strand=-|gene=HPGDS
3	9	22827	22821	100.000	7	13.2	24	Exon_06|rel=27314-27340|len=27	NC_006091.5:37169060-37198399|strand=-|gene=HPGDS
13	19	23257	23263	100.000	7	13.2	24	Exon_06|rel=27314-27340|len=27	NC_006091.5:37169060-37198399|strand=-|gene=HPGDS
4	10	25376	25370	100.000	7	13.2	24	Exon_06|rel=27314-27340|len=27	NC_006091.5:37169060-37198399|strand=-|gene=HPGDS
14	20	25602	25608	100.000	7	13.2	24	Exon_06|rel=27314-27340|len=27	NC_006091.5:37169060-37198399|strand=-|gene=HPGDS
19	25	25739	25745	100.000	7	13.2	24	Exon_06|rel=27314-27340|len=27	NC_006091.5:37169060-37198399|strand=-|gene=HPGDS
15	21	27193	27199	100.000	7	13.2	24	Exon_06|rel=27314-27340|len=27	NC_006091.5:37169060-37198399|strand=-|gene=HPGDS
15	21	28095	28089	100.000	7	13.2	24	Exon_06|rel=27314-27340|len=27	NC_006091.5:37169060-37198399|strand=-|gene=HPGDS
21	27	28587	28593	100.000	7	13.2	24	Exon_06|rel=27314-27340|len=27	NC_006091.5:37169060-37198399|strand=-|gene=HPGDS
21	27	28916	28922	100.000	7	13.2	24	Exon_06|rel=27314-27340|len=27	NC_006091.5:37169060-37198399|strand=-|gene=HPGDS
