1	2734	2001	4734	100.000	2734	4065	0.0	Exon_01|rel=2001-4734|len=2734	NC_006088.5:170584604-170599668|strand=+|gene=ARL11
283	400	9532	9649	69.048	126	42.2	1.33e-05	Exon_01|rel=2001-4734|len=2734	NC_006088.5:170584604-170599668|strand=+|gene=ARL11
332	404	10871	10943	71.429	77	35.5	8.18e-04	Exon_01|rel=2001-4734|len=2734	NC_006088.5:170584604-170599668|strand=+|gene=ARL11
270	341	7768	7700	72.222	72	33.3	0.006	Exon_01|rel=2001-4734|len=2734	NC_006088.5:170584604-170599668|strand=+|gene=ARL11
727	781	12150	12099	74.138	58	29.6	0.050	Exon_01|rel=2001-4734|len=2734	NC_006088.5:170584604-170599668|strand=+|gene=ARL11
284	434	5022	4885	63.750	160	28.8	0.14	Exon_01|rel=2001-4734|len=2734	NC_006088.5:170584604-170599668|strand=+|gene=ARL11
488	528	6671	6705	76.190	42	26.6	0.40	Exon_01|rel=2001-4734|len=2734	NC_006088.5:170584604-170599668|strand=+|gene=ARL11
2079	2174	2391	2291	66.667	105	25.1	1.1	Exon_01|rel=2001-4734|len=2734	NC_006088.5:170584604-170599668|strand=+|gene=ARL11
291	391	4174	4079	66.667	105	25.1	1.1	Exon_01|rel=2001-4734|len=2734	NC_006088.5:170584604-170599668|strand=+|gene=ARL11
439	474	8158	8125	77.778	36	25.1	1.1	Exon_01|rel=2001-4734|len=2734	NC_006088.5:170584604-170599668|strand=+|gene=ARL11
2124	2172	7700	7747	72.000	50	24.4	3.1	Exon_01|rel=2001-4734|len=2734	NC_006088.5:170584604-170599668|strand=+|gene=ARL11
1285	1319	3319	3285	73.684	38	23.6	3.1	Exon_01|rel=2001-4734|len=2734	NC_006088.5:170584604-170599668|strand=+|gene=ARL11
1938	1951	3951	3938	100.000	14	23.6	3.1	Exon_01|rel=2001-4734|len=2734	NC_006088.5:170584604-170599668|strand=+|gene=ARL11
50	90	5290	5339	70.000	50	23.6	3.1	Exon_01|rel=2001-4734|len=2734	NC_006088.5:170584604-170599668|strand=+|gene=ARL11
203	245	8944	8987	72.340	47	23.6	3.1	Exon_01|rel=2001-4734|len=2734	NC_006088.5:170584604-170599668|strand=+|gene=ARL11
1962	1977	854	869	93.750	16	22.9	8.7	Exon_01|rel=2001-4734|len=2734	NC_006088.5:170584604-170599668|strand=+|gene=ARL11
1741	1769	10319	10294	79.310	29	22.9	8.7	Exon_01|rel=2001-4734|len=2734	NC_006088.5:170584604-170599668|strand=+|gene=ARL11
2535	2570	13394	13363	75.676	37	22.9	8.7	Exon_01|rel=2001-4734|len=2734	NC_006088.5:170584604-170599668|strand=+|gene=ARL11
1651	1663	890	878	100.000	13	22.2	8.7	Exon_01|rel=2001-4734|len=2734	NC_006088.5:170584604-170599668|strand=+|gene=ARL11
1717	1740	1035	1014	83.333	24	22.2	8.7	Exon_01|rel=2001-4734|len=2734	NC_006088.5:170584604-170599668|strand=+|gene=ARL11
1842	1872	6745	6774	77.419	31	22.2	8.7	Exon_01|rel=2001-4734|len=2734	NC_006088.5:170584604-170599668|strand=+|gene=ARL11
623	650	11677	11650	79.310	29	22.2	8.7	Exon_01|rel=2001-4734|len=2734	NC_006088.5:170584604-170599668|strand=+|gene=ARL11
2079	2091	12191	12179	100.000	13	22.2	8.7	Exon_01|rel=2001-4734|len=2734	NC_006088.5:170584604-170599668|strand=+|gene=ARL11
165	188	13665	13644	83.333	24	22.2	8.7	Exon_01|rel=2001-4734|len=2734	NC_006088.5:170584604-170599668|strand=+|gene=ARL11
1866	1885	14797	14777	85.714	21	22.2	8.7	Exon_01|rel=2001-4734|len=2734	NC_006088.5:170584604-170599668|strand=+|gene=ARL11
864	878	5532	5546	93.333	15	21.4	24	Exon_01|rel=2001-4734|len=2734	NC_006088.5:170584604-170599668|strand=+|gene=ARL11
1740	1762	7596	7569	78.571	28	21.4	24	Exon_01|rel=2001-4734|len=2734	NC_006088.5:170584604-170599668|strand=+|gene=ARL11
85	99	8429	8415	93.333	15	21.4	24	Exon_01|rel=2001-4734|len=2734	NC_006088.5:170584604-170599668|strand=+|gene=ARL11
1327	1346	13249	13230	85.000	20	21.4	24	Exon_01|rel=2001-4734|len=2734	NC_006088.5:170584604-170599668|strand=+|gene=ARL11
901	915	15	28	93.333	15	20.7	24	Exon_01|rel=2001-4734|len=2734	NC_006088.5:170584604-170599668|strand=+|gene=ARL11
1745	1761	966	982	88.235	17	20.7	24	Exon_01|rel=2001-4734|len=2734	NC_006088.5:170584604-170599668|strand=+|gene=ARL11
1975	1986	3825	3836	100.000	12	20.7	24	Exon_01|rel=2001-4734|len=2734	NC_006088.5:170584604-170599668|strand=+|gene=ARL11
1825	1836	3975	3986	100.000	12	20.7	24	Exon_01|rel=2001-4734|len=2734	NC_006088.5:170584604-170599668|strand=+|gene=ARL11
2517	2538	4155	4131	80.000	25	20.7	24	Exon_01|rel=2001-4734|len=2734	NC_006088.5:170584604-170599668|strand=+|gene=ARL11
2637	2648	4261	4250	100.000	12	20.7	24	Exon_01|rel=2001-4734|len=2734	NC_006088.5:170584604-170599668|strand=+|gene=ARL11
2131	2155	4538	4517	80.000	25	20.7	24	Exon_01|rel=2001-4734|len=2734	NC_006088.5:170584604-170599668|strand=+|gene=ARL11
2250	2261	4648	4637	100.000	12	20.7	24	Exon_01|rel=2001-4734|len=2734	NC_006088.5:170584604-170599668|strand=+|gene=ARL11
934	957	4780	4804	80.000	25	20.7	24	Exon_01|rel=2001-4734|len=2734	NC_006088.5:170584604-170599668|strand=+|gene=ARL11
55	73	5490	5471	85.000	20	20.7	24	Exon_01|rel=2001-4734|len=2734	NC_006088.5:170584604-170599668|strand=+|gene=ARL11
86	97	8378	8389	100.000	12	20.7	24	Exon_01|rel=2001-4734|len=2734	NC_006088.5:170584604-170599668|strand=+|gene=ARL11
369	385	10333	10349	88.235	17	20.7	24	Exon_01|rel=2001-4734|len=2734	NC_006088.5:170584604-170599668|strand=+|gene=ARL11
223	237	10586	10573	93.333	15	20.7	24	Exon_01|rel=2001-4734|len=2734	NC_006088.5:170584604-170599668|strand=+|gene=ARL11
497	511	10956	10943	93.333	15	20.7	24	Exon_01|rel=2001-4734|len=2734	NC_006088.5:170584604-170599668|strand=+|gene=ARL11
1369	1385	13658	13674	88.235	17	20.7	24	Exon_01|rel=2001-4734|len=2734	NC_006088.5:170584604-170599668|strand=+|gene=ARL11
1523	1539	14467	14483	88.235	17	20.7	24	Exon_01|rel=2001-4734|len=2734	NC_006088.5:170584604-170599668|strand=+|gene=ARL11
1370	1383	82	95	92.857	14	19.9	68	Exon_01|rel=2001-4734|len=2734	NC_006088.5:170584604-170599668|strand=+|gene=ARL11
646	664	1669	1651	84.211	19	19.9	68	Exon_01|rel=2001-4734|len=2734	NC_006088.5:170584604-170599668|strand=+|gene=ARL11
2588	2601	5601	5614	92.857	14	19.9	68	Exon_01|rel=2001-4734|len=2734	NC_006088.5:170584604-170599668|strand=+|gene=ARL11
1899	1917	6210	6192	84.211	19	19.9	68	Exon_01|rel=2001-4734|len=2734	NC_006088.5:170584604-170599668|strand=+|gene=ARL11
1734	1747	6849	6836	92.857	14	19.9	68	Exon_01|rel=2001-4734|len=2734	NC_006088.5:170584604-170599668|strand=+|gene=ARL11
2482	2495	7657	7644	92.857	14	19.9	68	Exon_01|rel=2001-4734|len=2734	NC_006088.5:170584604-170599668|strand=+|gene=ARL11
1292	1316	7777	7799	80.000	25	19.9	68	Exon_01|rel=2001-4734|len=2734	NC_006088.5:170584604-170599668|strand=+|gene=ARL11
916	929	8638	8625	92.857	14	19.9	68	Exon_01|rel=2001-4734|len=2734	NC_006088.5:170584604-170599668|strand=+|gene=ARL11
1661	1677	10066	10081	88.235	17	19.9	68	Exon_01|rel=2001-4734|len=2734	NC_006088.5:170584604-170599668|strand=+|gene=ARL11
1911	1924	10271	10284	92.857	14	19.9	68	Exon_01|rel=2001-4734|len=2734	NC_006088.5:170584604-170599668|strand=+|gene=ARL11
2492	2505	12518	12531	92.857	14	19.9	68	Exon_01|rel=2001-4734|len=2734	NC_006088.5:170584604-170599668|strand=+|gene=ARL11
1892	1915	13532	13555	79.167	24	19.9	68	Exon_01|rel=2001-4734|len=2734	NC_006088.5:170584604-170599668|strand=+|gene=ARL11
1652	1670	13872	13890	84.211	19	19.9	68	Exon_01|rel=2001-4734|len=2734	NC_006088.5:170584604-170599668|strand=+|gene=ARL11
1806	1819	14603	14590	92.857	14	19.9	68	Exon_01|rel=2001-4734|len=2734	NC_006088.5:170584604-170599668|strand=+|gene=ARL11
1470	1485	547	532	87.500	16	19.2	68	Exon_01|rel=2001-4734|len=2734	NC_006088.5:170584604-170599668|strand=+|gene=ARL11
1450	1460	729	719	100.000	11	19.2	68	Exon_01|rel=2001-4734|len=2734	NC_006088.5:170584604-170599668|strand=+|gene=ARL11
1063	1073	835	845	100.000	11	19.2	68	Exon_01|rel=2001-4734|len=2734	NC_006088.5:170584604-170599668|strand=+|gene=ARL11
1672	1682	5236	5226	100.000	11	19.2	68	Exon_01|rel=2001-4734|len=2734	NC_006088.5:170584604-170599668|strand=+|gene=ARL11
200	210	5479	5469	100.000	11	19.2	68	Exon_01|rel=2001-4734|len=2734	NC_006088.5:170584604-170599668|strand=+|gene=ARL11
716	726	5524	5514	100.000	11	19.2	68	Exon_01|rel=2001-4734|len=2734	NC_006088.5:170584604-170599668|strand=+|gene=ARL11
1328	1343	5714	5729	87.500	16	19.2	68	Exon_01|rel=2001-4734|len=2734	NC_006088.5:170584604-170599668|strand=+|gene=ARL11
904	919	6166	6151	87.500	16	19.2	68	Exon_01|rel=2001-4734|len=2734	NC_006088.5:170584604-170599668|strand=+|gene=ARL11
1653	1663	6351	6361	100.000	11	19.2	68	Exon_01|rel=2001-4734|len=2734	NC_006088.5:170584604-170599668|strand=+|gene=ARL11
688	703	7103	7088	87.500	16	19.2	68	Exon_01|rel=2001-4734|len=2734	NC_006088.5:170584604-170599668|strand=+|gene=ARL11
249	261	8091	8104	92.857	14	19.2	68	Exon_01|rel=2001-4734|len=2734	NC_006088.5:170584604-170599668|strand=+|gene=ARL11
121	131	8909	8899	100.000	11	19.2	68	Exon_01|rel=2001-4734|len=2734	NC_006088.5:170584604-170599668|strand=+|gene=ARL11
783	793	9021	9011	100.000	11	19.2	68	Exon_01|rel=2001-4734|len=2734	NC_006088.5:170584604-170599668|strand=+|gene=ARL11
141	151	9218	9208	100.000	11	19.2	68	Exon_01|rel=2001-4734|len=2734	NC_006088.5:170584604-170599668|strand=+|gene=ARL11
2000	2010	10836	10826	100.000	11	19.2	68	Exon_01|rel=2001-4734|len=2734	NC_006088.5:170584604-170599668|strand=+|gene=ARL11
1132	1142	12597	12607	100.000	11	19.2	68	Exon_01|rel=2001-4734|len=2734	NC_006088.5:170584604-170599668|strand=+|gene=ARL11
1536	1551	12780	12765	87.500	16	19.2	68	Exon_01|rel=2001-4734|len=2734	NC_006088.5:170584604-170599668|strand=+|gene=ARL11
177	187	13859	13849	100.000	11	19.2	68	Exon_01|rel=2001-4734|len=2734	NC_006088.5:170584604-170599668|strand=+|gene=ARL11
530	540	14321	14311	100.000	11	19.2	68	Exon_01|rel=2001-4734|len=2734	NC_006088.5:170584604-170599668|strand=+|gene=ARL11
1527	1537	14520	14530	100.000	11	19.2	68	Exon_01|rel=2001-4734|len=2734	NC_006088.5:170584604-170599668|strand=+|gene=ARL11
1	1872	4955	6826	100.000	1872	2784	0.0	Exon_02|rel=4955-6826|len=1872	NC_006088.5:170584604-170599668|strand=+|gene=ARL11
1643	1680	1641	1601	76.190	42	27.4	0.27	Exon_02|rel=4955-6826|len=1872	NC_006088.5:170584604-170599668|strand=+|gene=ARL11
1717	1751	2488	2528	76.190	42	26.6	0.27	Exon_02|rel=4955-6826|len=1872	NC_006088.5:170584604-170599668|strand=+|gene=ARL11
761	788	14183	14210	82.143	28	25.9	0.75	Exon_02|rel=4955-6826|len=1872	NC_006088.5:170584604-170599668|strand=+|gene=ARL11
1820	1846	7188	7215	82.143	28	25.1	0.75	Exon_02|rel=4955-6826|len=1872	NC_006088.5:170584604-170599668|strand=+|gene=ARL11
1726	1748	8168	8191	84.000	25	24.4	2.1	Exon_02|rel=4955-6826|len=1872	NC_006088.5:170584604-170599668|strand=+|gene=ARL11
1381	1407	903	878	81.481	27	23.6	2.1	Exon_02|rel=4955-6826|len=1872	NC_006088.5:170584604-170599668|strand=+|gene=ARL11
336	385	2050	2090	70.000	50	23.6	2.1	Exon_02|rel=4955-6826|len=1872	NC_006088.5:170584604-170599668|strand=+|gene=ARL11
1785	1803	5087	5069	89.474	19	23.6	2.1	Exon_02|rel=4955-6826|len=1872	NC_006088.5:170584604-170599668|strand=+|gene=ARL11
115	133	6757	6739	89.474	19	23.6	2.1	Exon_02|rel=4955-6826|len=1872	NC_006088.5:170584604-170599668|strand=+|gene=ARL11
21	81	9589	9529	69.231	65	23.6	2.1	Exon_02|rel=4955-6826|len=1872	NC_006088.5:170584604-170599668|strand=+|gene=ARL11
1701	1734	11544	11519	73.529	34	22.9	5.9	Exon_02|rel=4955-6826|len=1872	NC_006088.5:170584604-170599668|strand=+|gene=ARL11
1554	1574	11704	11684	85.714	21	22.9	5.9	Exon_02|rel=4955-6826|len=1872	NC_006088.5:170584604-170599668|strand=+|gene=ARL11
1791	1820	3842	3872	77.419	31	22.2	5.9	Exon_02|rel=4955-6826|len=1872	NC_006088.5:170584604-170599668|strand=+|gene=ARL11
1584	1601	7003	6986	88.889	18	22.2	5.9	Exon_02|rel=4955-6826|len=1872	NC_006088.5:170584604-170599668|strand=+|gene=ARL11
1701	1723	11251	11229	82.609	23	22.2	5.9	Exon_02|rel=4955-6826|len=1872	NC_006088.5:170584604-170599668|strand=+|gene=ARL11
1362	1379	13338	13321	88.889	18	22.2	5.9	Exon_02|rel=4955-6826|len=1872	NC_006088.5:170584604-170599668|strand=+|gene=ARL11
578	592	2864	2878	93.333	15	21.4	17	Exon_02|rel=4955-6826|len=1872	NC_006088.5:170584604-170599668|strand=+|gene=ARL11
1054	1085	9065	9037	75.758	33	21.4	17	Exon_02|rel=4955-6826|len=1872	NC_006088.5:170584604-170599668|strand=+|gene=ARL11
712	733	11544	11524	82.609	23	21.4	17	Exon_02|rel=4955-6826|len=1872	NC_006088.5:170584604-170599668|strand=+|gene=ARL11
1389	1400	784	795	100.000	12	20.7	17	Exon_02|rel=4955-6826|len=1872	NC_006088.5:170584604-170599668|strand=+|gene=ARL11
46	57	1423	1434	100.000	12	20.7	17	Exon_02|rel=4955-6826|len=1872	NC_006088.5:170584604-170599668|strand=+|gene=ARL11
517	536	2073	2055	85.000	20	20.7	17	Exon_02|rel=4955-6826|len=1872	NC_006088.5:170584604-170599668|strand=+|gene=ARL11
108	137	5091	5062	75.000	32	20.7	17	Exon_02|rel=4955-6826|len=1872	NC_006088.5:170584604-170599668|strand=+|gene=ARL11
1033	1044	8092	8103	100.000	12	20.7	17	Exon_02|rel=4955-6826|len=1872	NC_006088.5:170584604-170599668|strand=+|gene=ARL11
707	730	8400	8378	80.000	25	20.7	17	Exon_02|rel=4955-6826|len=1872	NC_006088.5:170584604-170599668|strand=+|gene=ARL11
513	524	8608	8597	100.000	12	20.7	17	Exon_02|rel=4955-6826|len=1872	NC_006088.5:170584604-170599668|strand=+|gene=ARL11
1612	1633	431	451	81.818	22	19.9	46	Exon_02|rel=4955-6826|len=1872	NC_006088.5:170584604-170599668|strand=+|gene=ARL11
1197	1215	1262	1278	84.211	19	19.9	46	Exon_02|rel=4955-6826|len=1872	NC_006088.5:170584604-170599668|strand=+|gene=ARL11
1238	1256	3917	3899	84.211	19	19.9	46	Exon_02|rel=4955-6826|len=1872	NC_006088.5:170584604-170599668|strand=+|gene=ARL11
647	660	4588	4601	92.857	14	19.9	46	Exon_02|rel=4955-6826|len=1872	NC_006088.5:170584604-170599668|strand=+|gene=ARL11
324	337	5169	5182	92.857	14	19.9	46	Exon_02|rel=4955-6826|len=1872	NC_006088.5:170584604-170599668|strand=+|gene=ARL11
425	438	5253	5240	92.857	14	19.9	46	Exon_02|rel=4955-6826|len=1872	NC_006088.5:170584604-170599668|strand=+|gene=ARL11
215	228	5278	5291	92.857	14	19.9	46	Exon_02|rel=4955-6826|len=1872	NC_006088.5:170584604-170599668|strand=+|gene=ARL11
286	299	5392	5379	92.857	14	19.9	46	Exon_02|rel=4955-6826|len=1872	NC_006088.5:170584604-170599668|strand=+|gene=ARL11
1703	1716	6137	6124	92.857	14	19.9	46	Exon_02|rel=4955-6826|len=1872	NC_006088.5:170584604-170599668|strand=+|gene=ARL11
1170	1183	6670	6657	92.857	14	19.9	46	Exon_02|rel=4955-6826|len=1872	NC_006088.5:170584604-170599668|strand=+|gene=ARL11
237	253	7582	7564	84.211	19	19.9	46	Exon_02|rel=4955-6826|len=1872	NC_006088.5:170584604-170599668|strand=+|gene=ARL11
548	561	9923	9936	92.857	14	19.9	46	Exon_02|rel=4955-6826|len=1872	NC_006088.5:170584604-170599668|strand=+|gene=ARL11
783	796	10336	10323	92.857	14	19.9	46	Exon_02|rel=4955-6826|len=1872	NC_006088.5:170584604-170599668|strand=+|gene=ARL11
611	624	11708	11695	92.857	14	19.9	46	Exon_02|rel=4955-6826|len=1872	NC_006088.5:170584604-170599668|strand=+|gene=ARL11
1773	1789	12159	12144	88.235	17	19.9	46	Exon_02|rel=4955-6826|len=1872	NC_006088.5:170584604-170599668|strand=+|gene=ARL11
1215	1244	12292	12262	75.758	33	19.9	46	Exon_02|rel=4955-6826|len=1872	NC_006088.5:170584604-170599668|strand=+|gene=ARL11
156	174	696	676	80.952	21	19.2	46	Exon_02|rel=4955-6826|len=1872	NC_006088.5:170584604-170599668|strand=+|gene=ARL11
645	655	1182	1172	100.000	11	19.2	46	Exon_02|rel=4955-6826|len=1872	NC_006088.5:170584604-170599668|strand=+|gene=ARL11
346	361	1226	1211	87.500	16	19.2	46	Exon_02|rel=4955-6826|len=1872	NC_006088.5:170584604-170599668|strand=+|gene=ARL11
515	525	2210	2200	100.000	11	19.2	46	Exon_02|rel=4955-6826|len=1872	NC_006088.5:170584604-170599668|strand=+|gene=ARL11
560	570	2726	2716	100.000	11	19.2	46	Exon_02|rel=4955-6826|len=1872	NC_006088.5:170584604-170599668|strand=+|gene=ARL11
1197	1212	2919	2904	87.500	16	19.2	46	Exon_02|rel=4955-6826|len=1872	NC_006088.5:170584604-170599668|strand=+|gene=ARL11
760	775	3328	3343	87.500	16	19.2	46	Exon_02|rel=4955-6826|len=1872	NC_006088.5:170584604-170599668|strand=+|gene=ARL11
1397	1407	3653	3663	100.000	11	19.2	46	Exon_02|rel=4955-6826|len=1872	NC_006088.5:170584604-170599668|strand=+|gene=ARL11
272	282	3682	3672	100.000	11	19.2	46	Exon_02|rel=4955-6826|len=1872	NC_006088.5:170584604-170599668|strand=+|gene=ARL11
1054	1088	3862	3898	72.973	37	19.2	46	Exon_02|rel=4955-6826|len=1872	NC_006088.5:170584604-170599668|strand=+|gene=ARL11
1581	1593	6481	6468	92.857	14	19.2	46	Exon_02|rel=4955-6826|len=1872	NC_006088.5:170584604-170599668|strand=+|gene=ARL11
1514	1527	6547	6535	92.857	14	19.2	46	Exon_02|rel=4955-6826|len=1872	NC_006088.5:170584604-170599668|strand=+|gene=ARL11
1021	1036	7042	7057	87.500	16	19.2	46	Exon_02|rel=4955-6826|len=1872	NC_006088.5:170584604-170599668|strand=+|gene=ARL11
1383	1408	8098	8073	76.923	26	19.2	46	Exon_02|rel=4955-6826|len=1872	NC_006088.5:170584604-170599668|strand=+|gene=ARL11
712	722	8880	8890	100.000	11	19.2	46	Exon_02|rel=4955-6826|len=1872	NC_006088.5:170584604-170599668|strand=+|gene=ARL11
521	536	9682	9697	87.500	16	19.2	46	Exon_02|rel=4955-6826|len=1872	NC_006088.5:170584604-170599668|strand=+|gene=ARL11
1686	1711	10289	10266	76.923	26	19.2	46	Exon_02|rel=4955-6826|len=1872	NC_006088.5:170584604-170599668|strand=+|gene=ARL11
593	603	11088	11098	100.000	11	19.2	46	Exon_02|rel=4955-6826|len=1872	NC_006088.5:170584604-170599668|strand=+|gene=ARL11
425	435	11803	11793	100.000	11	19.2	46	Exon_02|rel=4955-6826|len=1872	NC_006088.5:170584604-170599668|strand=+|gene=ARL11
290	300	11794	11804	100.000	11	19.2	46	Exon_02|rel=4955-6826|len=1872	NC_006088.5:170584604-170599668|strand=+|gene=ARL11
1618	1628	11821	11811	100.000	11	19.2	46	Exon_02|rel=4955-6826|len=1872	NC_006088.5:170584604-170599668|strand=+|gene=ARL11
191	201	12089	12079	100.000	11	19.2	46	Exon_02|rel=4955-6826|len=1872	NC_006088.5:170584604-170599668|strand=+|gene=ARL11
974	984	12290	12280	100.000	11	19.2	46	Exon_02|rel=4955-6826|len=1872	NC_006088.5:170584604-170599668|strand=+|gene=ARL11
1	6156	6910	13065	100.000	6156	9150	0.0	Exon_03|rel=6910-13065|len=6156	NC_006088.5:170584604-170599668|strand=+|gene=ARL11
2623	2740	2283	2400	69.048	126	42.2	3.01e-05	Exon_03|rel=6910-13065|len=6156	NC_006088.5:170584604-170599668|strand=+|gene=ARL11
2625	2699	7755	7686	74.684	79	42.2	3.01e-05	Exon_03|rel=6910-13065|len=6156	NC_006088.5:170584604-170599668|strand=+|gene=ARL11
777	846	9608	9534	74.684	79	42.2	3.01e-05	Exon_03|rel=6910-13065|len=6156	NC_006088.5:170584604-170599668|strand=+|gene=ARL11
3962	4034	2332	2404	71.429	77	35.5	0.002	Exon_03|rel=6910-13065|len=6156	NC_006088.5:170584604-170599668|strand=+|gene=ARL11
791	859	2341	2270	72.222	72	33.3	0.015	Exon_03|rel=6910-13065|len=6156	NC_006088.5:170584604-170599668|strand=+|gene=ARL11
2495	2543	8137	8192	74.138	58	31.1	0.041	Exon_03|rel=6910-13065|len=6156	NC_006088.5:170584604-170599668|strand=+|gene=ARL11
1228	1283	9404	9452	74.138	58	31.1	0.041	Exon_03|rel=6910-13065|len=6156	NC_006088.5:170584604-170599668|strand=+|gene=ARL11
506	590	7499	7415	66.667	96	28.1	0.32	Exon_03|rel=6910-13065|len=6156	NC_006088.5:170584604-170599668|strand=+|gene=ARL11
5173	5201	1576	1545	81.250	32	27.4	0.90	Exon_03|rel=6910-13065|len=6156	NC_006088.5:170584604-170599668|strand=+|gene=ARL11
387	417	7326	7296	81.250	32	26.6	0.90	Exon_03|rel=6910-13065|len=6156	NC_006088.5:170584604-170599668|strand=+|gene=ARL11
3350	3413	8190	8118	69.333	75	26.6	0.90	Exon_03|rel=6910-13065|len=6156	NC_006088.5:170584604-170599668|strand=+|gene=ARL11
1209	1281	10322	10259	69.333	75	26.6	0.90	Exon_03|rel=6910-13065|len=6156	NC_006088.5:170584604-170599668|strand=+|gene=ARL11
1216	1249	2474	2439	77.778	36	25.1	2.5	Exon_03|rel=6910-13065|len=6156	NC_006088.5:170584604-170599668|strand=+|gene=ARL11
5229	5243	10433	10447	100.000	15	25.1	2.5	Exon_03|rel=6910-13065|len=6156	NC_006088.5:170584604-170599668|strand=+|gene=ARL11
3524	3538	12138	12152	100.000	15	25.1	2.5	Exon_03|rel=6910-13065|len=6156	NC_006088.5:170584604-170599668|strand=+|gene=ARL11
1850	1883	14266	14297	77.143	35	25.1	2.5	Exon_03|rel=6910-13065|len=6156	NC_006088.5:170584604-170599668|strand=+|gene=ARL11
1259	1282	6680	6702	84.000	25	24.4	7.0	Exon_03|rel=6910-13065|len=6156	NC_006088.5:170584604-170599668|strand=+|gene=ARL11
5843	5861	14126	14107	90.000	20	24.4	7.0	Exon_03|rel=6910-13065|len=6156	NC_006088.5:170584604-170599668|strand=+|gene=ARL11
3472	3493	84	104	86.364	22	23.6	7.0	Exon_03|rel=6910-13065|len=6156	NC_006088.5:170584604-170599668|strand=+|gene=ARL11
4641	4659	4793	4811	89.474	19	23.6	7.0	Exon_03|rel=6910-13065|len=6156	NC_006088.5:170584604-170599668|strand=+|gene=ARL11
2620	2680	5035	4975	69.231	65	23.6	7.0	Exon_03|rel=6910-13065|len=6156	NC_006088.5:170584604-170599668|strand=+|gene=ARL11
5983	6001	6908	6890	89.474	19	23.6	7.0	Exon_03|rel=6910-13065|len=6156	NC_006088.5:170584604-170599668|strand=+|gene=ARL11
451	464	7373	7360	100.000	14	23.6	7.0	Exon_03|rel=6910-13065|len=6156	NC_006088.5:170584604-170599668|strand=+|gene=ARL11
1493	1511	8420	8402	90.000	20	23.6	7.0	Exon_03|rel=6910-13065|len=6156	NC_006088.5:170584604-170599668|strand=+|gene=ARL11
3866	3887	8973	8996	83.333	24	23.6	7.0	Exon_03|rel=6910-13065|len=6156	NC_006088.5:170584604-170599668|strand=+|gene=ARL11
2064	2087	10775	10796	83.333	24	23.6	7.0	Exon_03|rel=6910-13065|len=6156	NC_006088.5:170584604-170599668|strand=+|gene=ARL11
3268	3291	14410	14389	83.333	24	23.6	7.0	Exon_03|rel=6910-13065|len=6156	NC_006088.5:170584604-170599668|strand=+|gene=ARL11
2513	2548	1468	1506	74.359	39	22.9	20	Exon_03|rel=6910-13065|len=6156	NC_006088.5:170584604-170599668|strand=+|gene=ARL11
3385	3410	3769	3741	79.310	29	22.9	20	Exon_03|rel=6910-13065|len=6156	NC_006088.5:170584604-170599668|strand=+|gene=ARL11
4775	4795	6528	6508	85.714	21	22.9	20	Exon_03|rel=6910-13065|len=6156	NC_006088.5:170584604-170599668|strand=+|gene=ARL11
5509	5537	8675	8702	79.310	29	22.9	20	Exon_03|rel=6910-13065|len=6156	NC_006088.5:170584604-170599668|strand=+|gene=ARL11
1766	1793	12418	12446	79.310	29	22.9	20	Exon_03|rel=6910-13065|len=6156	NC_006088.5:170584604-170599668|strand=+|gene=ARL11
1918	1936	14415	14395	85.714	21	22.9	20	Exon_03|rel=6910-13065|len=6156	NC_006088.5:170584604-170599668|strand=+|gene=ARL11
5270	5282	4091	4079	100.000	13	22.2	20	Exon_03|rel=6910-13065|len=6156	NC_006088.5:170584604-170599668|strand=+|gene=ARL11
77	94	6555	6538	88.889	18	22.2	20	Exon_03|rel=6910-13065|len=6156	NC_006088.5:170584604-170599668|strand=+|gene=ARL11
4320	4342	6677	6655	82.609	23	22.2	20	Exon_03|rel=6910-13065|len=6156	NC_006088.5:170584604-170599668|strand=+|gene=ARL11
5295	5324	8505	8475	78.125	32	22.2	20	Exon_03|rel=6910-13065|len=6156	NC_006088.5:170584604-170599668|strand=+|gene=ARL11
2394	2411	9102	9119	88.889	18	22.2	20	Exon_03|rel=6910-13065|len=6156	NC_006088.5:170584604-170599668|strand=+|gene=ARL11
2193	2210	9303	9320	88.889	18	22.2	20	Exon_03|rel=6910-13065|len=6156	NC_006088.5:170584604-170599668|strand=+|gene=ARL11
5905	5942	9874	9917	69.565	46	22.2	20	Exon_03|rel=6910-13065|len=6156	NC_006088.5:170584604-170599668|strand=+|gene=ARL11
4424	4436	11101	11089	100.000	13	22.2	20	Exon_03|rel=6910-13065|len=6156	NC_006088.5:170584604-170599668|strand=+|gene=ARL11
4180	4192	11345	11333	100.000	13	22.2	20	Exon_03|rel=6910-13065|len=6156	NC_006088.5:170584604-170599668|strand=+|gene=ARL11
1566	1596	12233	12204	78.125	32	22.2	20	Exon_03|rel=6910-13065|len=6156	NC_006088.5:170584604-170599668|strand=+|gene=ARL11
2965	3008	12814	12851	69.565	46	22.2	20	Exon_03|rel=6910-13065|len=6156	NC_006088.5:170584604-170599668|strand=+|gene=ARL11
832	852	14201	14220	85.714	21	22.2	20	Exon_03|rel=6910-13065|len=6156	NC_006088.5:170584604-170599668|strand=+|gene=ARL11
1757	1769	14525	14513	100.000	13	22.2	20	Exon_03|rel=6910-13065|len=6156	NC_006088.5:170584604-170599668|strand=+|gene=ARL11
20	34	1211	1225	93.333	15	21.4	55	Exon_03|rel=6910-13065|len=6156	NC_006088.5:170584604-170599668|strand=+|gene=ARL11
1506	1520	2099	2085	93.333	15	21.4	55	Exon_03|rel=6910-13065|len=6156	NC_006088.5:170584604-170599668|strand=+|gene=ARL11
4615	4635	5687	5666	82.609	23	21.4	55	Exon_03|rel=6910-13065|len=6156	NC_006088.5:170584604-170599668|strand=+|gene=ARL11
1471	1485	7013	7027	93.333	15	21.4	55	Exon_03|rel=6910-13065|len=6156	NC_006088.5:170584604-170599668|strand=+|gene=ARL11
3229	3243	7126	7140	93.333	15	21.4	55	Exon_03|rel=6910-13065|len=6156	NC_006088.5:170584604-170599668|strand=+|gene=ARL11
3973	3987	8161	8147	93.333	15	21.4	55	Exon_03|rel=6910-13065|len=6156	NC_006088.5:170584604-170599668|strand=+|gene=ARL11
5208	5246	8148	8190	71.111	45	21.4	55	Exon_03|rel=6910-13065|len=6156	NC_006088.5:170584604-170599668|strand=+|gene=ARL11
104	118	8380	8394	93.333	15	21.4	55	Exon_03|rel=6910-13065|len=6156	NC_006088.5:170584604-170599668|strand=+|gene=ARL11
217	231	10138	10152	93.333	15	21.4	55	Exon_03|rel=6910-13065|len=6156	NC_006088.5:170584604-170599668|strand=+|gene=ARL11
1238	1252	10896	10882	93.333	15	21.4	55	Exon_03|rel=6910-13065|len=6156	NC_006088.5:170584604-170599668|strand=+|gene=ARL11
1239	1281	12117	12155	71.111	45	21.4	55	Exon_03|rel=6910-13065|len=6156	NC_006088.5:170584604-170599668|strand=+|gene=ARL11
5782	5801	12588	12569	85.000	20	21.4	55	Exon_03|rel=6910-13065|len=6156	NC_006088.5:170584604-170599668|strand=+|gene=ARL11
5660	5679	12710	12691	85.000	20	21.4	55	Exon_03|rel=6910-13065|len=6156	NC_006088.5:170584604-170599668|strand=+|gene=ARL11
3473	3487	14480	14466	93.333	15	21.4	55	Exon_03|rel=6910-13065|len=6156	NC_006088.5:170584604-170599668|strand=+|gene=ARL11
885	896	229	218	100.000	12	20.7	55	Exon_03|rel=6910-13065|len=6156	NC_006088.5:170584604-170599668|strand=+|gene=ARL11
6144	6155	1168	1179	100.000	12	20.7	55	Exon_03|rel=6910-13065|len=6156	NC_006088.5:170584604-170599668|strand=+|gene=ARL11
1469	1480	2086	2097	100.000	12	20.7	55	Exon_03|rel=6910-13065|len=6156	NC_006088.5:170584604-170599668|strand=+|gene=ARL11
3424	3440	2369	2385	88.235	17	20.7	55	Exon_03|rel=6910-13065|len=6156	NC_006088.5:170584604-170599668|strand=+|gene=ARL11
873	884	4832	4821	100.000	12	20.7	55	Exon_03|rel=6910-13065|len=6156	NC_006088.5:170584604-170599668|strand=+|gene=ARL11
1688	1699	5478	5467	100.000	12	20.7	55	Exon_03|rel=6910-13065|len=6156	NC_006088.5:170584604-170599668|strand=+|gene=ARL11
1469	1491	5684	5661	80.000	25	20.7	55	Exon_03|rel=6910-13065|len=6156	NC_006088.5:170584604-170599668|strand=+|gene=ARL11
1183	1194	5987	5998	100.000	12	20.7	55	Exon_03|rel=6910-13065|len=6156	NC_006088.5:170584604-170599668|strand=+|gene=ARL11
3261	3272	6946	6935	100.000	12	20.7	55	Exon_03|rel=6910-13065|len=6156	NC_006088.5:170584604-170599668|strand=+|gene=ARL11
500	511	7420	7409	100.000	12	20.7	55	Exon_03|rel=6910-13065|len=6156	NC_006088.5:170584604-170599668|strand=+|gene=ARL11
3311	3322	7466	7477	100.000	12	20.7	55	Exon_03|rel=6910-13065|len=6156	NC_006088.5:170584604-170599668|strand=+|gene=ARL11
4677	4693	7905	7889	88.235	17	20.7	55	Exon_03|rel=6910-13065|len=6156	NC_006088.5:170584604-170599668|strand=+|gene=ARL11
3200	3211	8842	8831	100.000	12	20.7	55	Exon_03|rel=6910-13065|len=6156	NC_006088.5:170584604-170599668|strand=+|gene=ARL11
4477	4493	9879	9895	88.235	17	20.7	55	Exon_03|rel=6910-13065|len=6156	NC_006088.5:170584604-170599668|strand=+|gene=ARL11
5697	5708	10077	10066	100.000	12	20.7	55	Exon_03|rel=6910-13065|len=6156	NC_006088.5:170584604-170599668|strand=+|gene=ARL11
1922	1933	10120	10109	100.000	12	20.7	55	Exon_03|rel=6910-13065|len=6156	NC_006088.5:170584604-170599668|strand=+|gene=ARL11
5035	5046	10110	10121	100.000	12	20.7	55	Exon_03|rel=6910-13065|len=6156	NC_006088.5:170584604-170599668|strand=+|gene=ARL11
26	37	10181	10170	100.000	12	20.7	55	Exon_03|rel=6910-13065|len=6156	NC_006088.5:170584604-170599668|strand=+|gene=ARL11
557	568	10220	10231	100.000	12	20.7	55	Exon_03|rel=6910-13065|len=6156	NC_006088.5:170584604-170599668|strand=+|gene=ARL11
5936	5947	10366	10355	100.000	12	20.7	55	Exon_03|rel=6910-13065|len=6156	NC_006088.5:170584604-170599668|strand=+|gene=ARL11
2970	2986	11386	11402	88.235	17	20.7	55	Exon_03|rel=6910-13065|len=6156	NC_006088.5:170584604-170599668|strand=+|gene=ARL11
980	996	11602	11586	88.235	17	20.7	55	Exon_03|rel=6910-13065|len=6156	NC_006088.5:170584604-170599668|strand=+|gene=ARL11
3201	3212	11944	11955	100.000	12	20.7	55	Exon_03|rel=6910-13065|len=6156	NC_006088.5:170584604-170599668|strand=+|gene=ARL11
5890	5906	12609	12593	88.235	17	20.7	55	Exon_03|rel=6910-13065|len=6156	NC_006088.5:170584604-170599668|strand=+|gene=ARL11
3157	3168	12617	12606	100.000	12	20.7	55	Exon_03|rel=6910-13065|len=6156	NC_006088.5:170584604-170599668|strand=+|gene=ARL11
5684	5700	12815	12799	88.235	17	20.7	55	Exon_03|rel=6910-13065|len=6156	NC_006088.5:170584604-170599668|strand=+|gene=ARL11
3446	3457	12856	12845	100.000	12	20.7	55	Exon_03|rel=6910-13065|len=6156	NC_006088.5:170584604-170599668|strand=+|gene=ARL11
2796	2812	14095	14111	88.235	17	20.7	55	Exon_03|rel=6910-13065|len=6156	NC_006088.5:170584604-170599668|strand=+|gene=ARL11
4950	4961	14480	14469	100.000	12	20.7	55	Exon_03|rel=6910-13065|len=6156	NC_006088.5:170584604-170599668|strand=+|gene=ARL11
