1	3087	2001	5087	100.000	3087	4590	0.0	Exon_01|rel=2001-5087|len=3087	NC_006091.5:82436663-82451196|strand=+|gene=TNIP2
1198	1370	10611	10799	69.271	192	71.9	1.64e-14	Exon_01|rel=2001-5087|len=3087	NC_006091.5:82436663-82451196|strand=+|gene=TNIP2
2176	2241	3764	3701	70.833	72	28.8	0.15	Exon_01|rel=2001-5087|len=3087	NC_006091.5:82436663-82451196|strand=+|gene=TNIP2
1701	1764	4241	4176	70.833	72	28.8	0.15	Exon_01|rel=2001-5087|len=3087	NC_006091.5:82436663-82451196|strand=+|gene=TNIP2
2784	2814	5270	5239	82.353	34	27.4	0.43	Exon_01|rel=2001-5087|len=3087	NC_006091.5:82436663-82451196|strand=+|gene=TNIP2
371	410	5285	5249	76.190	42	27.4	0.43	Exon_01|rel=2001-5087|len=3087	NC_006091.5:82436663-82451196|strand=+|gene=TNIP2
19	69	9589	9534	71.930	57	27.4	0.43	Exon_01|rel=2001-5087|len=3087	NC_006091.5:82436663-82451196|strand=+|gene=TNIP2
2055	2185	5114	4972	65.563	151	25.1	1.2	Exon_01|rel=2001-5087|len=3087	NC_006091.5:82436663-82451196|strand=+|gene=TNIP2
1169	1266	5474	5568	66.346	104	25.1	1.2	Exon_01|rel=2001-5087|len=3087	NC_006091.5:82436663-82451196|strand=+|gene=TNIP2
1266	1292	7060	7033	82.143	28	25.1	1.2	Exon_01|rel=2001-5087|len=3087	NC_006091.5:82436663-82451196|strand=+|gene=TNIP2
1320	1370	301	352	70.370	54	24.4	3.4	Exon_01|rel=2001-5087|len=3087	NC_006091.5:82436663-82451196|strand=+|gene=TNIP2
2026	2066	3711	3749	73.810	42	24.4	3.4	Exon_01|rel=2001-5087|len=3087	NC_006091.5:82436663-82451196|strand=+|gene=TNIP2
1711	1749	4026	4066	73.810	42	24.4	3.4	Exon_01|rel=2001-5087|len=3087	NC_006091.5:82436663-82451196|strand=+|gene=TNIP2
494	534	13245	13288	73.913	46	22.9	9.5	Exon_01|rel=2001-5087|len=3087	NC_006091.5:82436663-82451196|strand=+|gene=TNIP2
2164	2181	4109	4092	88.889	18	22.2	9.5	Exon_01|rel=2001-5087|len=3087	NC_006091.5:82436663-82451196|strand=+|gene=TNIP2
2160	2224	4224	4160	66.667	72	22.2	9.5	Exon_01|rel=2001-5087|len=3087	NC_006091.5:82436663-82451196|strand=+|gene=TNIP2
2092	2109	4181	4164	88.889	18	22.2	9.5	Exon_01|rel=2001-5087|len=3087	NC_006091.5:82436663-82451196|strand=+|gene=TNIP2
2452	2474	4193	4171	82.609	23	22.2	9.5	Exon_01|rel=2001-5087|len=3087	NC_006091.5:82436663-82451196|strand=+|gene=TNIP2
2171	2193	4474	4452	82.609	23	22.2	9.5	Exon_01|rel=2001-5087|len=3087	NC_006091.5:82436663-82451196|strand=+|gene=TNIP2
1426	1448	9413	9391	83.333	24	22.2	9.5	Exon_01|rel=2001-5087|len=3087	NC_006091.5:82436663-82451196|strand=+|gene=TNIP2
60	89	9995	9967	77.419	31	22.2	9.5	Exon_01|rel=2001-5087|len=3087	NC_006091.5:82436663-82451196|strand=+|gene=TNIP2
1678	1700	10661	10683	82.609	23	22.2	9.5	Exon_01|rel=2001-5087|len=3087	NC_006091.5:82436663-82451196|strand=+|gene=TNIP2
437	468	11740	11769	75.758	33	22.2	9.5	Exon_01|rel=2001-5087|len=3087	NC_006091.5:82436663-82451196|strand=+|gene=TNIP2
1137	1154	2593	2577	88.889	18	21.4	27	Exon_01|rel=2001-5087|len=3087	NC_006091.5:82436663-82451196|strand=+|gene=TNIP2
577	593	3154	3137	88.889	18	21.4	27	Exon_01|rel=2001-5087|len=3087	NC_006091.5:82436663-82451196|strand=+|gene=TNIP2
2043	2064	3799	3779	82.609	23	21.4	27	Exon_01|rel=2001-5087|len=3087	NC_006091.5:82436663-82451196|strand=+|gene=TNIP2
1779	1799	4064	4043	82.609	23	21.4	27	Exon_01|rel=2001-5087|len=3087	NC_006091.5:82436663-82451196|strand=+|gene=TNIP2
2405	2482	4079	4155	67.059	85	21.4	27	Exon_01|rel=2001-5087|len=3087	NC_006091.5:82436663-82451196|strand=+|gene=TNIP2
2079	2155	4405	4482	67.059	85	21.4	27	Exon_01|rel=2001-5087|len=3087	NC_006091.5:82436663-82451196|strand=+|gene=TNIP2
1458	1483	5612	5586	78.571	28	21.4	27	Exon_01|rel=2001-5087|len=3087	NC_006091.5:82436663-82451196|strand=+|gene=TNIP2
594	608	7023	7009	93.333	15	21.4	27	Exon_01|rel=2001-5087|len=3087	NC_006091.5:82436663-82451196|strand=+|gene=TNIP2
1482	1511	7186	7157	76.667	30	21.4	27	Exon_01|rel=2001-5087|len=3087	NC_006091.5:82436663-82451196|strand=+|gene=TNIP2
10	24	11122	11108	93.333	15	21.4	27	Exon_01|rel=2001-5087|len=3087	NC_006091.5:82436663-82451196|strand=+|gene=TNIP2
2760	2795	705	676	72.973	37	20.7	27	Exon_01|rel=2001-5087|len=3087	NC_006091.5:82436663-82451196|strand=+|gene=TNIP2
140	158	1512	1531	85.000	20	20.7	27	Exon_01|rel=2001-5087|len=3087	NC_006091.5:82436663-82451196|strand=+|gene=TNIP2
916	932	2932	2916	88.889	18	20.7	27	Exon_01|rel=2001-5087|len=3087	NC_006091.5:82436663-82451196|strand=+|gene=TNIP2
1128	1139	3139	3128	100.000	12	20.7	27	Exon_01|rel=2001-5087|len=3087	NC_006091.5:82436663-82451196|strand=+|gene=TNIP2
84	100	5078	5094	88.235	17	20.7	27	Exon_01|rel=2001-5087|len=3087	NC_006091.5:82436663-82451196|strand=+|gene=TNIP2
1171	1182	5680	5669	100.000	12	20.7	27	Exon_01|rel=2001-5087|len=3087	NC_006091.5:82436663-82451196|strand=+|gene=TNIP2
2249	2260	8904	8893	100.000	12	20.7	27	Exon_01|rel=2001-5087|len=3087	NC_006091.5:82436663-82451196|strand=+|gene=TNIP2
2855	2876	10203	10224	81.818	22	20.7	27	Exon_01|rel=2001-5087|len=3087	NC_006091.5:82436663-82451196|strand=+|gene=TNIP2
1086	1110	11580	11557	80.000	25	20.7	27	Exon_01|rel=2001-5087|len=3087	NC_006091.5:82436663-82451196|strand=+|gene=TNIP2
463	489	12088	12059	76.667	30	20.7	27	Exon_01|rel=2001-5087|len=3087	NC_006091.5:82436663-82451196|strand=+|gene=TNIP2
943	959	12635	12615	80.952	21	20.7	27	Exon_01|rel=2001-5087|len=3087	NC_006091.5:82436663-82451196|strand=+|gene=TNIP2
213	248	13209	13171	73.171	41	20.7	27	Exon_01|rel=2001-5087|len=3087	NC_006091.5:82436663-82451196|strand=+|gene=TNIP2
376	401	774	800	77.778	27	19.9	74	Exon_01|rel=2001-5087|len=3087	NC_006091.5:82436663-82451196|strand=+|gene=TNIP2
147	160	1901	1914	92.857	14	19.9	74	Exon_01|rel=2001-5087|len=3087	NC_006091.5:82436663-82451196|strand=+|gene=TNIP2
2762	2775	2121	2108	92.857	14	19.9	74	Exon_01|rel=2001-5087|len=3087	NC_006091.5:82436663-82451196|strand=+|gene=TNIP2
1736	1749	3243	3230	92.857	14	19.9	74	Exon_01|rel=2001-5087|len=3087	NC_006091.5:82436663-82451196|strand=+|gene=TNIP2
1230	1243	3749	3736	92.857	14	19.9	74	Exon_01|rel=2001-5087|len=3087	NC_006091.5:82436663-82451196|strand=+|gene=TNIP2
2431	2447	4338	4320	84.211	19	19.9	74	Exon_01|rel=2001-5087|len=3087	NC_006091.5:82436663-82451196|strand=+|gene=TNIP2
2320	2338	4447	4431	84.211	19	19.9	74	Exon_01|rel=2001-5087|len=3087	NC_006091.5:82436663-82451196|strand=+|gene=TNIP2
108	121	4775	4762	92.857	14	19.9	74	Exon_01|rel=2001-5087|len=3087	NC_006091.5:82436663-82451196|strand=+|gene=TNIP2
2276	2294	5436	5418	84.211	19	19.9	74	Exon_01|rel=2001-5087|len=3087	NC_006091.5:82436663-82451196|strand=+|gene=TNIP2
1314	1327	7593	7580	92.857	14	19.9	74	Exon_01|rel=2001-5087|len=3087	NC_006091.5:82436663-82451196|strand=+|gene=TNIP2
173	186	11242	11229	92.857	14	19.9	74	Exon_01|rel=2001-5087|len=3087	NC_006091.5:82436663-82451196|strand=+|gene=TNIP2
1503	1516	12294	12281	92.857	14	19.9	74	Exon_01|rel=2001-5087|len=3087	NC_006091.5:82436663-82451196|strand=+|gene=TNIP2
1347	1357	696	706	100.000	11	19.2	74	Exon_01|rel=2001-5087|len=3087	NC_006091.5:82436663-82451196|strand=+|gene=TNIP2
911	926	835	820	87.500	16	19.2	74	Exon_01|rel=2001-5087|len=3087	NC_006091.5:82436663-82451196|strand=+|gene=TNIP2
841	851	2594	2584	100.000	11	19.2	74	Exon_01|rel=2001-5087|len=3087	NC_006091.5:82436663-82451196|strand=+|gene=TNIP2
3035	3050	2799	2814	87.500	16	19.2	74	Exon_01|rel=2001-5087|len=3087	NC_006091.5:82436663-82451196|strand=+|gene=TNIP2
584	594	2851	2841	100.000	11	19.2	74	Exon_01|rel=2001-5087|len=3087	NC_006091.5:82436663-82451196|strand=+|gene=TNIP2
1520	1530	3370	3380	100.000	11	19.2	74	Exon_01|rel=2001-5087|len=3087	NC_006091.5:82436663-82451196|strand=+|gene=TNIP2
1370	1380	3520	3530	100.000	11	19.2	74	Exon_01|rel=2001-5087|len=3087	NC_006091.5:82436663-82451196|strand=+|gene=TNIP2
2235	2250	3729	3714	87.500	16	19.2	74	Exon_01|rel=2001-5087|len=3087	NC_006091.5:82436663-82451196|strand=+|gene=TNIP2
1714	1729	4250	4235	87.500	16	19.2	74	Exon_01|rel=2001-5087|len=3087	NC_006091.5:82436663-82451196|strand=+|gene=TNIP2
799	814	5035	5050	87.500	16	19.2	74	Exon_01|rel=2001-5087|len=3087	NC_006091.5:82436663-82451196|strand=+|gene=TNIP2
1069	1089	6133	6113	80.952	21	19.2	74	Exon_01|rel=2001-5087|len=3087	NC_006091.5:82436663-82451196|strand=+|gene=TNIP2
722	737	7636	7621	87.500	16	19.2	74	Exon_01|rel=2001-5087|len=3087	NC_006091.5:82436663-82451196|strand=+|gene=TNIP2
2435	2445	8244	8254	100.000	11	19.2	74	Exon_01|rel=2001-5087|len=3087	NC_006091.5:82436663-82451196|strand=+|gene=TNIP2
3002	3012	8295	8285	100.000	11	19.2	74	Exon_01|rel=2001-5087|len=3087	NC_006091.5:82436663-82451196|strand=+|gene=TNIP2
109	119	8419	8429	100.000	11	19.2	74	Exon_01|rel=2001-5087|len=3087	NC_006091.5:82436663-82451196|strand=+|gene=TNIP2
1377	1387	9104	9094	100.000	11	19.2	74	Exon_01|rel=2001-5087|len=3087	NC_006091.5:82436663-82451196|strand=+|gene=TNIP2
1399	1419	9304	9324	80.952	21	19.2	74	Exon_01|rel=2001-5087|len=3087	NC_006091.5:82436663-82451196|strand=+|gene=TNIP2
1041	1051	9564	9574	100.000	11	19.2	74	Exon_01|rel=2001-5087|len=3087	NC_006091.5:82436663-82451196|strand=+|gene=TNIP2
3006	3016	10243	10253	100.000	11	19.2	74	Exon_01|rel=2001-5087|len=3087	NC_006091.5:82436663-82451196|strand=+|gene=TNIP2
1558	1573	11129	11114	87.500	16	19.2	74	Exon_01|rel=2001-5087|len=3087	NC_006091.5:82436663-82451196|strand=+|gene=TNIP2
1116	1126	11376	11386	100.000	11	19.2	74	Exon_01|rel=2001-5087|len=3087	NC_006091.5:82436663-82451196|strand=+|gene=TNIP2
3	13	11834	11824	100.000	11	19.2	74	Exon_01|rel=2001-5087|len=3087	NC_006091.5:82436663-82451196|strand=+|gene=TNIP2
2237	2252	13100	13085	87.500	16	19.2	74	Exon_01|rel=2001-5087|len=3087	NC_006091.5:82436663-82451196|strand=+|gene=TNIP2
327	342	13987	14002	87.500	16	19.2	74	Exon_01|rel=2001-5087|len=3087	NC_006091.5:82436663-82451196|strand=+|gene=TNIP2
1	306	7401	7706	100.000	306	457	7.37e-132	Exon_02|rel=7401-7706|len=306	NC_006091.5:82436663-82451196|strand=+|gene=TNIP2
135	170	4736	4698	75.000	40	22.9	0.86	Exon_02|rel=7401-7706|len=306	NC_006091.5:82436663-82451196|strand=+|gene=TNIP2
105	137	3975	4005	75.758	33	22.2	0.86	Exon_02|rel=7401-7706|len=306	NC_006091.5:82436663-82451196|strand=+|gene=TNIP2
109	136	5330	5353	78.571	28	22.2	0.86	Exon_02|rel=7401-7706|len=306	NC_006091.5:82436663-82451196|strand=+|gene=TNIP2
244	266	12322	12346	80.000	25	21.4	2.4	Exon_02|rel=7401-7706|len=306	NC_006091.5:82436663-82451196|strand=+|gene=TNIP2
72	90	10374	10393	85.000	20	20.7	2.4	Exon_02|rel=7401-7706|len=306	NC_006091.5:82436663-82451196|strand=+|gene=TNIP2
34	50	2851	2836	88.235	17	19.9	6.7	Exon_02|rel=7401-7706|len=306	NC_006091.5:82436663-82451196|strand=+|gene=TNIP2
238	253	2865	2849	88.235	17	19.9	6.7	Exon_02|rel=7401-7706|len=306	NC_006091.5:82436663-82451196|strand=+|gene=TNIP2
180	193	3327	3314	92.857	14	19.9	6.7	Exon_02|rel=7401-7706|len=306	NC_006091.5:82436663-82451196|strand=+|gene=TNIP2
212	247	6134	6168	73.684	38	19.9	6.7	Exon_02|rel=7401-7706|len=306	NC_006091.5:82436663-82451196|strand=+|gene=TNIP2
77	92	7931	7915	88.235	17	19.9	6.7	Exon_02|rel=7401-7706|len=306	NC_006091.5:82436663-82451196|strand=+|gene=TNIP2
281	302	9746	9723	79.167	24	19.9	6.7	Exon_02|rel=7401-7706|len=306	NC_006091.5:82436663-82451196|strand=+|gene=TNIP2
1	25	10234	10256	80.000	25	19.9	6.7	Exon_02|rel=7401-7706|len=306	NC_006091.5:82436663-82451196|strand=+|gene=TNIP2
105	130	10370	10395	75.862	29	19.9	6.7	Exon_02|rel=7401-7706|len=306	NC_006091.5:82436663-82451196|strand=+|gene=TNIP2
235	248	12163	12150	92.857	14	19.9	6.7	Exon_02|rel=7401-7706|len=306	NC_006091.5:82436663-82451196|strand=+|gene=TNIP2
58	68	1405	1415	100.000	11	19.2	6.7	Exon_02|rel=7401-7706|len=306	NC_006091.5:82436663-82451196|strand=+|gene=TNIP2
221	236	2737	2722	87.500	16	19.2	6.7	Exon_02|rel=7401-7706|len=306	NC_006091.5:82436663-82451196|strand=+|gene=TNIP2
276	294	6451	6469	80.952	21	19.2	6.7	Exon_02|rel=7401-7706|len=306	NC_006091.5:82436663-82451196|strand=+|gene=TNIP2
246	256	13006	12996	100.000	11	19.2	6.7	Exon_02|rel=7401-7706|len=306	NC_006091.5:82436663-82451196|strand=+|gene=TNIP2
176	197	2449	2476	75.000	28	18.4	19	Exon_02|rel=7401-7706|len=306	NC_006091.5:82436663-82451196|strand=+|gene=TNIP2
114	163	5559	5519	68.627	51	18.4	19	Exon_02|rel=7401-7706|len=306	NC_006091.5:82436663-82451196|strand=+|gene=TNIP2
191	203	6722	6710	92.308	13	18.4	19	Exon_02|rel=7401-7706|len=306	NC_006091.5:82436663-82451196|strand=+|gene=TNIP2
279	291	7315	7303	92.308	13	18.4	19	Exon_02|rel=7401-7706|len=306	NC_006091.5:82436663-82451196|strand=+|gene=TNIP2
115	129	9114	9129	87.500	16	18.4	19	Exon_02|rel=7401-7706|len=306	NC_006091.5:82436663-82451196|strand=+|gene=TNIP2
164	179	11726	11740	87.500	16	18.4	19	Exon_02|rel=7401-7706|len=306	NC_006091.5:82436663-82451196|strand=+|gene=TNIP2
162	174	11736	11748	92.308	13	18.4	19	Exon_02|rel=7401-7706|len=306	NC_006091.5:82436663-82451196|strand=+|gene=TNIP2
129	143	13531	13516	87.500	16	18.4	19	Exon_02|rel=7401-7706|len=306	NC_006091.5:82436663-82451196|strand=+|gene=TNIP2
78	103	14480	14456	77.778	27	18.4	19	Exon_02|rel=7401-7706|len=306	NC_006091.5:82436663-82451196|strand=+|gene=TNIP2
237	246	3622	3613	100.000	10	17.7	19	Exon_02|rel=7401-7706|len=306	NC_006091.5:82436663-82451196|strand=+|gene=TNIP2
258	267	4652	4661	100.000	10	17.7	19	Exon_02|rel=7401-7706|len=306	NC_006091.5:82436663-82451196|strand=+|gene=TNIP2
240	249	5337	5346	100.000	10	17.7	19	Exon_02|rel=7401-7706|len=306	NC_006091.5:82436663-82451196|strand=+|gene=TNIP2
208	217	8330	8339	100.000	10	17.7	19	Exon_02|rel=7401-7706|len=306	NC_006091.5:82436663-82451196|strand=+|gene=TNIP2
74	85	10292	10304	92.308	13	17.7	19	Exon_02|rel=7401-7706|len=306	NC_006091.5:82436663-82451196|strand=+|gene=TNIP2
238	257	13466	13485	80.000	20	17.7	19	Exon_02|rel=7401-7706|len=306	NC_006091.5:82436663-82451196|strand=+|gene=TNIP2
47	56	13596	13587	100.000	10	17.7	19	Exon_02|rel=7401-7706|len=306	NC_006091.5:82436663-82451196|strand=+|gene=TNIP2
150	166	193	177	82.353	17	17.0	53	Exon_02|rel=7401-7706|len=306	NC_006091.5:82436663-82451196|strand=+|gene=TNIP2
56	67	2265	2254	91.667	12	17.0	53	Exon_02|rel=7401-7706|len=306	NC_006091.5:82436663-82451196|strand=+|gene=TNIP2
34	48	3146	3133	86.667	15	17.0	53	Exon_02|rel=7401-7706|len=306	NC_006091.5:82436663-82451196|strand=+|gene=TNIP2
162	173	3159	3170	91.667	12	17.0	53	Exon_02|rel=7401-7706|len=306	NC_006091.5:82436663-82451196|strand=+|gene=TNIP2
261	272	4263	4252	91.667	12	17.0	53	Exon_02|rel=7401-7706|len=306	NC_006091.5:82436663-82451196|strand=+|gene=TNIP2
254	265	5336	5347	91.667	12	17.0	53	Exon_02|rel=7401-7706|len=306	NC_006091.5:82436663-82451196|strand=+|gene=TNIP2
33	44	7161	7150	91.667	12	17.0	53	Exon_02|rel=7401-7706|len=306	NC_006091.5:82436663-82451196|strand=+|gene=TNIP2
180	195	9244	9227	83.333	18	17.0	53	Exon_02|rel=7401-7706|len=306	NC_006091.5:82436663-82451196|strand=+|gene=TNIP2
184	195	10266	10277	91.667	12	17.0	53	Exon_02|rel=7401-7706|len=306	NC_006091.5:82436663-82451196|strand=+|gene=TNIP2
238	268	10367	10398	70.588	34	17.0	53	Exon_02|rel=7401-7706|len=306	NC_006091.5:82436663-82451196|strand=+|gene=TNIP2
160	179	11735	11717	80.000	20	17.0	53	Exon_02|rel=7401-7706|len=306	NC_006091.5:82436663-82451196|strand=+|gene=TNIP2
166	179	13246	13232	86.667	15	17.0	53	Exon_02|rel=7401-7706|len=306	NC_006091.5:82436663-82451196|strand=+|gene=TNIP2
260	268	43	51	100.000	9	16.2	53	Exon_02|rel=7401-7706|len=306	NC_006091.5:82436663-82451196|strand=+|gene=TNIP2
147	155	431	423	100.000	9	16.2	53	Exon_02|rel=7401-7706|len=306	NC_006091.5:82436663-82451196|strand=+|gene=TNIP2
182	203	484	466	77.273	22	16.2	53	Exon_02|rel=7401-7706|len=306	NC_006091.5:82436663-82451196|strand=+|gene=TNIP2
5	13	555	563	100.000	9	16.2	53	Exon_02|rel=7401-7706|len=306	NC_006091.5:82436663-82451196|strand=+|gene=TNIP2
30	50	792	813	77.273	22	16.2	53	Exon_02|rel=7401-7706|len=306	NC_006091.5:82436663-82451196|strand=+|gene=TNIP2
195	211	1353	1338	82.353	17	16.2	53	Exon_02|rel=7401-7706|len=306	NC_006091.5:82436663-82451196|strand=+|gene=TNIP2
1	9	1610	1602	100.000	9	16.2	53	Exon_02|rel=7401-7706|len=306	NC_006091.5:82436663-82451196|strand=+|gene=TNIP2
34	42	2584	2592	100.000	9	16.2	53	Exon_02|rel=7401-7706|len=306	NC_006091.5:82436663-82451196|strand=+|gene=TNIP2
86	94	2712	2704	100.000	9	16.2	53	Exon_02|rel=7401-7706|len=306	NC_006091.5:82436663-82451196|strand=+|gene=TNIP2
208	216	2995	2987	100.000	9	16.2	53	Exon_02|rel=7401-7706|len=306	NC_006091.5:82436663-82451196|strand=+|gene=TNIP2
122	130	4651	4659	100.000	9	16.2	53	Exon_02|rel=7401-7706|len=306	NC_006091.5:82436663-82451196|strand=+|gene=TNIP2
102	110	5877	5869	100.000	9	16.2	53	Exon_02|rel=7401-7706|len=306	NC_006091.5:82436663-82451196|strand=+|gene=TNIP2
227	235	6612	6620	100.000	9	16.2	53	Exon_02|rel=7401-7706|len=306	NC_006091.5:82436663-82451196|strand=+|gene=TNIP2
12	20	6755	6747	100.000	9	16.2	53	Exon_02|rel=7401-7706|len=306	NC_006091.5:82436663-82451196|strand=+|gene=TNIP2
19	27	7109	7101	100.000	9	16.2	53	Exon_02|rel=7401-7706|len=306	NC_006091.5:82436663-82451196|strand=+|gene=TNIP2
229	257	7293	7267	72.414	29	16.2	53	Exon_02|rel=7401-7706|len=306	NC_006091.5:82436663-82451196|strand=+|gene=TNIP2
243	251	8286	8278	100.000	9	16.2	53	Exon_02|rel=7401-7706|len=306	NC_006091.5:82436663-82451196|strand=+|gene=TNIP2
234	242	8296	8304	100.000	9	16.2	53	Exon_02|rel=7401-7706|len=306	NC_006091.5:82436663-82451196|strand=+|gene=TNIP2
69	77	9908	9916	100.000	9	16.2	53	Exon_02|rel=7401-7706|len=306	NC_006091.5:82436663-82451196|strand=+|gene=TNIP2
111	119	9936	9944	100.000	9	16.2	53	Exon_02|rel=7401-7706|len=306	NC_006091.5:82436663-82451196|strand=+|gene=TNIP2
79	87	10357	10365	100.000	9	16.2	53	Exon_02|rel=7401-7706|len=306	NC_006091.5:82436663-82451196|strand=+|gene=TNIP2
182	190	10957	10965	100.000	9	16.2	53	Exon_02|rel=7401-7706|len=306	NC_006091.5:82436663-82451196|strand=+|gene=TNIP2
104	112	11487	11479	100.000	9	16.2	53	Exon_02|rel=7401-7706|len=306	NC_006091.5:82436663-82451196|strand=+|gene=TNIP2
259	272	11935	11922	85.714	14	16.2	53	Exon_02|rel=7401-7706|len=306	NC_006091.5:82436663-82451196|strand=+|gene=TNIP2
250	263	12029	12042	85.714	14	16.2	53	Exon_02|rel=7401-7706|len=306	NC_006091.5:82436663-82451196|strand=+|gene=TNIP2
31	39	12892	12884	100.000	9	16.2	53	Exon_02|rel=7401-7706|len=306	NC_006091.5:82436663-82451196|strand=+|gene=TNIP2
30	38	13074	13066	100.000	9	16.2	53	Exon_02|rel=7401-7706|len=306	NC_006091.5:82436663-82451196|strand=+|gene=TNIP2
29	37	13171	13163	100.000	9	16.2	53	Exon_02|rel=7401-7706|len=306	NC_006091.5:82436663-82451196|strand=+|gene=TNIP2
230	238	13292	13300	100.000	9	16.2	53	Exon_02|rel=7401-7706|len=306	NC_006091.5:82436663-82451196|strand=+|gene=TNIP2
221	229	13402	13410	100.000	9	16.2	53	Exon_02|rel=7401-7706|len=306	NC_006091.5:82436663-82451196|strand=+|gene=TNIP2
51	59	13644	13652	100.000	9	16.2	53	Exon_02|rel=7401-7706|len=306	NC_006091.5:82436663-82451196|strand=+|gene=TNIP2
76	84	14197	14205	100.000	9	16.2	53	Exon_02|rel=7401-7706|len=306	NC_006091.5:82436663-82451196|strand=+|gene=TNIP2
1	90	9514	9603	100.000	90	136	7.16e-36	Exon_03|rel=9514-9603|len=90	NC_006091.5:82436663-82451196|strand=+|gene=TNIP2
21	76	2069	2019	71.930	57	27.4	0.009	Exon_03|rel=9514-9603|len=90	NC_006091.5:82436663-82451196|strand=+|gene=TNIP2
7	29	5794	5818	84.615	26	26.6	0.009	Exon_03|rel=9514-9603|len=90	NC_006091.5:82436663-82451196|strand=+|gene=TNIP2
71	90	6790	6770	85.714	21	22.2	0.20	Exon_03|rel=9514-9603|len=90	NC_006091.5:82436663-82451196|strand=+|gene=TNIP2
42	71	882	909	77.419	31	21.4	0.56	Exon_03|rel=9514-9603|len=90	NC_006091.5:82436663-82451196|strand=+|gene=TNIP2
3	67	10940	11009	69.444	72	21.4	0.56	Exon_03|rel=9514-9603|len=90	NC_006091.5:82436663-82451196|strand=+|gene=TNIP2
6	26	10989	10968	82.609	23	21.4	0.56	Exon_03|rel=9514-9603|len=90	NC_006091.5:82436663-82451196|strand=+|gene=TNIP2
15	43	2124	2088	72.973	37	20.7	0.56	Exon_03|rel=9514-9603|len=90	NC_006091.5:82436663-82451196|strand=+|gene=TNIP2
60	86	1403	1380	77.778	27	19.9	1.6	Exon_03|rel=9514-9603|len=90	NC_006091.5:82436663-82451196|strand=+|gene=TNIP2
63	78	2573	2557	88.235	17	19.9	1.6	Exon_03|rel=9514-9603|len=90	NC_006091.5:82436663-82451196|strand=+|gene=TNIP2
9	36	12093	12061	75.758	33	19.9	1.6	Exon_03|rel=9514-9603|len=90	NC_006091.5:82436663-82451196|strand=+|gene=TNIP2
51	61	3041	3051	100.000	11	19.2	1.6	Exon_03|rel=9514-9603|len=90	NC_006091.5:82436663-82451196|strand=+|gene=TNIP2
29	41	8803	8790	92.857	14	19.2	1.6	Exon_03|rel=9514-9603|len=90	NC_006091.5:82436663-82451196|strand=+|gene=TNIP2
46	73	10896	10867	74.194	31	19.2	1.6	Exon_03|rel=9514-9603|len=90	NC_006091.5:82436663-82451196|strand=+|gene=TNIP2
37	81	11057	11096	68.750	48	19.2	1.6	Exon_03|rel=9514-9603|len=90	NC_006091.5:82436663-82451196|strand=+|gene=TNIP2
12	24	11655	11668	92.857	14	19.2	1.6	Exon_03|rel=9514-9603|len=90	NC_006091.5:82436663-82451196|strand=+|gene=TNIP2
37	73	2005	1974	72.973	37	18.4	4.4	Exon_03|rel=9514-9603|len=90	NC_006091.5:82436663-82451196|strand=+|gene=TNIP2
42	60	12026	12042	84.211	19	18.4	4.4	Exon_03|rel=9514-9603|len=90	NC_006091.5:82436663-82451196|strand=+|gene=TNIP2
36	89	2071	2138	64.706	68	17.7	4.4	Exon_03|rel=9514-9603|len=90	NC_006091.5:82436663-82451196|strand=+|gene=TNIP2
42	72	3682	3656	74.194	31	17.7	4.4	Exon_03|rel=9514-9603|len=90	NC_006091.5:82436663-82451196|strand=+|gene=TNIP2
53	72	7348	7329	80.952	21	17.7	4.4	Exon_03|rel=9514-9603|len=90	NC_006091.5:82436663-82451196|strand=+|gene=TNIP2
17	51	7570	7598	72.222	36	17.7	4.4	Exon_03|rel=9514-9603|len=90	NC_006091.5:82436663-82451196|strand=+|gene=TNIP2
38	53	8638	8625	87.500	16	17.7	4.4	Exon_03|rel=9514-9603|len=90	NC_006091.5:82436663-82451196|strand=+|gene=TNIP2
81	90	10005	10014	100.000	10	17.7	4.4	Exon_03|rel=9514-9603|len=90	NC_006091.5:82436663-82451196|strand=+|gene=TNIP2
12	59	12258	12217	67.347	49	17.7	4.4	Exon_03|rel=9514-9603|len=90	NC_006091.5:82436663-82451196|strand=+|gene=TNIP2
52	74	6262	6282	78.261	23	17.0	12	Exon_03|rel=9514-9603|len=90	NC_006091.5:82436663-82451196|strand=+|gene=TNIP2
66	87	6281	6305	76.923	26	17.0	12	Exon_03|rel=9514-9603|len=90	NC_006091.5:82436663-82451196|strand=+|gene=TNIP2
42	61	7103	7085	80.000	20	17.0	12	Exon_03|rel=9514-9603|len=90	NC_006091.5:82436663-82451196|strand=+|gene=TNIP2
22	33	7363	7374	91.667	12	17.0	12	Exon_03|rel=9514-9603|len=90	NC_006091.5:82436663-82451196|strand=+|gene=TNIP2
11	25	8836	8849	86.667	15	17.0	12	Exon_03|rel=9514-9603|len=90	NC_006091.5:82436663-82451196|strand=+|gene=TNIP2
72	83	9023	9034	91.667	12	17.0	12	Exon_03|rel=9514-9603|len=90	NC_006091.5:82436663-82451196|strand=+|gene=TNIP2
52	63	9120	9131	91.667	12	17.0	12	Exon_03|rel=9514-9603|len=90	NC_006091.5:82436663-82451196|strand=+|gene=TNIP2
67	85	9808	9789	80.952	21	17.0	12	Exon_03|rel=9514-9603|len=90	NC_006091.5:82436663-82451196|strand=+|gene=TNIP2
16	27	11351	11362	91.667	12	17.0	12	Exon_03|rel=9514-9603|len=90	NC_006091.5:82436663-82451196|strand=+|gene=TNIP2
59	83	12314	12340	75.000	28	17.0	12	Exon_03|rel=9514-9603|len=90	NC_006091.5:82436663-82451196|strand=+|gene=TNIP2
59	67	494	502	100.000	9	16.2	12	Exon_03|rel=9514-9603|len=90	NC_006091.5:82436663-82451196|strand=+|gene=TNIP2
58	69	701	688	85.714	14	16.2	12	Exon_03|rel=9514-9603|len=90	NC_006091.5:82436663-82451196|strand=+|gene=TNIP2
41	49	1101	1093	100.000	9	16.2	12	Exon_03|rel=9514-9603|len=90	NC_006091.5:82436663-82451196|strand=+|gene=TNIP2
2	46	1164	1119	69.388	49	16.2	12	Exon_03|rel=9514-9603|len=90	NC_006091.5:82436663-82451196|strand=+|gene=TNIP2
48	56	1231	1223	100.000	9	16.2	12	Exon_03|rel=9514-9603|len=90	NC_006091.5:82436663-82451196|strand=+|gene=TNIP2
61	72	1975	1965	91.667	12	16.2	12	Exon_03|rel=9514-9603|len=90	NC_006091.5:82436663-82451196|strand=+|gene=TNIP2
20	36	2472	2487	82.353	17	16.2	12	Exon_03|rel=9514-9603|len=90	NC_006091.5:82436663-82451196|strand=+|gene=TNIP2
19	35	5976	5963	82.353	17	16.2	12	Exon_03|rel=9514-9603|len=90	NC_006091.5:82436663-82451196|strand=+|gene=TNIP2
71	81	6393	6404	91.667	12	16.2	12	Exon_03|rel=9514-9603|len=90	NC_006091.5:82436663-82451196|strand=+|gene=TNIP2
74	82	6941	6933	100.000	9	16.2	12	Exon_03|rel=9514-9603|len=90	NC_006091.5:82436663-82451196|strand=+|gene=TNIP2
72	80	6976	6968	100.000	9	16.2	12	Exon_03|rel=9514-9603|len=90	NC_006091.5:82436663-82451196|strand=+|gene=TNIP2
42	68	7295	7266	70.968	31	16.2	12	Exon_03|rel=9514-9603|len=90	NC_006091.5:82436663-82451196|strand=+|gene=TNIP2
24	32	7360	7368	100.000	9	16.2	12	Exon_03|rel=9514-9603|len=90	NC_006091.5:82436663-82451196|strand=+|gene=TNIP2
53	65	7452	7466	86.667	15	16.2	12	Exon_03|rel=9514-9603|len=90	NC_006091.5:82436663-82451196|strand=+|gene=TNIP2
10	28	8300	8317	76.190	21	16.2	12	Exon_03|rel=9514-9603|len=90	NC_006091.5:82436663-82451196|strand=+|gene=TNIP2
18	26	8800	8808	100.000	9	16.2	12	Exon_03|rel=9514-9603|len=90	NC_006091.5:82436663-82451196|strand=+|gene=TNIP2
53	61	9355	9363	100.000	9	16.2	12	Exon_03|rel=9514-9603|len=90	NC_006091.5:82436663-82451196|strand=+|gene=TNIP2
47	62	13439	13455	82.353	17	16.2	12	Exon_03|rel=9514-9603|len=90	NC_006091.5:82436663-82451196|strand=+|gene=TNIP2
17	27	488	478	90.909	11	15.5	34	Exon_03|rel=9514-9603|len=90	NC_006091.5:82436663-82451196|strand=+|gene=TNIP2
54	64	2503	2493	90.909	11	15.5	34	Exon_03|rel=9514-9603|len=90	NC_006091.5:82436663-82451196|strand=+|gene=TNIP2
19	31	2906	2919	85.714	14	15.5	34	Exon_03|rel=9514-9603|len=90	NC_006091.5:82436663-82451196|strand=+|gene=TNIP2
12	25	2920	2908	85.714	14	15.5	34	Exon_03|rel=9514-9603|len=90	NC_006091.5:82436663-82451196|strand=+|gene=TNIP2
68	89	7776	7751	73.077	26	15.5	34	Exon_03|rel=9514-9603|len=90	NC_006091.5:82436663-82451196|strand=+|gene=TNIP2
23	45	8031	8008	75.000	24	15.5	34	Exon_03|rel=9514-9603|len=90	NC_006091.5:82436663-82451196|strand=+|gene=TNIP2
24	65	13291	13257	66.667	42	15.5	34	Exon_03|rel=9514-9603|len=90	NC_006091.5:82436663-82451196|strand=+|gene=TNIP2
37	59	574	600	71.429	28	14.7	34	Exon_03|rel=9514-9603|len=90	NC_006091.5:82436663-82451196|strand=+|gene=TNIP2
56	63	830	837	100.000	8	14.7	34	Exon_03|rel=9514-9603|len=90	NC_006091.5:82436663-82451196|strand=+|gene=TNIP2
64	71	870	863	100.000	8	14.7	34	Exon_03|rel=9514-9603|len=90	NC_006091.5:82436663-82451196|strand=+|gene=TNIP2
73	80	1511	1518	100.000	8	14.7	34	Exon_03|rel=9514-9603|len=90	NC_006091.5:82436663-82451196|strand=+|gene=TNIP2
41	48	1645	1638	100.000	8	14.7	34	Exon_03|rel=9514-9603|len=90	NC_006091.5:82436663-82451196|strand=+|gene=TNIP2
40	47	1657	1650	100.000	8	14.7	34	Exon_03|rel=9514-9603|len=90	NC_006091.5:82436663-82451196|strand=+|gene=TNIP2
43	55	2679	2667	84.615	13	14.7	34	Exon_03|rel=9514-9603|len=90	NC_006091.5:82436663-82451196|strand=+|gene=TNIP2
22	47	2717	2744	72.414	29	14.7	34	Exon_03|rel=9514-9603|len=90	NC_006091.5:82436663-82451196|strand=+|gene=TNIP2
74	86	3413	3423	84.615	13	14.7	34	Exon_03|rel=9514-9603|len=90	NC_006091.5:82436663-82451196|strand=+|gene=TNIP2
26	33	3487	3494	100.000	8	14.7	34	Exon_03|rel=9514-9603|len=90	NC_006091.5:82436663-82451196|strand=+|gene=TNIP2
16	23	3570	3577	100.000	8	14.7	34	Exon_03|rel=9514-9603|len=90	NC_006091.5:82436663-82451196|strand=+|gene=TNIP2
3	10	6670	6663	100.000	8	14.7	34	Exon_03|rel=9514-9603|len=90	NC_006091.5:82436663-82451196|strand=+|gene=TNIP2
61	70	6753	6763	90.909	11	14.7	34	Exon_03|rel=9514-9603|len=90	NC_006091.5:82436663-82451196|strand=+|gene=TNIP2
21	41	7377	7394	76.190	21	14.7	34	Exon_03|rel=9514-9603|len=90	NC_006091.5:82436663-82451196|strand=+|gene=TNIP2
4	11	7704	7711	100.000	8	14.7	34	Exon_03|rel=9514-9603|len=90	NC_006091.5:82436663-82451196|strand=+|gene=TNIP2
73	83	7935	7926	90.909	11	14.7	34	Exon_03|rel=9514-9603|len=90	NC_006091.5:82436663-82451196|strand=+|gene=TNIP2
36	62	8623	8603	70.370	27	14.7	34	Exon_03|rel=9514-9603|len=90	NC_006091.5:82436663-82451196|strand=+|gene=TNIP2
69	76	8731	8738	100.000	8	14.7	34	Exon_03|rel=9514-9603|len=90	NC_006091.5:82436663-82451196|strand=+|gene=TNIP2
15	27	9178	9188	84.615	13	14.7	34	Exon_03|rel=9514-9603|len=90	NC_006091.5:82436663-82451196|strand=+|gene=TNIP2
71	78	9725	9718	100.000	8	14.7	34	Exon_03|rel=9514-9603|len=90	NC_006091.5:82436663-82451196|strand=+|gene=TNIP2
11	18	10082	10089	100.000	8	14.7	34	Exon_03|rel=9514-9603|len=90	NC_006091.5:82436663-82451196|strand=+|gene=TNIP2
17	26	10113	10103	90.909	11	14.7	34	Exon_03|rel=9514-9603|len=90	NC_006091.5:82436663-82451196|strand=+|gene=TNIP2
43	50	10112	10105	100.000	8	14.7	34	Exon_03|rel=9514-9603|len=90	NC_006091.5:82436663-82451196|strand=+|gene=TNIP2
58	65	11326	11319	100.000	8	14.7	34	Exon_03|rel=9514-9603|len=90	NC_006091.5:82436663-82451196|strand=+|gene=TNIP2
57	64	12139	12146	100.000	8	14.7	34	Exon_03|rel=9514-9603|len=90	NC_006091.5:82436663-82451196|strand=+|gene=TNIP2
1	13	12605	12617	84.615	13	14.7	34	Exon_03|rel=9514-9603|len=90	NC_006091.5:82436663-82451196|strand=+|gene=TNIP2
41	51	12647	12656	90.909	11	14.7	34	Exon_03|rel=9514-9603|len=90	NC_006091.5:82436663-82451196|strand=+|gene=TNIP2
28	74	13028	12975	66.071	56	14.7	34	Exon_03|rel=9514-9603|len=90	NC_006091.5:82436663-82451196|strand=+|gene=TNIP2
18	30	13275	13265	84.615	13	14.7	34	Exon_03|rel=9514-9603|len=90	NC_006091.5:82436663-82451196|strand=+|gene=TNIP2
63	73	13409	13400	90.909	11	14.7	34	Exon_03|rel=9514-9603|len=90	NC_006091.5:82436663-82451196|strand=+|gene=TNIP2
47	54	13433	13440	100.000	8	14.7	34	Exon_03|rel=9514-9603|len=90	NC_006091.5:82436663-82451196|strand=+|gene=TNIP2
20	27	14346	14339	100.000	8	14.7	34	Exon_03|rel=9514-9603|len=90	NC_006091.5:82436663-82451196|strand=+|gene=TNIP2
42	51	14507	14517	90.909	11	14.7	34	Exon_03|rel=9514-9603|len=90	NC_006091.5:82436663-82451196|strand=+|gene=TNIP2
62	71	5688	5679	90.000	10	14.0	96	Exon_03|rel=9514-9603|len=90	NC_006091.5:82436663-82451196|strand=+|gene=TNIP2
44	61	6859	6843	77.778	18	14.0	96	Exon_03|rel=9514-9603|len=90	NC_006091.5:82436663-82451196|strand=+|gene=TNIP2
16	25	8715	8724	90.000	10	14.0	96	Exon_03|rel=9514-9603|len=90	NC_006091.5:82436663-82451196|strand=+|gene=TNIP2
39	51	11132	11143	84.615	13	14.0	96	Exon_03|rel=9514-9603|len=90	NC_006091.5:82436663-82451196|strand=+|gene=TNIP2
74	83	11350	11341	90.000	10	14.0	96	Exon_03|rel=9514-9603|len=90	NC_006091.5:82436663-82451196|strand=+|gene=TNIP2
2	11	11430	11439	90.000	10	14.0	96	Exon_03|rel=9514-9603|len=90	NC_006091.5:82436663-82451196|strand=+|gene=TNIP2
72	84	11463	11449	80.000	15	14.0	96	Exon_03|rel=9514-9603|len=90	NC_006091.5:82436663-82451196|strand=+|gene=TNIP2
48	67	12025	12042	75.000	20	14.0	96	Exon_03|rel=9514-9603|len=90	NC_006091.5:82436663-82451196|strand=+|gene=TNIP2
38	61	12229	12249	75.000	24	14.0	96	Exon_03|rel=9514-9603|len=90	NC_006091.5:82436663-82451196|strand=+|gene=TNIP2
41	67	13559	13584	71.429	28	14.0	96	Exon_03|rel=9514-9603|len=90	NC_006091.5:82436663-82451196|strand=+|gene=TNIP2
54	68	13890	13907	77.778	18	14.0	96	Exon_03|rel=9514-9603|len=90	NC_006091.5:82436663-82451196|strand=+|gene=TNIP2
17	26	13927	13936	90.000	10	14.0	96	Exon_03|rel=9514-9603|len=90	NC_006091.5:82436663-82451196|strand=+|gene=TNIP2
46	55	14517	14526	90.000	10	14.0	96	Exon_03|rel=9514-9603|len=90	NC_006091.5:82436663-82451196|strand=+|gene=TNIP2
82	88	37	31	100.000	7	13.2	96	Exon_03|rel=9514-9603|len=90	NC_006091.5:82436663-82451196|strand=+|gene=TNIP2
29	35	113	119	100.000	7	13.2	96	Exon_03|rel=9514-9603|len=90	NC_006091.5:82436663-82451196|strand=+|gene=TNIP2
40	46	231	225	100.000	7	13.2	96	Exon_03|rel=9514-9603|len=90	NC_006091.5:82436663-82451196|strand=+|gene=TNIP2
15	21	296	290	100.000	7	13.2	96	Exon_03|rel=9514-9603|len=90	NC_006091.5:82436663-82451196|strand=+|gene=TNIP2
3	9	429	435	100.000	7	13.2	96	Exon_03|rel=9514-9603|len=90	NC_006091.5:82436663-82451196|strand=+|gene=TNIP2
71	77	797	803	100.000	7	13.2	96	Exon_03|rel=9514-9603|len=90	NC_006091.5:82436663-82451196|strand=+|gene=TNIP2
16	22	829	835	100.000	7	13.2	96	Exon_03|rel=9514-9603|len=90	NC_006091.5:82436663-82451196|strand=+|gene=TNIP2
71	77	1034	1040	100.000	7	13.2	96	Exon_03|rel=9514-9603|len=90	NC_006091.5:82436663-82451196|strand=+|gene=TNIP2
43	49	1307	1301	100.000	7	13.2	96	Exon_03|rel=9514-9603|len=90	NC_006091.5:82436663-82451196|strand=+|gene=TNIP2
25	31	1898	1904	100.000	7	13.2	96	Exon_03|rel=9514-9603|len=90	NC_006091.5:82436663-82451196|strand=+|gene=TNIP2
61	67	1908	1902	100.000	7	13.2	96	Exon_03|rel=9514-9603|len=90	NC_006091.5:82436663-82451196|strand=+|gene=TNIP2
56	62	1943	1949	100.000	7	13.2	96	Exon_03|rel=9514-9603|len=90	NC_006091.5:82436663-82451196|strand=+|gene=TNIP2
4	10	2149	2143	100.000	7	13.2	96	Exon_03|rel=9514-9603|len=90	NC_006091.5:82436663-82451196|strand=+|gene=TNIP2
35	41	2440	2434	100.000	7	13.2	96	Exon_03|rel=9514-9603|len=90	NC_006091.5:82436663-82451196|strand=+|gene=TNIP2
57	63	2539	2533	100.000	7	13.2	96	Exon_03|rel=9514-9603|len=90	NC_006091.5:82436663-82451196|strand=+|gene=TNIP2
60	66	2700	2706	100.000	7	13.2	96	Exon_03|rel=9514-9603|len=90	NC_006091.5:82436663-82451196|strand=+|gene=TNIP2
74	80	2760	2766	100.000	7	13.2	96	Exon_03|rel=9514-9603|len=90	NC_006091.5:82436663-82451196|strand=+|gene=TNIP2
77	83	2928	2934	100.000	7	13.2	96	Exon_03|rel=9514-9603|len=90	NC_006091.5:82436663-82451196|strand=+|gene=TNIP2
52	58	3080	3074	100.000	7	13.2	96	Exon_03|rel=9514-9603|len=90	NC_006091.5:82436663-82451196|strand=+|gene=TNIP2
21	27	3325	3319	100.000	7	13.2	96	Exon_03|rel=9514-9603|len=90	NC_006091.5:82436663-82451196|strand=+|gene=TNIP2
61	67	3438	3432	100.000	7	13.2	96	Exon_03|rel=9514-9603|len=90	NC_006091.5:82436663-82451196|strand=+|gene=TNIP2
32	38	3885	3879	100.000	7	13.2	96	Exon_03|rel=9514-9603|len=90	NC_006091.5:82436663-82451196|strand=+|gene=TNIP2
82	88	4355	4361	100.000	7	13.2	96	Exon_03|rel=9514-9603|len=90	NC_006091.5:82436663-82451196|strand=+|gene=TNIP2
62	68	5287	5281	100.000	7	13.2	96	Exon_03|rel=9514-9603|len=90	NC_006091.5:82436663-82451196|strand=+|gene=TNIP2
22	28	5711	5705	100.000	7	13.2	96	Exon_03|rel=9514-9603|len=90	NC_006091.5:82436663-82451196|strand=+|gene=TNIP2
75	81	5774	5768	100.000	7	13.2	96	Exon_03|rel=9514-9603|len=90	NC_006091.5:82436663-82451196|strand=+|gene=TNIP2
75	81	6062	6056	100.000	7	13.2	96	Exon_03|rel=9514-9603|len=90	NC_006091.5:82436663-82451196|strand=+|gene=TNIP2
32	38	6066	6072	100.000	7	13.2	96	Exon_03|rel=9514-9603|len=90	NC_006091.5:82436663-82451196|strand=+|gene=TNIP2
71	77	6354	6348	100.000	7	13.2	96	Exon_03|rel=9514-9603|len=90	NC_006091.5:82436663-82451196|strand=+|gene=TNIP2
76	82	6587	6581	100.000	7	13.2	96	Exon_03|rel=9514-9603|len=90	NC_006091.5:82436663-82451196|strand=+|gene=TNIP2
80	86	6652	6646	100.000	7	13.2	96	Exon_03|rel=9514-9603|len=90	NC_006091.5:82436663-82451196|strand=+|gene=TNIP2
42	48	7107	7113	100.000	7	13.2	96	Exon_03|rel=9514-9603|len=90	NC_006091.5:82436663-82451196|strand=+|gene=TNIP2
23	29	7158	7164	100.000	7	13.2	96	Exon_03|rel=9514-9603|len=90	NC_006091.5:82436663-82451196|strand=+|gene=TNIP2
56	62	7474	7480	100.000	7	13.2	96	Exon_03|rel=9514-9603|len=90	NC_006091.5:82436663-82451196|strand=+|gene=TNIP2
55	61	7569	7575	100.000	7	13.2	96	Exon_03|rel=9514-9603|len=90	NC_006091.5:82436663-82451196|strand=+|gene=TNIP2
9	15	7703	7697	100.000	7	13.2	96	Exon_03|rel=9514-9603|len=90	NC_006091.5:82436663-82451196|strand=+|gene=TNIP2
82	88	8192	8186	100.000	7	13.2	96	Exon_03|rel=9514-9603|len=90	NC_006091.5:82436663-82451196|strand=+|gene=TNIP2
43	49	8361	8367	100.000	7	13.2	96	Exon_03|rel=9514-9603|len=90	NC_006091.5:82436663-82451196|strand=+|gene=TNIP2
56	62	8498	8504	100.000	7	13.2	96	Exon_03|rel=9514-9603|len=90	NC_006091.5:82436663-82451196|strand=+|gene=TNIP2
9	15	8522	8528	100.000	7	13.2	96	Exon_03|rel=9514-9603|len=90	NC_006091.5:82436663-82451196|strand=+|gene=TNIP2
39	45	8550	8544	100.000	7	13.2	96	Exon_03|rel=9514-9603|len=90	NC_006091.5:82436663-82451196|strand=+|gene=TNIP2
46	52	8735	8741	100.000	7	13.2	96	Exon_03|rel=9514-9603|len=90	NC_006091.5:82436663-82451196|strand=+|gene=TNIP2
60	66	8749	8755	100.000	7	13.2	96	Exon_03|rel=9514-9603|len=90	NC_006091.5:82436663-82451196|strand=+|gene=TNIP2
21	27	9242	9236	100.000	7	13.2	96	Exon_03|rel=9514-9603|len=90	NC_006091.5:82436663-82451196|strand=+|gene=TNIP2
81	87	10326	10320	100.000	7	13.2	96	Exon_03|rel=9514-9603|len=90	NC_006091.5:82436663-82451196|strand=+|gene=TNIP2
80	86	10518	10512	100.000	7	13.2	96	Exon_03|rel=9514-9603|len=90	NC_006091.5:82436663-82451196|strand=+|gene=TNIP2
53	59	10900	10906	100.000	7	13.2	96	Exon_03|rel=9514-9603|len=90	NC_006091.5:82436663-82451196|strand=+|gene=TNIP2
49	55	11326	11332	100.000	7	13.2	96	Exon_03|rel=9514-9603|len=90	NC_006091.5:82436663-82451196|strand=+|gene=TNIP2
27	33	11357	11363	100.000	7	13.2	96	Exon_03|rel=9514-9603|len=90	NC_006091.5:82436663-82451196|strand=+|gene=TNIP2
13	19	11780	11786	100.000	7	13.2	96	Exon_03|rel=9514-9603|len=90	NC_006091.5:82436663-82451196|strand=+|gene=TNIP2
75	81	11979	11973	100.000	7	13.2	96	Exon_03|rel=9514-9603|len=90	NC_006091.5:82436663-82451196|strand=+|gene=TNIP2
84	90	12163	12169	100.000	7	13.2	96	Exon_03|rel=9514-9603|len=90	NC_006091.5:82436663-82451196|strand=+|gene=TNIP2
37	43	12211	12205	100.000	7	13.2	96	Exon_03|rel=9514-9603|len=90	NC_006091.5:82436663-82451196|strand=+|gene=TNIP2
61	67	12308	12302	100.000	7	13.2	96	Exon_03|rel=9514-9603|len=90	NC_006091.5:82436663-82451196|strand=+|gene=TNIP2
33	39	12348	12342	100.000	7	13.2	96	Exon_03|rel=9514-9603|len=90	NC_006091.5:82436663-82451196|strand=+|gene=TNIP2
43	49	12443	12437	100.000	7	13.2	96	Exon_03|rel=9514-9603|len=90	NC_006091.5:82436663-82451196|strand=+|gene=TNIP2
5	11	12445	12451	100.000	7	13.2	96	Exon_03|rel=9514-9603|len=90	NC_006091.5:82436663-82451196|strand=+|gene=TNIP2
72	78	12836	12830	100.000	7	13.2	96	Exon_03|rel=9514-9603|len=90	NC_006091.5:82436663-82451196|strand=+|gene=TNIP2
15	21	13563	13569	100.000	7	13.2	96	Exon_03|rel=9514-9603|len=90	NC_006091.5:82436663-82451196|strand=+|gene=TNIP2
53	59	13645	13651	100.000	7	13.2	96	Exon_03|rel=9514-9603|len=90	NC_006091.5:82436663-82451196|strand=+|gene=TNIP2
45	51	13787	13781	100.000	7	13.2	96	Exon_03|rel=9514-9603|len=90	NC_006091.5:82436663-82451196|strand=+|gene=TNIP2
84	90	13947	13953	100.000	7	13.2	96	Exon_03|rel=9514-9603|len=90	NC_006091.5:82436663-82451196|strand=+|gene=TNIP2
70	76	14005	13999	100.000	7	13.2	96	Exon_03|rel=9514-9603|len=90	NC_006091.5:82436663-82451196|strand=+|gene=TNIP2
54	60	14282	14288	100.000	7	13.2	96	Exon_03|rel=9514-9603|len=90	NC_006091.5:82436663-82451196|strand=+|gene=TNIP2
1	282	10148	10429	100.000	282	421	3.66e-121	Exon_04|rel=10148-10429|len=282	NC_006091.5:82436663-82451196|strand=+|gene=TNIP2
224	267	10997	11035	75.556	45	26.6	0.036	Exon_04|rel=10148-10429|len=282	NC_006091.5:82436663-82451196|strand=+|gene=TNIP2
201	225	6979	6957	84.000	25	23.6	0.28	Exon_04|rel=10148-10429|len=282	NC_006091.5:82436663-82451196|strand=+|gene=TNIP2
38	60	1224	1246	82.609	23	22.2	0.78	Exon_04|rel=10148-10429|len=282	NC_006091.5:82436663-82451196|strand=+|gene=TNIP2
220	239	7934	7954	85.714	21	22.2	0.78	Exon_04|rel=10148-10429|len=282	NC_006091.5:82436663-82451196|strand=+|gene=TNIP2
265	282	10239	10255	88.889	18	21.4	2.2	Exon_04|rel=10148-10429|len=282	NC_006091.5:82436663-82451196|strand=+|gene=TNIP2
92	108	10412	10429	88.889	18	21.4	2.2	Exon_04|rel=10148-10429|len=282	NC_006091.5:82436663-82451196|strand=+|gene=TNIP2
56	77	4855	4876	81.818	22	20.7	2.2	Exon_04|rel=10148-10429|len=282	NC_006091.5:82436663-82451196|strand=+|gene=TNIP2
227	246	7472	7490	85.000	20	20.7	2.2	Exon_04|rel=10148-10429|len=282	NC_006091.5:82436663-82451196|strand=+|gene=TNIP2
87	109	7401	7425	80.000	25	19.9	6.1	Exon_04|rel=10148-10429|len=282	NC_006091.5:82436663-82451196|strand=+|gene=TNIP2
223	248	7505	7530	75.862	29	19.9	6.1	Exon_04|rel=10148-10429|len=282	NC_006091.5:82436663-82451196|strand=+|gene=TNIP2
38	60	14055	14074	82.609	23	19.9	6.1	Exon_04|rel=10148-10429|len=282	NC_006091.5:82436663-82451196|strand=+|gene=TNIP2
101	113	4939	4952	92.857	14	19.2	6.1	Exon_04|rel=10148-10429|len=282	NC_006091.5:82436663-82451196|strand=+|gene=TNIP2
96	106	5006	5016	100.000	11	19.2	6.1	Exon_04|rel=10148-10429|len=282	NC_006091.5:82436663-82451196|strand=+|gene=TNIP2
183	201	6287	6304	84.211	19	19.2	6.1	Exon_04|rel=10148-10429|len=282	NC_006091.5:82436663-82451196|strand=+|gene=TNIP2
38	48	6996	6986	100.000	11	19.2	6.1	Exon_04|rel=10148-10429|len=282	NC_006091.5:82436663-82451196|strand=+|gene=TNIP2
42	55	8549	8561	92.857	14	19.2	6.1	Exon_04|rel=10148-10429|len=282	NC_006091.5:82436663-82451196|strand=+|gene=TNIP2
2	23	11946	11972	74.074	27	19.2	6.1	Exon_04|rel=10148-10429|len=282	NC_006091.5:82436663-82451196|strand=+|gene=TNIP2
167	182	13215	13200	87.500	16	19.2	6.1	Exon_04|rel=10148-10429|len=282	NC_006091.5:82436663-82451196|strand=+|gene=TNIP2
203	218	14360	14375	87.500	16	19.2	6.1	Exon_04|rel=10148-10429|len=282	NC_006091.5:82436663-82451196|strand=+|gene=TNIP2
59	76	5080	5063	84.211	19	18.4	17	Exon_04|rel=10148-10429|len=282	NC_006091.5:82436663-82451196|strand=+|gene=TNIP2
75	87	5308	5320	92.308	13	18.4	17	Exon_04|rel=10148-10429|len=282	NC_006091.5:82436663-82451196|strand=+|gene=TNIP2
85	112	6459	6431	74.194	31	18.4	17	Exon_04|rel=10148-10429|len=282	NC_006091.5:82436663-82451196|strand=+|gene=TNIP2
99	124	7786	7810	77.778	27	18.4	17	Exon_04|rel=10148-10429|len=282	NC_006091.5:82436663-82451196|strand=+|gene=TNIP2
225	240	8023	8037	87.500	16	18.4	17	Exon_04|rel=10148-10429|len=282	NC_006091.5:82436663-82451196|strand=+|gene=TNIP2
70	91	10985	10958	75.000	28	18.4	17	Exon_04|rel=10148-10429|len=282	NC_006091.5:82436663-82451196|strand=+|gene=TNIP2
90	102	14166	14178	92.308	13	18.4	17	Exon_04|rel=10148-10429|len=282	NC_006091.5:82436663-82451196|strand=+|gene=TNIP2
128	152	14493	14514	76.000	25	18.4	17	Exon_04|rel=10148-10429|len=282	NC_006091.5:82436663-82451196|strand=+|gene=TNIP2
183	204	1175	1195	78.261	23	17.7	17	Exon_04|rel=10148-10429|len=282	NC_006091.5:82436663-82451196|strand=+|gene=TNIP2
67	114	2272	2233	67.347	49	17.7	17	Exon_04|rel=10148-10429|len=282	NC_006091.5:82436663-82451196|strand=+|gene=TNIP2
92	108	4935	4952	83.333	18	17.7	17	Exon_04|rel=10148-10429|len=282	NC_006091.5:82436663-82451196|strand=+|gene=TNIP2
269	278	5005	5014	100.000	10	17.7	17	Exon_04|rel=10148-10429|len=282	NC_006091.5:82436663-82451196|strand=+|gene=TNIP2
100	109	6891	6882	100.000	10	17.7	17	Exon_04|rel=10148-10429|len=282	NC_006091.5:82436663-82451196|strand=+|gene=TNIP2
145	157	7474	7485	92.308	13	17.7	17	Exon_04|rel=10148-10429|len=282	NC_006091.5:82436663-82451196|strand=+|gene=TNIP2
211	225	7994	7980	86.667	15	17.7	17	Exon_04|rel=10148-10429|len=282	NC_006091.5:82436663-82451196|strand=+|gene=TNIP2
240	254	9405	9419	86.667	15	17.7	17	Exon_04|rel=10148-10429|len=282	NC_006091.5:82436663-82451196|strand=+|gene=TNIP2
69	83	10154	10140	86.667	15	17.7	17	Exon_04|rel=10148-10429|len=282	NC_006091.5:82436663-82451196|strand=+|gene=TNIP2
102	116	10572	10558	86.667	15	17.7	17	Exon_04|rel=10148-10429|len=282	NC_006091.5:82436663-82451196|strand=+|gene=TNIP2
181	190	13846	13837	100.000	10	17.7	17	Exon_04|rel=10148-10429|len=282	NC_006091.5:82436663-82451196|strand=+|gene=TNIP2
43	55	13957	13943	86.667	15	17.7	17	Exon_04|rel=10148-10429|len=282	NC_006091.5:82436663-82451196|strand=+|gene=TNIP2
2	33	14069	14099	72.727	33	17.7	17	Exon_04|rel=10148-10429|len=282	NC_006091.5:82436663-82451196|strand=+|gene=TNIP2
74	85	117	128	91.667	12	17.0	48	Exon_04|rel=10148-10429|len=282	NC_006091.5:82436663-82451196|strand=+|gene=TNIP2
73	84	1530	1541	91.667	12	17.0	48	Exon_04|rel=10148-10429|len=282	NC_006091.5:82436663-82451196|strand=+|gene=TNIP2
202	216	1882	1869	86.667	15	17.0	48	Exon_04|rel=10148-10429|len=282	NC_006091.5:82436663-82451196|strand=+|gene=TNIP2
10	25	3018	3000	78.947	19	17.0	48	Exon_04|rel=10148-10429|len=282	NC_006091.5:82436663-82451196|strand=+|gene=TNIP2
134	147	3170	3184	86.667	15	17.0	48	Exon_04|rel=10148-10429|len=282	NC_006091.5:82436663-82451196|strand=+|gene=TNIP2
236	250	4391	4378	86.667	15	17.0	48	Exon_04|rel=10148-10429|len=282	NC_006091.5:82436663-82451196|strand=+|gene=TNIP2
260	276	4617	4601	83.333	18	17.0	48	Exon_04|rel=10148-10429|len=282	NC_006091.5:82436663-82451196|strand=+|gene=TNIP2
190	204	5838	5825	86.667	15	17.0	48	Exon_04|rel=10148-10429|len=282	NC_006091.5:82436663-82451196|strand=+|gene=TNIP2
119	130	7584	7595	91.667	12	17.0	48	Exon_04|rel=10148-10429|len=282	NC_006091.5:82436663-82451196|strand=+|gene=TNIP2
220	251	7638	7668	70.588	34	17.0	48	Exon_04|rel=10148-10429|len=282	NC_006091.5:82436663-82451196|strand=+|gene=TNIP2
38	49	11164	11175	91.667	12	17.0	48	Exon_04|rel=10148-10429|len=282	NC_006091.5:82436663-82451196|strand=+|gene=TNIP2
102	113	11588	11599	91.667	12	17.0	48	Exon_04|rel=10148-10429|len=282	NC_006091.5:82436663-82451196|strand=+|gene=TNIP2
181	195	12415	12402	86.667	15	17.0	48	Exon_04|rel=10148-10429|len=282	NC_006091.5:82436663-82451196|strand=+|gene=TNIP2
90	101	12921	12932	91.667	12	17.0	48	Exon_04|rel=10148-10429|len=282	NC_006091.5:82436663-82451196|strand=+|gene=TNIP2
115	126	14281	14270	91.667	12	17.0	48	Exon_04|rel=10148-10429|len=282	NC_006091.5:82436663-82451196|strand=+|gene=TNIP2
231	244	41	54	85.714	14	16.2	48	Exon_04|rel=10148-10429|len=282	NC_006091.5:82436663-82451196|strand=+|gene=TNIP2
24	32	406	414	100.000	9	16.2	48	Exon_04|rel=10148-10429|len=282	NC_006091.5:82436663-82451196|strand=+|gene=TNIP2
202	210	1177	1185	100.000	9	16.2	48	Exon_04|rel=10148-10429|len=282	NC_006091.5:82436663-82451196|strand=+|gene=TNIP2
70	78	1498	1490	100.000	9	16.2	48	Exon_04|rel=10148-10429|len=282	NC_006091.5:82436663-82451196|strand=+|gene=TNIP2
118	126	1577	1585	100.000	9	16.2	48	Exon_04|rel=10148-10429|len=282	NC_006091.5:82436663-82451196|strand=+|gene=TNIP2
204	212	2564	2556	100.000	9	16.2	48	Exon_04|rel=10148-10429|len=282	NC_006091.5:82436663-82451196|strand=+|gene=TNIP2
222	230	3506	3514	100.000	9	16.2	48	Exon_04|rel=10148-10429|len=282	NC_006091.5:82436663-82451196|strand=+|gene=TNIP2
229	237	3669	3661	100.000	9	16.2	48	Exon_04|rel=10148-10429|len=282	NC_006091.5:82436663-82451196|strand=+|gene=TNIP2
240	248	4651	4659	100.000	9	16.2	48	Exon_04|rel=10148-10429|len=282	NC_006091.5:82436663-82451196|strand=+|gene=TNIP2
72	80	4850	4858	100.000	9	16.2	48	Exon_04|rel=10148-10429|len=282	NC_006091.5:82436663-82451196|strand=+|gene=TNIP2
76	84	5461	5469	100.000	9	16.2	48	Exon_04|rel=10148-10429|len=282	NC_006091.5:82436663-82451196|strand=+|gene=TNIP2
13	29	6360	6375	82.353	17	16.2	48	Exon_04|rel=10148-10429|len=282	NC_006091.5:82436663-82451196|strand=+|gene=TNIP2
85	93	6414	6422	100.000	9	16.2	48	Exon_04|rel=10148-10429|len=282	NC_006091.5:82436663-82451196|strand=+|gene=TNIP2
184	192	7144	7136	100.000	9	16.2	48	Exon_04|rel=10148-10429|len=282	NC_006091.5:82436663-82451196|strand=+|gene=TNIP2
210	218	7479	7487	100.000	9	16.2	48	Exon_04|rel=10148-10429|len=282	NC_006091.5:82436663-82451196|strand=+|gene=TNIP2
135	143	7748	7756	100.000	9	16.2	48	Exon_04|rel=10148-10429|len=282	NC_006091.5:82436663-82451196|strand=+|gene=TNIP2
176	184	8813	8805	100.000	9	16.2	48	Exon_04|rel=10148-10429|len=282	NC_006091.5:82436663-82451196|strand=+|gene=TNIP2
69	77	9246	9254	100.000	9	16.2	48	Exon_04|rel=10148-10429|len=282	NC_006091.5:82436663-82451196|strand=+|gene=TNIP2
20	33	10576	10563	85.714	14	16.2	48	Exon_04|rel=10148-10429|len=282	NC_006091.5:82436663-82451196|strand=+|gene=TNIP2
167	175	11020	11028	100.000	9	16.2	48	Exon_04|rel=10148-10429|len=282	NC_006091.5:82436663-82451196|strand=+|gene=TNIP2
228	236	11977	11985	100.000	9	16.2	48	Exon_04|rel=10148-10429|len=282	NC_006091.5:82436663-82451196|strand=+|gene=TNIP2
182	190	12330	12338	100.000	9	16.2	48	Exon_04|rel=10148-10429|len=282	NC_006091.5:82436663-82451196|strand=+|gene=TNIP2
247	255	12801	12809	100.000	9	16.2	48	Exon_04|rel=10148-10429|len=282	NC_006091.5:82436663-82451196|strand=+|gene=TNIP2
176	184	13108	13100	100.000	9	16.2	48	Exon_04|rel=10148-10429|len=282	NC_006091.5:82436663-82451196|strand=+|gene=TNIP2
178	186	13426	13434	100.000	9	16.2	48	Exon_04|rel=10148-10429|len=282	NC_006091.5:82436663-82451196|strand=+|gene=TNIP2
209	217	13468	13460	100.000	9	16.2	48	Exon_04|rel=10148-10429|len=282	NC_006091.5:82436663-82451196|strand=+|gene=TNIP2
203	211	13793	13785	100.000	9	16.2	48	Exon_04|rel=10148-10429|len=282	NC_006091.5:82436663-82451196|strand=+|gene=TNIP2
117	125	14180	14172	100.000	9	16.2	48	Exon_04|rel=10148-10429|len=282	NC_006091.5:82436663-82451196|strand=+|gene=TNIP2
188	196	14216	14224	100.000	9	16.2	48	Exon_04|rel=10148-10429|len=282	NC_006091.5:82436663-82451196|strand=+|gene=TNIP2
1	132	10887	11018	100.000	132	198	1.92e-54	Exon_05|rel=10887-11018|len=132	NC_006091.5:82436663-82451196|strand=+|gene=TNIP2
82	103	9539	9519	82.609	23	21.4	0.91	Exon_05|rel=10887-11018|len=132	NC_006091.5:82436663-82451196|strand=+|gene=TNIP2
55	72	12235	12219	88.889	18	21.4	0.91	Exon_05|rel=10887-11018|len=132	NC_006091.5:82436663-82451196|strand=+|gene=TNIP2
20	72	12909	12959	69.643	56	19.9	2.6	Exon_05|rel=10887-11018|len=132	NC_006091.5:82436663-82451196|strand=+|gene=TNIP2
32	61	13883	13908	76.667	30	19.9	2.6	Exon_05|rel=10887-11018|len=132	NC_006091.5:82436663-82451196|strand=+|gene=TNIP2
89	99	1649	1639	100.000	11	19.2	2.6	Exon_05|rel=10887-11018|len=132	NC_006091.5:82436663-82451196|strand=+|gene=TNIP2
79	94	8811	8796	87.500	16	19.2	2.6	Exon_05|rel=10887-11018|len=132	NC_006091.5:82436663-82451196|strand=+|gene=TNIP2
84	98	11668	11652	88.235	17	19.2	2.6	Exon_05|rel=10887-11018|len=132	NC_006091.5:82436663-82451196|strand=+|gene=TNIP2
54	97	1401	1362	71.111	45	18.4	7.2	Exon_05|rel=10887-11018|len=132	NC_006091.5:82436663-82451196|strand=+|gene=TNIP2
83	95	8849	8837	92.308	13	18.4	7.2	Exon_05|rel=10887-11018|len=132	NC_006091.5:82436663-82451196|strand=+|gene=TNIP2
72	99	10238	10217	75.000	28	18.4	7.2	Exon_05|rel=10887-11018|len=132	NC_006091.5:82436663-82451196|strand=+|gene=TNIP2
111	132	10371	10394	79.167	24	18.4	7.2	Exon_05|rel=10887-11018|len=132	NC_006091.5:82436663-82451196|strand=+|gene=TNIP2
11	20	591	600	100.000	10	17.7	7.2	Exon_05|rel=10887-11018|len=132	NC_006091.5:82436663-82451196|strand=+|gene=TNIP2
87	104	8490	8474	83.333	18	17.7	7.2	Exon_05|rel=10887-11018|len=132	NC_006091.5:82436663-82451196|strand=+|gene=TNIP2
101	117	11604	11619	83.333	18	17.7	7.2	Exon_05|rel=10887-11018|len=132	NC_006091.5:82436663-82451196|strand=+|gene=TNIP2
39	48	14478	14469	100.000	10	17.7	7.2	Exon_05|rel=10887-11018|len=132	NC_006091.5:82436663-82451196|strand=+|gene=TNIP2
46	62	992	1008	82.353	17	17.0	20	Exon_05|rel=10887-11018|len=132	NC_006091.5:82436663-82451196|strand=+|gene=TNIP2
7	23	1080	1096	83.333	18	17.0	20	Exon_05|rel=10887-11018|len=132	NC_006091.5:82436663-82451196|strand=+|gene=TNIP2
93	107	2243	2256	86.667	15	17.0	20	Exon_05|rel=10887-11018|len=132	NC_006091.5:82436663-82451196|strand=+|gene=TNIP2
11	22	6920	6931	91.667	12	17.0	20	Exon_05|rel=10887-11018|len=132	NC_006091.5:82436663-82451196|strand=+|gene=TNIP2
106	120	11170	11157	86.667	15	17.0	20	Exon_05|rel=10887-11018|len=132	NC_006091.5:82436663-82451196|strand=+|gene=TNIP2
87	118	13027	12993	71.429	35	17.0	20	Exon_05|rel=10887-11018|len=132	NC_006091.5:82436663-82451196|strand=+|gene=TNIP2
1	58	13777	13823	65.517	58	17.0	20	Exon_05|rel=10887-11018|len=132	NC_006091.5:82436663-82451196|strand=+|gene=TNIP2
54	64	1302	1291	91.667	12	16.2	20	Exon_05|rel=10887-11018|len=132	NC_006091.5:82436663-82451196|strand=+|gene=TNIP2
93	101	1656	1648	100.000	9	16.2	20	Exon_05|rel=10887-11018|len=132	NC_006091.5:82436663-82451196|strand=+|gene=TNIP2
93	101	2738	2746	100.000	9	16.2	20	Exon_05|rel=10887-11018|len=132	NC_006091.5:82436663-82451196|strand=+|gene=TNIP2
4	15	3154	3144	91.667	12	16.2	20	Exon_05|rel=10887-11018|len=132	NC_006091.5:82436663-82451196|strand=+|gene=TNIP2
71	79	3325	3317	100.000	9	16.2	20	Exon_05|rel=10887-11018|len=132	NC_006091.5:82436663-82451196|strand=+|gene=TNIP2
115	126	3435	3425	91.667	12	16.2	20	Exon_05|rel=10887-11018|len=132	NC_006091.5:82436663-82451196|strand=+|gene=TNIP2
49	59	5632	5621	91.667	12	16.2	20	Exon_05|rel=10887-11018|len=132	NC_006091.5:82436663-82451196|strand=+|gene=TNIP2
51	59	5881	5889	100.000	9	16.2	20	Exon_05|rel=10887-11018|len=132	NC_006091.5:82436663-82451196|strand=+|gene=TNIP2
21	29	6273	6265	100.000	9	16.2	20	Exon_05|rel=10887-11018|len=132	NC_006091.5:82436663-82451196|strand=+|gene=TNIP2
18	28	6379	6368	91.667	12	16.2	20	Exon_05|rel=10887-11018|len=132	NC_006091.5:82436663-82451196|strand=+|gene=TNIP2
51	72	7169	7149	77.273	22	16.2	20	Exon_05|rel=10887-11018|len=132	NC_006091.5:82436663-82451196|strand=+|gene=TNIP2
31	44	7233	7220	85.714	14	16.2	20	Exon_05|rel=10887-11018|len=132	NC_006091.5:82436663-82451196|strand=+|gene=TNIP2
71	79	7582	7590	100.000	9	16.2	20	Exon_05|rel=10887-11018|len=132	NC_006091.5:82436663-82451196|strand=+|gene=TNIP2
60	85	7773	7747	74.074	27	16.2	20	Exon_05|rel=10887-11018|len=132	NC_006091.5:82436663-82451196|strand=+|gene=TNIP2
22	30	7948	7940	100.000	9	16.2	20	Exon_05|rel=10887-11018|len=132	NC_006091.5:82436663-82451196|strand=+|gene=TNIP2
61	82	8063	8045	77.273	22	16.2	20	Exon_05|rel=10887-11018|len=132	NC_006091.5:82436663-82451196|strand=+|gene=TNIP2
57	65	8515	8523	100.000	9	16.2	20	Exon_05|rel=10887-11018|len=132	NC_006091.5:82436663-82451196|strand=+|gene=TNIP2
69	82	8943	8932	85.714	14	16.2	20	Exon_05|rel=10887-11018|len=132	NC_006091.5:82436663-82451196|strand=+|gene=TNIP2
58	66	10858	10866	100.000	9	16.2	20	Exon_05|rel=10887-11018|len=132	NC_006091.5:82436663-82451196|strand=+|gene=TNIP2
18	26	11921	11929	100.000	9	16.2	20	Exon_05|rel=10887-11018|len=132	NC_006091.5:82436663-82451196|strand=+|gene=TNIP2
114	124	12229	12218	91.667	12	16.2	20	Exon_05|rel=10887-11018|len=132	NC_006091.5:82436663-82451196|strand=+|gene=TNIP2
104	112	12773	12765	100.000	9	16.2	20	Exon_05|rel=10887-11018|len=132	NC_006091.5:82436663-82451196|strand=+|gene=TNIP2
68	81	13430	13443	85.714	14	16.2	20	Exon_05|rel=10887-11018|len=132	NC_006091.5:82436663-82451196|strand=+|gene=TNIP2
16	24	13650	13658	100.000	9	16.2	20	Exon_05|rel=10887-11018|len=132	NC_006091.5:82436663-82451196|strand=+|gene=TNIP2
62	70	14260	14268	100.000	9	16.2	20	Exon_05|rel=10887-11018|len=132	NC_006091.5:82436663-82451196|strand=+|gene=TNIP2
58	66	14424	14416	100.000	9	16.2	20	Exon_05|rel=10887-11018|len=132	NC_006091.5:82436663-82451196|strand=+|gene=TNIP2
14	91	410	488	65.517	87	15.5	56	Exon_05|rel=10887-11018|len=132	NC_006091.5:82436663-82451196|strand=+|gene=TNIP2
86	112	1948	1921	73.333	30	15.5	56	Exon_05|rel=10887-11018|len=132	NC_006091.5:82436663-82451196|strand=+|gene=TNIP2
67	77	2978	2988	90.909	11	15.5	56	Exon_05|rel=10887-11018|len=132	NC_006091.5:82436663-82451196|strand=+|gene=TNIP2
100	110	4997	4987	90.909	11	15.5	56	Exon_05|rel=10887-11018|len=132	NC_006091.5:82436663-82451196|strand=+|gene=TNIP2
100	120	7419	7437	76.190	21	15.5	56	Exon_05|rel=10887-11018|len=132	NC_006091.5:82436663-82451196|strand=+|gene=TNIP2
14	31	7452	7466	77.778	18	15.5	56	Exon_05|rel=10887-11018|len=132	NC_006091.5:82436663-82451196|strand=+|gene=TNIP2
67	77	9178	9188	90.909	11	15.5	56	Exon_05|rel=10887-11018|len=132	NC_006091.5:82436663-82451196|strand=+|gene=TNIP2
61	71	9559	9569	90.909	11	15.5	56	Exon_05|rel=10887-11018|len=132	NC_006091.5:82436663-82451196|strand=+|gene=TNIP2
79	91	10100	10113	85.714	14	15.5	56	Exon_05|rel=10887-11018|len=132	NC_006091.5:82436663-82451196|strand=+|gene=TNIP2
2	19	11895	11877	78.947	19	15.5	56	Exon_05|rel=10887-11018|len=132	NC_006091.5:82436663-82451196|strand=+|gene=TNIP2
74	95	13569	13544	74.074	27	15.5	56	Exon_05|rel=10887-11018|len=132	NC_006091.5:82436663-82451196|strand=+|gene=TNIP2
71	78	484	477	100.000	8	14.7	56	Exon_05|rel=10887-11018|len=132	NC_006091.5:82436663-82451196|strand=+|gene=TNIP2
6	13	883	876	100.000	8	14.7	56	Exon_05|rel=10887-11018|len=132	NC_006091.5:82436663-82451196|strand=+|gene=TNIP2
6	13	1159	1152	100.000	8	14.7	56	Exon_05|rel=10887-11018|len=132	NC_006091.5:82436663-82451196|strand=+|gene=TNIP2
23	30	1487	1480	100.000	8	14.7	56	Exon_05|rel=10887-11018|len=132	NC_006091.5:82436663-82451196|strand=+|gene=TNIP2
51	58	2133	2140	100.000	8	14.7	56	Exon_05|rel=10887-11018|len=132	NC_006091.5:82436663-82451196|strand=+|gene=TNIP2
121	128	2282	2289	100.000	8	14.7	56	Exon_05|rel=10887-11018|len=132	NC_006091.5:82436663-82451196|strand=+|gene=TNIP2
48	55	2311	2318	100.000	8	14.7	56	Exon_05|rel=10887-11018|len=132	NC_006091.5:82436663-82451196|strand=+|gene=TNIP2
39	46	2964	2957	100.000	8	14.7	56	Exon_05|rel=10887-11018|len=132	NC_006091.5:82436663-82451196|strand=+|gene=TNIP2
8	15	3144	3151	100.000	8	14.7	56	Exon_05|rel=10887-11018|len=132	NC_006091.5:82436663-82451196|strand=+|gene=TNIP2
49	56	4700	4693	100.000	8	14.7	56	Exon_05|rel=10887-11018|len=132	NC_006091.5:82436663-82451196|strand=+|gene=TNIP2
73	80	4859	4852	100.000	8	14.7	56	Exon_05|rel=10887-11018|len=132	NC_006091.5:82436663-82451196|strand=+|gene=TNIP2
51	58	6525	6518	100.000	8	14.7	56	Exon_05|rel=10887-11018|len=132	NC_006091.5:82436663-82451196|strand=+|gene=TNIP2
35	42	7006	6999	100.000	8	14.7	56	Exon_05|rel=10887-11018|len=132	NC_006091.5:82436663-82451196|strand=+|gene=TNIP2
76	83	7422	7429	100.000	8	14.7	56	Exon_05|rel=10887-11018|len=132	NC_006091.5:82436663-82451196|strand=+|gene=TNIP2
84	91	7577	7570	100.000	8	14.7	56	Exon_05|rel=10887-11018|len=132	NC_006091.5:82436663-82451196|strand=+|gene=TNIP2
61	68	9804	9811	100.000	8	14.7	56	Exon_05|rel=10887-11018|len=132	NC_006091.5:82436663-82451196|strand=+|gene=TNIP2
74	86	10227	10215	84.615	13	14.7	56	Exon_05|rel=10887-11018|len=132	NC_006091.5:82436663-82451196|strand=+|gene=TNIP2
22	29	10380	10373	100.000	8	14.7	56	Exon_05|rel=10887-11018|len=132	NC_006091.5:82436663-82451196|strand=+|gene=TNIP2
8	15	10901	10894	100.000	8	14.7	56	Exon_05|rel=10887-11018|len=132	NC_006091.5:82436663-82451196|strand=+|gene=TNIP2
125	132	11611	11618	100.000	8	14.7	56	Exon_05|rel=10887-11018|len=132	NC_006091.5:82436663-82451196|strand=+|gene=TNIP2
23	30	11794	11787	100.000	8	14.7	56	Exon_05|rel=10887-11018|len=132	NC_006091.5:82436663-82451196|strand=+|gene=TNIP2
55	62	11859	11866	100.000	8	14.7	56	Exon_05|rel=10887-11018|len=132	NC_006091.5:82436663-82451196|strand=+|gene=TNIP2
68	75	11981	11988	100.000	8	14.7	56	Exon_05|rel=10887-11018|len=132	NC_006091.5:82436663-82451196|strand=+|gene=TNIP2
110	117	12224	12217	100.000	8	14.7	56	Exon_05|rel=10887-11018|len=132	NC_006091.5:82436663-82451196|strand=+|gene=TNIP2
52	64	12420	12410	84.615	13	14.7	56	Exon_05|rel=10887-11018|len=132	NC_006091.5:82436663-82451196|strand=+|gene=TNIP2
58	65	12483	12476	100.000	8	14.7	56	Exon_05|rel=10887-11018|len=132	NC_006091.5:82436663-82451196|strand=+|gene=TNIP2
106	113	13191	13184	100.000	8	14.7	56	Exon_05|rel=10887-11018|len=132	NC_006091.5:82436663-82451196|strand=+|gene=TNIP2
14	21	13645	13652	100.000	8	14.7	56	Exon_05|rel=10887-11018|len=132	NC_006091.5:82436663-82451196|strand=+|gene=TNIP2
5	12	13965	13972	100.000	8	14.7	56	Exon_05|rel=10887-11018|len=132	NC_006091.5:82436663-82451196|strand=+|gene=TNIP2
73	80	14178	14171	100.000	8	14.7	56	Exon_05|rel=10887-11018|len=132	NC_006091.5:82436663-82451196|strand=+|gene=TNIP2
71	78	14345	14338	100.000	8	14.7	56	Exon_05|rel=10887-11018|len=132	NC_006091.5:82436663-82451196|strand=+|gene=TNIP2
1	1035	11500	12534	100.000	1035	1540	0.0	Exon_06|rel=11500-12534|len=1035	NC_006091.5:82436663-82451196|strand=+|gene=TNIP2
888	915	9347	9321	80.000	30	24.4	1.1	Exon_06|rel=11500-12534|len=1035	NC_006091.5:82436663-82451196|strand=+|gene=TNIP2
427	468	13651	13612	74.419	43	24.4	1.1	Exon_06|rel=11500-12534|len=1035	NC_006091.5:82436663-82451196|strand=+|gene=TNIP2
964	995	6946	6978	77.143	35	22.9	3.1	Exon_06|rel=11500-12534|len=1035	NC_006091.5:82436663-82451196|strand=+|gene=TNIP2
529	551	13276	13299	83.333	24	22.9	3.1	Exon_06|rel=11500-12534|len=1035	NC_006091.5:82436663-82451196|strand=+|gene=TNIP2
241	270	2437	2468	75.758	33	22.2	3.1	Exon_06|rel=11500-12534|len=1035	NC_006091.5:82436663-82451196|strand=+|gene=TNIP2
450	471	11485	11464	83.333	24	22.2	3.1	Exon_06|rel=11500-12534|len=1035	NC_006091.5:82436663-82451196|strand=+|gene=TNIP2
881	917	13806	13844	71.429	42	22.2	3.1	Exon_06|rel=11500-12534|len=1035	NC_006091.5:82436663-82451196|strand=+|gene=TNIP2
823	847	7644	7666	80.000	25	21.4	8.7	Exon_06|rel=11500-12534|len=1035	NC_006091.5:82436663-82451196|strand=+|gene=TNIP2
225	249	8478	8502	80.000	25	21.4	8.7	Exon_06|rel=11500-12534|len=1035	NC_006091.5:82436663-82451196|strand=+|gene=TNIP2
720	736	10958	10941	88.889	18	21.4	8.7	Exon_06|rel=11500-12534|len=1035	NC_006091.5:82436663-82451196|strand=+|gene=TNIP2
287	298	1479	1490	100.000	12	20.7	8.7	Exon_06|rel=11500-12534|len=1035	NC_006091.5:82436663-82451196|strand=+|gene=TNIP2
560	589	2489	2463	76.667	30	20.7	8.7	Exon_06|rel=11500-12534|len=1035	NC_006091.5:82436663-82451196|strand=+|gene=TNIP2
58	81	3110	3086	80.000	25	20.7	8.7	Exon_06|rel=11500-12534|len=1035	NC_006091.5:82436663-82451196|strand=+|gene=TNIP2
738	749	7376	7365	100.000	12	20.7	8.7	Exon_06|rel=11500-12534|len=1035	NC_006091.5:82436663-82451196|strand=+|gene=TNIP2
537	548	9756	9745	100.000	12	20.7	8.7	Exon_06|rel=11500-12534|len=1035	NC_006091.5:82436663-82451196|strand=+|gene=TNIP2
831	845	11350	11337	93.333	15	20.7	8.7	Exon_06|rel=11500-12534|len=1035	NC_006091.5:82436663-82451196|strand=+|gene=TNIP2
772	788	12132	12148	88.235	17	20.7	8.7	Exon_06|rel=11500-12534|len=1035	NC_006091.5:82436663-82451196|strand=+|gene=TNIP2
649	683	12182	12148	73.684	38	20.7	8.7	Exon_06|rel=11500-12534|len=1035	NC_006091.5:82436663-82451196|strand=+|gene=TNIP2
633	649	12271	12287	88.235	17	20.7	8.7	Exon_06|rel=11500-12534|len=1035	NC_006091.5:82436663-82451196|strand=+|gene=TNIP2
822	842	142	159	80.952	21	19.9	24	Exon_06|rel=11500-12534|len=1035	NC_006091.5:82436663-82451196|strand=+|gene=TNIP2
446	468	2527	2503	80.000	25	19.9	24	Exon_06|rel=11500-12534|len=1035	NC_006091.5:82436663-82451196|strand=+|gene=TNIP2
782	795	3516	3503	92.857	14	19.9	24	Exon_06|rel=11500-12534|len=1035	NC_006091.5:82436663-82451196|strand=+|gene=TNIP2
651	664	7648	7635	92.857	14	19.9	24	Exon_06|rel=11500-12534|len=1035	NC_006091.5:82436663-82451196|strand=+|gene=TNIP2
904	917	11461	11474	92.857	14	19.9	24	Exon_06|rel=11500-12534|len=1035	NC_006091.5:82436663-82451196|strand=+|gene=TNIP2
889	904	296	281	87.500	16	19.2	24	Exon_06|rel=11500-12534|len=1035	NC_006091.5:82436663-82451196|strand=+|gene=TNIP2
799	811	1897	1910	92.857	14	19.2	24	Exon_06|rel=11500-12534|len=1035	NC_006091.5:82436663-82451196|strand=+|gene=TNIP2
325	335	2013	2003	100.000	11	19.2	24	Exon_06|rel=11500-12534|len=1035	NC_006091.5:82436663-82451196|strand=+|gene=TNIP2
701	714	7346	7334	92.857	14	19.2	24	Exon_06|rel=11500-12534|len=1035	NC_006091.5:82436663-82451196|strand=+|gene=TNIP2
453	478	9514	9489	77.778	27	19.2	24	Exon_06|rel=11500-12534|len=1035	NC_006091.5:82436663-82451196|strand=+|gene=TNIP2
944	974	11431	11459	75.000	32	19.2	24	Exon_06|rel=11500-12534|len=1035	NC_006091.5:82436663-82451196|strand=+|gene=TNIP2
1006	1028	1069	1047	78.261	23	18.4	68	Exon_06|rel=11500-12534|len=1035	NC_006091.5:82436663-82451196|strand=+|gene=TNIP2
903	915	1714	1726	92.308	13	18.4	68	Exon_06|rel=11500-12534|len=1035	NC_006091.5:82436663-82451196|strand=+|gene=TNIP2
512	534	2041	2019	79.167	24	18.4	68	Exon_06|rel=11500-12534|len=1035	NC_006091.5:82436663-82451196|strand=+|gene=TNIP2
237	249	7562	7574	92.308	13	18.4	68	Exon_06|rel=11500-12534|len=1035	NC_006091.5:82436663-82451196|strand=+|gene=TNIP2
681	693	7998	7986	92.308	13	18.4	68	Exon_06|rel=11500-12534|len=1035	NC_006091.5:82436663-82451196|strand=+|gene=TNIP2
482	497	8138	8155	83.333	18	18.4	68	Exon_06|rel=11500-12534|len=1035	NC_006091.5:82436663-82451196|strand=+|gene=TNIP2
51	63	8677	8665	92.308	13	18.4	68	Exon_06|rel=11500-12534|len=1035	NC_006091.5:82436663-82451196|strand=+|gene=TNIP2
508	520	9351	9339	92.308	13	18.4	68	Exon_06|rel=11500-12534|len=1035	NC_006091.5:82436663-82451196|strand=+|gene=TNIP2
904	916	10431	10443	92.308	13	18.4	68	Exon_06|rel=11500-12534|len=1035	NC_006091.5:82436663-82451196|strand=+|gene=TNIP2
96	108	10762	10750	92.308	13	18.4	68	Exon_06|rel=11500-12534|len=1035	NC_006091.5:82436663-82451196|strand=+|gene=TNIP2
358	367	999	1008	100.000	10	17.7	68	Exon_06|rel=11500-12534|len=1035	NC_006091.5:82436663-82451196|strand=+|gene=TNIP2
436	445	1332	1341	100.000	10	17.7	68	Exon_06|rel=11500-12534|len=1035	NC_006091.5:82436663-82451196|strand=+|gene=TNIP2
901	915	1714	1728	86.667	15	17.7	68	Exon_06|rel=11500-12534|len=1035	NC_006091.5:82436663-82451196|strand=+|gene=TNIP2
60	69	1796	1805	100.000	10	17.7	68	Exon_06|rel=11500-12534|len=1035	NC_006091.5:82436663-82451196|strand=+|gene=TNIP2
462	471	2857	2848	100.000	10	17.7	68	Exon_06|rel=11500-12534|len=1035	NC_006091.5:82436663-82451196|strand=+|gene=TNIP2
450	459	3500	3491	100.000	10	17.7	68	Exon_06|rel=11500-12534|len=1035	NC_006091.5:82436663-82451196|strand=+|gene=TNIP2
474	483	5768	5777	100.000	10	17.7	68	Exon_06|rel=11500-12534|len=1035	NC_006091.5:82436663-82451196|strand=+|gene=TNIP2
461	470	6586	6577	100.000	10	17.7	68	Exon_06|rel=11500-12534|len=1035	NC_006091.5:82436663-82451196|strand=+|gene=TNIP2
903	912	7266	7275	100.000	10	17.7	68	Exon_06|rel=11500-12534|len=1035	NC_006091.5:82436663-82451196|strand=+|gene=TNIP2
901	915	8146	8132	86.667	15	17.7	68	Exon_06|rel=11500-12534|len=1035	NC_006091.5:82436663-82451196|strand=+|gene=TNIP2
47	56	9283	9274	100.000	10	17.7	68	Exon_06|rel=11500-12534|len=1035	NC_006091.5:82436663-82451196|strand=+|gene=TNIP2
948	957	9426	9435	100.000	10	17.7	68	Exon_06|rel=11500-12534|len=1035	NC_006091.5:82436663-82451196|strand=+|gene=TNIP2
48	57	9919	9910	100.000	10	17.7	68	Exon_06|rel=11500-12534|len=1035	NC_006091.5:82436663-82451196|strand=+|gene=TNIP2
441	460	10564	10545	80.000	20	17.7	68	Exon_06|rel=11500-12534|len=1035	NC_006091.5:82436663-82451196|strand=+|gene=TNIP2
603	612	11628	11637	100.000	10	17.7	68	Exon_06|rel=11500-12534|len=1035	NC_006091.5:82436663-82451196|strand=+|gene=TNIP2
129	138	12102	12111	100.000	10	17.7	68	Exon_06|rel=11500-12534|len=1035	NC_006091.5:82436663-82451196|strand=+|gene=TNIP2
824	838	12202	12216	86.667	15	17.7	68	Exon_06|rel=11500-12534|len=1035	NC_006091.5:82436663-82451196|strand=+|gene=TNIP2
703	717	12323	12337	86.667	15	17.7	68	Exon_06|rel=11500-12534|len=1035	NC_006091.5:82436663-82451196|strand=+|gene=TNIP2
981	990	12489	12480	100.000	10	17.7	68	Exon_06|rel=11500-12534|len=1035	NC_006091.5:82436663-82451196|strand=+|gene=TNIP2
456	465	12894	12885	100.000	10	17.7	68	Exon_06|rel=11500-12534|len=1035	NC_006091.5:82436663-82451196|strand=+|gene=TNIP2
430	444	13512	13526	86.667	15	17.7	68	Exon_06|rel=11500-12534|len=1035	NC_006091.5:82436663-82451196|strand=+|gene=TNIP2
176	185	14027	14018	100.000	10	17.7	68	Exon_06|rel=11500-12534|len=1035	NC_006091.5:82436663-82451196|strand=+|gene=TNIP2
