1	164	2001	2164	100.000	164	246	8.98e-69	Exon_01|rel=2001-2164|len=164	NC_006096.5:13856703-13867480|strand=+|gene=UTS2B
131	145	6153	6167	93.333	15	21.4	0.88	Exon_01|rel=2001-2164|len=164	NC_006096.5:13856703-13867480|strand=+|gene=UTS2B
36	53	8185	8201	88.889	18	21.4	0.88	Exon_01|rel=2001-2164|len=164	NC_006096.5:13856703-13867480|strand=+|gene=UTS2B
121	132	185	174	100.000	12	20.7	0.88	Exon_01|rel=2001-2164|len=164	NC_006096.5:13856703-13867480|strand=+|gene=UTS2B
6	19	4626	4613	92.857	14	19.9	2.5	Exon_01|rel=2001-2164|len=164	NC_006096.5:13856703-13867480|strand=+|gene=UTS2B
138	163	2670	2692	76.923	26	18.4	6.9	Exon_01|rel=2001-2164|len=164	NC_006096.5:13856703-13867480|strand=+|gene=UTS2B
147	158	3795	3807	92.308	13	17.7	6.9	Exon_01|rel=2001-2164|len=164	NC_006096.5:13856703-13867480|strand=+|gene=UTS2B
12	21	7128	7119	100.000	10	17.7	6.9	Exon_01|rel=2001-2164|len=164	NC_006096.5:13856703-13867480|strand=+|gene=UTS2B
51	60	7749	7740	100.000	10	17.7	6.9	Exon_01|rel=2001-2164|len=164	NC_006096.5:13856703-13867480|strand=+|gene=UTS2B
2	14	7748	7759	92.308	13	17.7	6.9	Exon_01|rel=2001-2164|len=164	NC_006096.5:13856703-13867480|strand=+|gene=UTS2B
153	164	9291	9303	92.308	13	17.7	6.9	Exon_01|rel=2001-2164|len=164	NC_006096.5:13856703-13867480|strand=+|gene=UTS2B
121	132	2661	2650	91.667	12	17.0	19	Exon_01|rel=2001-2164|len=164	NC_006096.5:13856703-13867480|strand=+|gene=UTS2B
4	15	3631	3620	91.667	12	17.0	19	Exon_01|rel=2001-2164|len=164	NC_006096.5:13856703-13867480|strand=+|gene=UTS2B
129	142	9509	9495	86.667	15	17.0	19	Exon_01|rel=2001-2164|len=164	NC_006096.5:13856703-13867480|strand=+|gene=UTS2B
94	147	9507	9563	67.742	62	17.0	19	Exon_01|rel=2001-2164|len=164	NC_006096.5:13856703-13867480|strand=+|gene=UTS2B
20	28	454	446	100.000	9	16.2	19	Exon_01|rel=2001-2164|len=164	NC_006096.5:13856703-13867480|strand=+|gene=UTS2B
141	149	1337	1329	100.000	9	16.2	19	Exon_01|rel=2001-2164|len=164	NC_006096.5:13856703-13867480|strand=+|gene=UTS2B
144	152	1527	1535	100.000	9	16.2	19	Exon_01|rel=2001-2164|len=164	NC_006096.5:13856703-13867480|strand=+|gene=UTS2B
66	74	5120	5112	100.000	9	16.2	19	Exon_01|rel=2001-2164|len=164	NC_006096.5:13856703-13867480|strand=+|gene=UTS2B
124	132	5255	5263	100.000	9	16.2	19	Exon_01|rel=2001-2164|len=164	NC_006096.5:13856703-13867480|strand=+|gene=UTS2B
99	110	5648	5638	91.667	12	16.2	19	Exon_01|rel=2001-2164|len=164	NC_006096.5:13856703-13867480|strand=+|gene=UTS2B
27	58	5723	5692	71.429	35	16.2	19	Exon_01|rel=2001-2164|len=164	NC_006096.5:13856703-13867480|strand=+|gene=UTS2B
31	39	6974	6982	100.000	9	16.2	19	Exon_01|rel=2001-2164|len=164	NC_006096.5:13856703-13867480|strand=+|gene=UTS2B
12	20	8140	8148	100.000	9	16.2	19	Exon_01|rel=2001-2164|len=164	NC_006096.5:13856703-13867480|strand=+|gene=UTS2B
102	110	9296	9288	100.000	9	16.2	19	Exon_01|rel=2001-2164|len=164	NC_006096.5:13856703-13867480|strand=+|gene=UTS2B
119	129	1307	1297	90.909	11	15.5	54	Exon_01|rel=2001-2164|len=164	NC_006096.5:13856703-13867480|strand=+|gene=UTS2B
72	85	3162	3150	85.714	14	15.5	54	Exon_01|rel=2001-2164|len=164	NC_006096.5:13856703-13867480|strand=+|gene=UTS2B
101	114	4421	4409	85.714	14	15.5	54	Exon_01|rel=2001-2164|len=164	NC_006096.5:13856703-13867480|strand=+|gene=UTS2B
97	126	4640	4611	71.875	32	15.5	54	Exon_01|rel=2001-2164|len=164	NC_006096.5:13856703-13867480|strand=+|gene=UTS2B
2	20	4816	4798	76.190	21	15.5	54	Exon_01|rel=2001-2164|len=164	NC_006096.5:13856703-13867480|strand=+|gene=UTS2B
120	140	6987	6967	77.273	22	15.5	54	Exon_01|rel=2001-2164|len=164	NC_006096.5:13856703-13867480|strand=+|gene=UTS2B
1	13	10483	10470	85.714	14	15.5	54	Exon_01|rel=2001-2164|len=164	NC_006096.5:13856703-13867480|strand=+|gene=UTS2B
75	82	612	605	100.000	8	14.7	54	Exon_01|rel=2001-2164|len=164	NC_006096.5:13856703-13867480|strand=+|gene=UTS2B
56	63	823	816	100.000	8	14.7	54	Exon_01|rel=2001-2164|len=164	NC_006096.5:13856703-13867480|strand=+|gene=UTS2B
117	124	863	856	100.000	8	14.7	54	Exon_01|rel=2001-2164|len=164	NC_006096.5:13856703-13867480|strand=+|gene=UTS2B
148	155	1060	1067	100.000	8	14.7	54	Exon_01|rel=2001-2164|len=164	NC_006096.5:13856703-13867480|strand=+|gene=UTS2B
3	10	1304	1311	100.000	8	14.7	54	Exon_01|rel=2001-2164|len=164	NC_006096.5:13856703-13867480|strand=+|gene=UTS2B
34	41	2568	2561	100.000	8	14.7	54	Exon_01|rel=2001-2164|len=164	NC_006096.5:13856703-13867480|strand=+|gene=UTS2B
122	129	2711	2718	100.000	8	14.7	54	Exon_01|rel=2001-2164|len=164	NC_006096.5:13856703-13867480|strand=+|gene=UTS2B
34	41	3227	3234	100.000	8	14.7	54	Exon_01|rel=2001-2164|len=164	NC_006096.5:13856703-13867480|strand=+|gene=UTS2B
65	72	3904	3911	100.000	8	14.7	54	Exon_01|rel=2001-2164|len=164	NC_006096.5:13856703-13867480|strand=+|gene=UTS2B
140	147	5607	5614	100.000	8	14.7	54	Exon_01|rel=2001-2164|len=164	NC_006096.5:13856703-13867480|strand=+|gene=UTS2B
152	159	5969	5962	100.000	8	14.7	54	Exon_01|rel=2001-2164|len=164	NC_006096.5:13856703-13867480|strand=+|gene=UTS2B
3	10	6054	6047	100.000	8	14.7	54	Exon_01|rel=2001-2164|len=164	NC_006096.5:13856703-13867480|strand=+|gene=UTS2B
121	128	6171	6164	100.000	8	14.7	54	Exon_01|rel=2001-2164|len=164	NC_006096.5:13856703-13867480|strand=+|gene=UTS2B
8	20	6199	6187	84.615	13	14.7	54	Exon_01|rel=2001-2164|len=164	NC_006096.5:13856703-13867480|strand=+|gene=UTS2B
125	132	6862	6855	100.000	8	14.7	54	Exon_01|rel=2001-2164|len=164	NC_006096.5:13856703-13867480|strand=+|gene=UTS2B
5	12	7423	7430	100.000	8	14.7	54	Exon_01|rel=2001-2164|len=164	NC_006096.5:13856703-13867480|strand=+|gene=UTS2B
138	145	7743	7750	100.000	8	14.7	54	Exon_01|rel=2001-2164|len=164	NC_006096.5:13856703-13867480|strand=+|gene=UTS2B
2	20	8000	7984	78.947	19	14.7	54	Exon_01|rel=2001-2164|len=164	NC_006096.5:13856703-13867480|strand=+|gene=UTS2B
35	42	8121	8114	100.000	8	14.7	54	Exon_01|rel=2001-2164|len=164	NC_006096.5:13856703-13867480|strand=+|gene=UTS2B
2	9	8361	8354	100.000	8	14.7	54	Exon_01|rel=2001-2164|len=164	NC_006096.5:13856703-13867480|strand=+|gene=UTS2B
116	123	8478	8471	100.000	8	14.7	54	Exon_01|rel=2001-2164|len=164	NC_006096.5:13856703-13867480|strand=+|gene=UTS2B
152	159	9102	9095	100.000	8	14.7	54	Exon_01|rel=2001-2164|len=164	NC_006096.5:13856703-13867480|strand=+|gene=UTS2B
122	129	9776	9769	100.000	8	14.7	54	Exon_01|rel=2001-2164|len=164	NC_006096.5:13856703-13867480|strand=+|gene=UTS2B
26	33	9799	9806	100.000	8	14.7	54	Exon_01|rel=2001-2164|len=164	NC_006096.5:13856703-13867480|strand=+|gene=UTS2B
94	101	9801	9808	100.000	8	14.7	54	Exon_01|rel=2001-2164|len=164	NC_006096.5:13856703-13867480|strand=+|gene=UTS2B
9	16	9823	9816	100.000	8	14.7	54	Exon_01|rel=2001-2164|len=164	NC_006096.5:13856703-13867480|strand=+|gene=UTS2B
157	164	10612	10605	100.000	8	14.7	54	Exon_01|rel=2001-2164|len=164	NC_006096.5:13856703-13867480|strand=+|gene=UTS2B
1	99	4016	4114	100.000	99	149	5.78e-40	Exon_02|rel=4016-4114|len=99	NC_006096.5:13856703-13867480|strand=+|gene=UTS2B
64	94	2225	2190	77.778	36	24.4	0.061	Exon_02|rel=4016-4114|len=99	NC_006096.5:13856703-13867480|strand=+|gene=UTS2B
48	67	4810	4832	82.609	23	19.9	1.3	Exon_02|rel=4016-4114|len=99	NC_006096.5:13856703-13867480|strand=+|gene=UTS2B
20	48	6100	6124	75.862	29	19.9	1.3	Exon_02|rel=4016-4114|len=99	NC_006096.5:13856703-13867480|strand=+|gene=UTS2B
1	46	10235	10282	71.154	52	19.9	1.3	Exon_02|rel=4016-4114|len=99	NC_006096.5:13856703-13867480|strand=+|gene=UTS2B
31	55	6948	6972	77.778	27	19.2	1.3	Exon_02|rel=4016-4114|len=99	NC_006096.5:13856703-13867480|strand=+|gene=UTS2B
18	30	594	606	92.308	13	18.4	3.7	Exon_02|rel=4016-4114|len=99	NC_006096.5:13856703-13867480|strand=+|gene=UTS2B
10	28	2411	2427	84.211	19	18.4	3.7	Exon_02|rel=4016-4114|len=99	NC_006096.5:13856703-13867480|strand=+|gene=UTS2B
11	29	8396	8380	84.211	19	18.4	3.7	Exon_02|rel=4016-4114|len=99	NC_006096.5:13856703-13867480|strand=+|gene=UTS2B
75	92	10226	10209	83.333	18	18.4	3.7	Exon_02|rel=4016-4114|len=99	NC_006096.5:13856703-13867480|strand=+|gene=UTS2B
31	59	10597	10628	75.000	32	18.4	3.7	Exon_02|rel=4016-4114|len=99	NC_006096.5:13856703-13867480|strand=+|gene=UTS2B
70	81	459	471	92.308	13	17.7	3.7	Exon_02|rel=4016-4114|len=99	NC_006096.5:13856703-13867480|strand=+|gene=UTS2B
66	86	3123	3105	80.952	21	17.7	3.7	Exon_02|rel=4016-4114|len=99	NC_006096.5:13856703-13867480|strand=+|gene=UTS2B
42	56	3168	3182	86.667	15	17.7	3.7	Exon_02|rel=4016-4114|len=99	NC_006096.5:13856703-13867480|strand=+|gene=UTS2B
44	57	6115	6100	87.500	16	17.7	3.7	Exon_02|rel=4016-4114|len=99	NC_006096.5:13856703-13867480|strand=+|gene=UTS2B
10	19	7429	7420	100.000	10	17.7	3.7	Exon_02|rel=4016-4114|len=99	NC_006096.5:13856703-13867480|strand=+|gene=UTS2B
17	34	8255	8236	80.952	21	17.7	3.7	Exon_02|rel=4016-4114|len=99	NC_006096.5:13856703-13867480|strand=+|gene=UTS2B
22	41	2567	2549	80.000	20	17.0	10	Exon_02|rel=4016-4114|len=99	NC_006096.5:13856703-13867480|strand=+|gene=UTS2B
21	35	4579	4592	86.667	15	17.0	10	Exon_02|rel=4016-4114|len=99	NC_006096.5:13856703-13867480|strand=+|gene=UTS2B
22	30	1189	1197	100.000	9	16.2	10	Exon_02|rel=4016-4114|len=99	NC_006096.5:13856703-13867480|strand=+|gene=UTS2B
26	40	1369	1381	86.667	15	16.2	10	Exon_02|rel=4016-4114|len=99	NC_006096.5:13856703-13867480|strand=+|gene=UTS2B
55	70	2353	2369	82.353	17	16.2	10	Exon_02|rel=4016-4114|len=99	NC_006096.5:13856703-13867480|strand=+|gene=UTS2B
45	53	2693	2701	100.000	9	16.2	10	Exon_02|rel=4016-4114|len=99	NC_006096.5:13856703-13867480|strand=+|gene=UTS2B
4	22	4191	4209	78.947	19	16.2	10	Exon_02|rel=4016-4114|len=99	NC_006096.5:13856703-13867480|strand=+|gene=UTS2B
68	84	4812	4794	78.947	19	16.2	10	Exon_02|rel=4016-4114|len=99	NC_006096.5:13856703-13867480|strand=+|gene=UTS2B
88	96	5462	5454	100.000	9	16.2	10	Exon_02|rel=4016-4114|len=99	NC_006096.5:13856703-13867480|strand=+|gene=UTS2B
53	61	7161	7153	100.000	9	16.2	10	Exon_02|rel=4016-4114|len=99	NC_006096.5:13856703-13867480|strand=+|gene=UTS2B
10	18	7753	7745	100.000	9	16.2	10	Exon_02|rel=4016-4114|len=99	NC_006096.5:13856703-13867480|strand=+|gene=UTS2B
70	80	7866	7855	91.667	12	16.2	10	Exon_02|rel=4016-4114|len=99	NC_006096.5:13856703-13867480|strand=+|gene=UTS2B
12	20	8808	8816	100.000	9	16.2	10	Exon_02|rel=4016-4114|len=99	NC_006096.5:13856703-13867480|strand=+|gene=UTS2B
35	62	412	434	71.429	28	15.5	29	Exon_02|rel=4016-4114|len=99	NC_006096.5:13856703-13867480|strand=+|gene=UTS2B
55	70	1224	1242	78.947	19	15.5	29	Exon_02|rel=4016-4114|len=99	NC_006096.5:13856703-13867480|strand=+|gene=UTS2B
10	25	2628	2643	81.250	16	15.5	29	Exon_02|rel=4016-4114|len=99	NC_006096.5:13856703-13867480|strand=+|gene=UTS2B
73	97	4232	4254	73.077	26	15.5	29	Exon_02|rel=4016-4114|len=99	NC_006096.5:13856703-13867480|strand=+|gene=UTS2B
39	49	5310	5300	90.909	11	15.5	29	Exon_02|rel=4016-4114|len=99	NC_006096.5:13856703-13867480|strand=+|gene=UTS2B
53	63	5465	5475	90.909	11	15.5	29	Exon_02|rel=4016-4114|len=99	NC_006096.5:13856703-13867480|strand=+|gene=UTS2B
18	32	5844	5860	82.353	17	15.5	29	Exon_02|rel=4016-4114|len=99	NC_006096.5:13856703-13867480|strand=+|gene=UTS2B
20	32	6597	6584	85.714	14	15.5	29	Exon_02|rel=4016-4114|len=99	NC_006096.5:13856703-13867480|strand=+|gene=UTS2B
29	41	9709	9696	85.714	14	15.5	29	Exon_02|rel=4016-4114|len=99	NC_006096.5:13856703-13867480|strand=+|gene=UTS2B
58	71	9820	9808	85.714	14	15.5	29	Exon_02|rel=4016-4114|len=99	NC_006096.5:13856703-13867480|strand=+|gene=UTS2B
82	89	301	308	100.000	8	14.7	29	Exon_02|rel=4016-4114|len=99	NC_006096.5:13856703-13867480|strand=+|gene=UTS2B
73	80	403	396	100.000	8	14.7	29	Exon_02|rel=4016-4114|len=99	NC_006096.5:13856703-13867480|strand=+|gene=UTS2B
49	56	430	437	100.000	8	14.7	29	Exon_02|rel=4016-4114|len=99	NC_006096.5:13856703-13867480|strand=+|gene=UTS2B
81	88	526	519	100.000	8	14.7	29	Exon_02|rel=4016-4114|len=99	NC_006096.5:13856703-13867480|strand=+|gene=UTS2B
82	89	939	932	100.000	8	14.7	29	Exon_02|rel=4016-4114|len=99	NC_006096.5:13856703-13867480|strand=+|gene=UTS2B
65	72	1538	1545	100.000	8	14.7	29	Exon_02|rel=4016-4114|len=99	NC_006096.5:13856703-13867480|strand=+|gene=UTS2B
78	85	1993	1986	100.000	8	14.7	29	Exon_02|rel=4016-4114|len=99	NC_006096.5:13856703-13867480|strand=+|gene=UTS2B
15	22	2452	2459	100.000	8	14.7	29	Exon_02|rel=4016-4114|len=99	NC_006096.5:13856703-13867480|strand=+|gene=UTS2B
67	74	2550	2543	100.000	8	14.7	29	Exon_02|rel=4016-4114|len=99	NC_006096.5:13856703-13867480|strand=+|gene=UTS2B
22	34	3228	3240	84.615	13	14.7	29	Exon_02|rel=4016-4114|len=99	NC_006096.5:13856703-13867480|strand=+|gene=UTS2B
89	96	3644	3651	100.000	8	14.7	29	Exon_02|rel=4016-4114|len=99	NC_006096.5:13856703-13867480|strand=+|gene=UTS2B
56	84	3738	3713	70.968	31	14.7	29	Exon_02|rel=4016-4114|len=99	NC_006096.5:13856703-13867480|strand=+|gene=UTS2B
15	22	3764	3771	100.000	8	14.7	29	Exon_02|rel=4016-4114|len=99	NC_006096.5:13856703-13867480|strand=+|gene=UTS2B
32	41	4507	4517	90.909	11	14.7	29	Exon_02|rel=4016-4114|len=99	NC_006096.5:13856703-13867480|strand=+|gene=UTS2B
25	32	5029	5036	100.000	8	14.7	29	Exon_02|rel=4016-4114|len=99	NC_006096.5:13856703-13867480|strand=+|gene=UTS2B
42	49	5031	5038	100.000	8	14.7	29	Exon_02|rel=4016-4114|len=99	NC_006096.5:13856703-13867480|strand=+|gene=UTS2B
51	61	5854	5845	90.909	11	14.7	29	Exon_02|rel=4016-4114|len=99	NC_006096.5:13856703-13867480|strand=+|gene=UTS2B
54	61	5867	5860	100.000	8	14.7	29	Exon_02|rel=4016-4114|len=99	NC_006096.5:13856703-13867480|strand=+|gene=UTS2B
66	85	6428	6448	76.190	21	14.7	29	Exon_02|rel=4016-4114|len=99	NC_006096.5:13856703-13867480|strand=+|gene=UTS2B
79	86	6561	6554	100.000	8	14.7	29	Exon_02|rel=4016-4114|len=99	NC_006096.5:13856703-13867480|strand=+|gene=UTS2B
53	62	7134	7124	90.909	11	14.7	29	Exon_02|rel=4016-4114|len=99	NC_006096.5:13856703-13867480|strand=+|gene=UTS2B
67	74	7564	7571	100.000	8	14.7	29	Exon_02|rel=4016-4114|len=99	NC_006096.5:13856703-13867480|strand=+|gene=UTS2B
7	14	8020	8013	100.000	8	14.7	29	Exon_02|rel=4016-4114|len=99	NC_006096.5:13856703-13867480|strand=+|gene=UTS2B
10	17	8093	8086	100.000	8	14.7	29	Exon_02|rel=4016-4114|len=99	NC_006096.5:13856703-13867480|strand=+|gene=UTS2B
21	28	8122	8115	100.000	8	14.7	29	Exon_02|rel=4016-4114|len=99	NC_006096.5:13856703-13867480|strand=+|gene=UTS2B
53	73	8381	8400	76.190	21	14.7	29	Exon_02|rel=4016-4114|len=99	NC_006096.5:13856703-13867480|strand=+|gene=UTS2B
35	42	8458	8465	100.000	8	14.7	29	Exon_02|rel=4016-4114|len=99	NC_006096.5:13856703-13867480|strand=+|gene=UTS2B
62	69	9545	9538	100.000	8	14.7	29	Exon_02|rel=4016-4114|len=99	NC_006096.5:13856703-13867480|strand=+|gene=UTS2B
90	97	9689	9682	100.000	8	14.7	29	Exon_02|rel=4016-4114|len=99	NC_006096.5:13856703-13867480|strand=+|gene=UTS2B
67	92	10004	9969	66.667	36	14.7	29	Exon_02|rel=4016-4114|len=99	NC_006096.5:13856703-13867480|strand=+|gene=UTS2B
74	81	10401	10394	100.000	8	14.7	29	Exon_02|rel=4016-4114|len=99	NC_006096.5:13856703-13867480|strand=+|gene=UTS2B
65	85	544	562	76.190	21	14.0	82	Exon_02|rel=4016-4114|len=99	NC_006096.5:13856703-13867480|strand=+|gene=UTS2B
63	72	1290	1281	90.000	10	14.0	82	Exon_02|rel=4016-4114|len=99	NC_006096.5:13856703-13867480|strand=+|gene=UTS2B
20	32	1429	1440	84.615	13	14.0	82	Exon_02|rel=4016-4114|len=99	NC_006096.5:13856703-13867480|strand=+|gene=UTS2B
85	94	2649	2658	90.000	10	14.0	82	Exon_02|rel=4016-4114|len=99	NC_006096.5:13856703-13867480|strand=+|gene=UTS2B
47	56	5203	5212	90.000	10	14.0	82	Exon_02|rel=4016-4114|len=99	NC_006096.5:13856703-13867480|strand=+|gene=UTS2B
72	84	5208	5219	84.615	13	14.0	82	Exon_02|rel=4016-4114|len=99	NC_006096.5:13856703-13867480|strand=+|gene=UTS2B
34	48	5985	5999	80.000	15	14.0	82	Exon_02|rel=4016-4114|len=99	NC_006096.5:13856703-13867480|strand=+|gene=UTS2B
83	92	6237	6228	90.000	10	14.0	82	Exon_02|rel=4016-4114|len=99	NC_006096.5:13856703-13867480|strand=+|gene=UTS2B
8	27	6357	6376	76.190	21	14.0	82	Exon_02|rel=4016-4114|len=99	NC_006096.5:13856703-13867480|strand=+|gene=UTS2B
41	52	7074	7062	84.615	13	14.0	82	Exon_02|rel=4016-4114|len=99	NC_006096.5:13856703-13867480|strand=+|gene=UTS2B
39	61	7510	7491	73.913	23	14.0	82	Exon_02|rel=4016-4114|len=99	NC_006096.5:13856703-13867480|strand=+|gene=UTS2B
25	60	8472	8515	65.909	44	14.0	82	Exon_02|rel=4016-4114|len=99	NC_006096.5:13856703-13867480|strand=+|gene=UTS2B
41	50	8564	8555	90.000	10	14.0	82	Exon_02|rel=4016-4114|len=99	NC_006096.5:13856703-13867480|strand=+|gene=UTS2B
21	30	9947	9938	90.000	10	14.0	82	Exon_02|rel=4016-4114|len=99	NC_006096.5:13856703-13867480|strand=+|gene=UTS2B
61	75	10078	10061	77.778	18	14.0	82	Exon_02|rel=4016-4114|len=99	NC_006096.5:13856703-13867480|strand=+|gene=UTS2B
14	45	10489	10454	69.444	36	14.0	82	Exon_02|rel=4016-4114|len=99	NC_006096.5:13856703-13867480|strand=+|gene=UTS2B
15	21	193	199	100.000	7	13.2	82	Exon_02|rel=4016-4114|len=99	NC_006096.5:13856703-13867480|strand=+|gene=UTS2B
85	91	413	419	100.000	7	13.2	82	Exon_02|rel=4016-4114|len=99	NC_006096.5:13856703-13867480|strand=+|gene=UTS2B
87	93	439	433	100.000	7	13.2	82	Exon_02|rel=4016-4114|len=99	NC_006096.5:13856703-13867480|strand=+|gene=UTS2B
83	89	492	486	100.000	7	13.2	82	Exon_02|rel=4016-4114|len=99	NC_006096.5:13856703-13867480|strand=+|gene=UTS2B
13	19	497	491	100.000	7	13.2	82	Exon_02|rel=4016-4114|len=99	NC_006096.5:13856703-13867480|strand=+|gene=UTS2B
40	46	526	520	100.000	7	13.2	82	Exon_02|rel=4016-4114|len=99	NC_006096.5:13856703-13867480|strand=+|gene=UTS2B
54	60	622	628	100.000	7	13.2	82	Exon_02|rel=4016-4114|len=99	NC_006096.5:13856703-13867480|strand=+|gene=UTS2B
89	95	653	647	100.000	7	13.2	82	Exon_02|rel=4016-4114|len=99	NC_006096.5:13856703-13867480|strand=+|gene=UTS2B
49	55	682	676	100.000	7	13.2	82	Exon_02|rel=4016-4114|len=99	NC_006096.5:13856703-13867480|strand=+|gene=UTS2B
34	40	1183	1177	100.000	7	13.2	82	Exon_02|rel=4016-4114|len=99	NC_006096.5:13856703-13867480|strand=+|gene=UTS2B
39	45	1189	1183	100.000	7	13.2	82	Exon_02|rel=4016-4114|len=99	NC_006096.5:13856703-13867480|strand=+|gene=UTS2B
11	17	1448	1454	100.000	7	13.2	82	Exon_02|rel=4016-4114|len=99	NC_006096.5:13856703-13867480|strand=+|gene=UTS2B
30	36	1619	1625	100.000	7	13.2	82	Exon_02|rel=4016-4114|len=99	NC_006096.5:13856703-13867480|strand=+|gene=UTS2B
75	81	1737	1743	100.000	7	13.2	82	Exon_02|rel=4016-4114|len=99	NC_006096.5:13856703-13867480|strand=+|gene=UTS2B
93	99	1772	1766	100.000	7	13.2	82	Exon_02|rel=4016-4114|len=99	NC_006096.5:13856703-13867480|strand=+|gene=UTS2B
78	84	1913	1907	100.000	7	13.2	82	Exon_02|rel=4016-4114|len=99	NC_006096.5:13856703-13867480|strand=+|gene=UTS2B
10	16	2011	2005	100.000	7	13.2	82	Exon_02|rel=4016-4114|len=99	NC_006096.5:13856703-13867480|strand=+|gene=UTS2B
22	28	2035	2041	100.000	7	13.2	82	Exon_02|rel=4016-4114|len=99	NC_006096.5:13856703-13867480|strand=+|gene=UTS2B
76	82	2110	2116	100.000	7	13.2	82	Exon_02|rel=4016-4114|len=99	NC_006096.5:13856703-13867480|strand=+|gene=UTS2B
31	37	2188	2182	100.000	7	13.2	82	Exon_02|rel=4016-4114|len=99	NC_006096.5:13856703-13867480|strand=+|gene=UTS2B
35	41	2386	2380	100.000	7	13.2	82	Exon_02|rel=4016-4114|len=99	NC_006096.5:13856703-13867480|strand=+|gene=UTS2B
9	15	2559	2565	100.000	7	13.2	82	Exon_02|rel=4016-4114|len=99	NC_006096.5:13856703-13867480|strand=+|gene=UTS2B
88	94	2605	2611	100.000	7	13.2	82	Exon_02|rel=4016-4114|len=99	NC_006096.5:13856703-13867480|strand=+|gene=UTS2B
52	58	2714	2720	100.000	7	13.2	82	Exon_02|rel=4016-4114|len=99	NC_006096.5:13856703-13867480|strand=+|gene=UTS2B
28	34	2911	2917	100.000	7	13.2	82	Exon_02|rel=4016-4114|len=99	NC_006096.5:13856703-13867480|strand=+|gene=UTS2B
88	94	2971	2965	100.000	7	13.2	82	Exon_02|rel=4016-4114|len=99	NC_006096.5:13856703-13867480|strand=+|gene=UTS2B
74	80	3061	3055	100.000	7	13.2	82	Exon_02|rel=4016-4114|len=99	NC_006096.5:13856703-13867480|strand=+|gene=UTS2B
72	78	3122	3128	100.000	7	13.2	82	Exon_02|rel=4016-4114|len=99	NC_006096.5:13856703-13867480|strand=+|gene=UTS2B
72	78	3261	3267	100.000	7	13.2	82	Exon_02|rel=4016-4114|len=99	NC_006096.5:13856703-13867480|strand=+|gene=UTS2B
27	33	3478	3472	100.000	7	13.2	82	Exon_02|rel=4016-4114|len=99	NC_006096.5:13856703-13867480|strand=+|gene=UTS2B
41	47	3479	3473	100.000	7	13.2	82	Exon_02|rel=4016-4114|len=99	NC_006096.5:13856703-13867480|strand=+|gene=UTS2B
10	16	3624	3630	100.000	7	13.2	82	Exon_02|rel=4016-4114|len=99	NC_006096.5:13856703-13867480|strand=+|gene=UTS2B
87	93	3633	3627	100.000	7	13.2	82	Exon_02|rel=4016-4114|len=99	NC_006096.5:13856703-13867480|strand=+|gene=UTS2B
77	83	3956	3962	100.000	7	13.2	82	Exon_02|rel=4016-4114|len=99	NC_006096.5:13856703-13867480|strand=+|gene=UTS2B
50	56	4437	4431	100.000	7	13.2	82	Exon_02|rel=4016-4114|len=99	NC_006096.5:13856703-13867480|strand=+|gene=UTS2B
92	98	4484	4478	100.000	7	13.2	82	Exon_02|rel=4016-4114|len=99	NC_006096.5:13856703-13867480|strand=+|gene=UTS2B
92	98	4479	4485	100.000	7	13.2	82	Exon_02|rel=4016-4114|len=99	NC_006096.5:13856703-13867480|strand=+|gene=UTS2B
47	53	4665	4671	100.000	7	13.2	82	Exon_02|rel=4016-4114|len=99	NC_006096.5:13856703-13867480|strand=+|gene=UTS2B
62	68	4692	4686	100.000	7	13.2	82	Exon_02|rel=4016-4114|len=99	NC_006096.5:13856703-13867480|strand=+|gene=UTS2B
78	84	4697	4703	100.000	7	13.2	82	Exon_02|rel=4016-4114|len=99	NC_006096.5:13856703-13867480|strand=+|gene=UTS2B
55	61	4754	4748	100.000	7	13.2	82	Exon_02|rel=4016-4114|len=99	NC_006096.5:13856703-13867480|strand=+|gene=UTS2B
53	59	4767	4761	100.000	7	13.2	82	Exon_02|rel=4016-4114|len=99	NC_006096.5:13856703-13867480|strand=+|gene=UTS2B
91	97	4847	4841	100.000	7	13.2	82	Exon_02|rel=4016-4114|len=99	NC_006096.5:13856703-13867480|strand=+|gene=UTS2B
63	69	4983	4989	100.000	7	13.2	82	Exon_02|rel=4016-4114|len=99	NC_006096.5:13856703-13867480|strand=+|gene=UTS2B
52	58	5047	5041	100.000	7	13.2	82	Exon_02|rel=4016-4114|len=99	NC_006096.5:13856703-13867480|strand=+|gene=UTS2B
3	9	5084	5090	100.000	7	13.2	82	Exon_02|rel=4016-4114|len=99	NC_006096.5:13856703-13867480|strand=+|gene=UTS2B
8	14	5146	5140	100.000	7	13.2	82	Exon_02|rel=4016-4114|len=99	NC_006096.5:13856703-13867480|strand=+|gene=UTS2B
26	32	5438	5444	100.000	7	13.2	82	Exon_02|rel=4016-4114|len=99	NC_006096.5:13856703-13867480|strand=+|gene=UTS2B
42	48	5439	5445	100.000	7	13.2	82	Exon_02|rel=4016-4114|len=99	NC_006096.5:13856703-13867480|strand=+|gene=UTS2B
28	34	5529	5523	100.000	7	13.2	82	Exon_02|rel=4016-4114|len=99	NC_006096.5:13856703-13867480|strand=+|gene=UTS2B
63	69	5571	5565	100.000	7	13.2	82	Exon_02|rel=4016-4114|len=99	NC_006096.5:13856703-13867480|strand=+|gene=UTS2B
85	91	5790	5784	100.000	7	13.2	82	Exon_02|rel=4016-4114|len=99	NC_006096.5:13856703-13867480|strand=+|gene=UTS2B
36	42	5790	5784	100.000	7	13.2	82	Exon_02|rel=4016-4114|len=99	NC_006096.5:13856703-13867480|strand=+|gene=UTS2B
91	97	6076	6082	100.000	7	13.2	82	Exon_02|rel=4016-4114|len=99	NC_006096.5:13856703-13867480|strand=+|gene=UTS2B
73	79	6137	6143	100.000	7	13.2	82	Exon_02|rel=4016-4114|len=99	NC_006096.5:13856703-13867480|strand=+|gene=UTS2B
10	16	6217	6211	100.000	7	13.2	82	Exon_02|rel=4016-4114|len=99	NC_006096.5:13856703-13867480|strand=+|gene=UTS2B
21	27	6326	6320	100.000	7	13.2	82	Exon_02|rel=4016-4114|len=99	NC_006096.5:13856703-13867480|strand=+|gene=UTS2B
15	21	6328	6322	100.000	7	13.2	82	Exon_02|rel=4016-4114|len=99	NC_006096.5:13856703-13867480|strand=+|gene=UTS2B
68	74	6608	6614	100.000	7	13.2	82	Exon_02|rel=4016-4114|len=99	NC_006096.5:13856703-13867480|strand=+|gene=UTS2B
35	41	6793	6799	100.000	7	13.2	82	Exon_02|rel=4016-4114|len=99	NC_006096.5:13856703-13867480|strand=+|gene=UTS2B
54	60	7085	7091	100.000	7	13.2	82	Exon_02|rel=4016-4114|len=99	NC_006096.5:13856703-13867480|strand=+|gene=UTS2B
54	60	7092	7098	100.000	7	13.2	82	Exon_02|rel=4016-4114|len=99	NC_006096.5:13856703-13867480|strand=+|gene=UTS2B
16	22	7493	7499	100.000	7	13.2	82	Exon_02|rel=4016-4114|len=99	NC_006096.5:13856703-13867480|strand=+|gene=UTS2B
26	32	7539	7533	100.000	7	13.2	82	Exon_02|rel=4016-4114|len=99	NC_006096.5:13856703-13867480|strand=+|gene=UTS2B
35	41	7652	7646	100.000	7	13.2	82	Exon_02|rel=4016-4114|len=99	NC_006096.5:13856703-13867480|strand=+|gene=UTS2B
24	30	7737	7743	100.000	7	13.2	82	Exon_02|rel=4016-4114|len=99	NC_006096.5:13856703-13867480|strand=+|gene=UTS2B
88	94	7896	7902	100.000	7	13.2	82	Exon_02|rel=4016-4114|len=99	NC_006096.5:13856703-13867480|strand=+|gene=UTS2B
72	78	7932	7926	100.000	7	13.2	82	Exon_02|rel=4016-4114|len=99	NC_006096.5:13856703-13867480|strand=+|gene=UTS2B
64	70	8011	8017	100.000	7	13.2	82	Exon_02|rel=4016-4114|len=99	NC_006096.5:13856703-13867480|strand=+|gene=UTS2B
46	52	8256	8262	100.000	7	13.2	82	Exon_02|rel=4016-4114|len=99	NC_006096.5:13856703-13867480|strand=+|gene=UTS2B
50	56	8332	8326	100.000	7	13.2	82	Exon_02|rel=4016-4114|len=99	NC_006096.5:13856703-13867480|strand=+|gene=UTS2B
12	18	8358	8364	100.000	7	13.2	82	Exon_02|rel=4016-4114|len=99	NC_006096.5:13856703-13867480|strand=+|gene=UTS2B
85	91	8459	8465	100.000	7	13.2	82	Exon_02|rel=4016-4114|len=99	NC_006096.5:13856703-13867480|strand=+|gene=UTS2B
27	33	8563	8557	100.000	7	13.2	82	Exon_02|rel=4016-4114|len=99	NC_006096.5:13856703-13867480|strand=+|gene=UTS2B
57	63	9013	9019	100.000	7	13.2	82	Exon_02|rel=4016-4114|len=99	NC_006096.5:13856703-13867480|strand=+|gene=UTS2B
69	75	9072	9078	100.000	7	13.2	82	Exon_02|rel=4016-4114|len=99	NC_006096.5:13856703-13867480|strand=+|gene=UTS2B
32	38	9180	9186	100.000	7	13.2	82	Exon_02|rel=4016-4114|len=99	NC_006096.5:13856703-13867480|strand=+|gene=UTS2B
75	81	9325	9331	100.000	7	13.2	82	Exon_02|rel=4016-4114|len=99	NC_006096.5:13856703-13867480|strand=+|gene=UTS2B
33	39	9613	9619	100.000	7	13.2	82	Exon_02|rel=4016-4114|len=99	NC_006096.5:13856703-13867480|strand=+|gene=UTS2B
89	95	9664	9658	100.000	7	13.2	82	Exon_02|rel=4016-4114|len=99	NC_006096.5:13856703-13867480|strand=+|gene=UTS2B
91	97	9681	9687	100.000	7	13.2	82	Exon_02|rel=4016-4114|len=99	NC_006096.5:13856703-13867480|strand=+|gene=UTS2B
88	94	9768	9774	100.000	7	13.2	82	Exon_02|rel=4016-4114|len=99	NC_006096.5:13856703-13867480|strand=+|gene=UTS2B
21	27	9793	9799	100.000	7	13.2	82	Exon_02|rel=4016-4114|len=99	NC_006096.5:13856703-13867480|strand=+|gene=UTS2B
16	22	9921	9927	100.000	7	13.2	82	Exon_02|rel=4016-4114|len=99	NC_006096.5:13856703-13867480|strand=+|gene=UTS2B
20	26	10387	10381	100.000	7	13.2	82	Exon_02|rel=4016-4114|len=99	NC_006096.5:13856703-13867480|strand=+|gene=UTS2B
12	18	10412	10418	100.000	7	13.2	82	Exon_02|rel=4016-4114|len=99	NC_006096.5:13856703-13867480|strand=+|gene=UTS2B
1	38	6060	6097	100.000	38	59.3	2.57e-13	Exon_03|rel=6060-6097|len=38	NC_006096.5:13856703-13867480|strand=+|gene=UTS2B
11	21	9567	9577	100.000	11	19.2	0.31	Exon_03|rel=6060-6097|len=38	NC_006096.5:13856703-13867480|strand=+|gene=UTS2B
8	20	5064	5076	92.308	13	18.4	0.86	Exon_03|rel=6060-6097|len=38	NC_006096.5:13856703-13867480|strand=+|gene=UTS2B
12	20	7016	7024	100.000	9	16.2	2.4	Exon_03|rel=6060-6097|len=38	NC_006096.5:13856703-13867480|strand=+|gene=UTS2B
2	10	7107	7115	100.000	9	16.2	2.4	Exon_03|rel=6060-6097|len=38	NC_006096.5:13856703-13867480|strand=+|gene=UTS2B
15	23	9679	9687	100.000	9	16.2	2.4	Exon_03|rel=6060-6097|len=38	NC_006096.5:13856703-13867480|strand=+|gene=UTS2B
25	32	1105	1098	100.000	8	14.7	6.8	Exon_03|rel=6060-6097|len=38	NC_006096.5:13856703-13867480|strand=+|gene=UTS2B
31	38	1800	1807	100.000	8	14.7	6.8	Exon_03|rel=6060-6097|len=38	NC_006096.5:13856703-13867480|strand=+|gene=UTS2B
5	14	2955	2945	90.909	11	14.7	6.8	Exon_03|rel=6060-6097|len=38	NC_006096.5:13856703-13867480|strand=+|gene=UTS2B
2	12	3420	3432	84.615	13	14.7	6.8	Exon_03|rel=6060-6097|len=38	NC_006096.5:13856703-13867480|strand=+|gene=UTS2B
3	10	3569	3562	100.000	8	14.7	6.8	Exon_03|rel=6060-6097|len=38	NC_006096.5:13856703-13867480|strand=+|gene=UTS2B
17	24	4847	4840	100.000	8	14.7	6.8	Exon_03|rel=6060-6097|len=38	NC_006096.5:13856703-13867480|strand=+|gene=UTS2B
14	21	6190	6197	100.000	8	14.7	6.8	Exon_03|rel=6060-6097|len=38	NC_006096.5:13856703-13867480|strand=+|gene=UTS2B
26	33	7368	7375	100.000	8	14.7	6.8	Exon_03|rel=6060-6097|len=38	NC_006096.5:13856703-13867480|strand=+|gene=UTS2B
5	14	2499	2490	90.000	10	14.0	19	Exon_03|rel=6060-6097|len=38	NC_006096.5:13856703-13867480|strand=+|gene=UTS2B
12	21	3265	3256	90.000	10	14.0	19	Exon_03|rel=6060-6097|len=38	NC_006096.5:13856703-13867480|strand=+|gene=UTS2B
3	12	6497	6488	90.000	10	14.0	19	Exon_03|rel=6060-6097|len=38	NC_006096.5:13856703-13867480|strand=+|gene=UTS2B
29	38	8564	8573	90.000	10	14.0	19	Exon_03|rel=6060-6097|len=38	NC_006096.5:13856703-13867480|strand=+|gene=UTS2B
6	18	10602	10591	84.615	13	14.0	19	Exon_03|rel=6060-6097|len=38	NC_006096.5:13856703-13867480|strand=+|gene=UTS2B
10	16	467	461	100.000	7	13.2	19	Exon_03|rel=6060-6097|len=38	NC_006096.5:13856703-13867480|strand=+|gene=UTS2B
18	24	1354	1348	100.000	7	13.2	19	Exon_03|rel=6060-6097|len=38	NC_006096.5:13856703-13867480|strand=+|gene=UTS2B
18	24	1349	1355	100.000	7	13.2	19	Exon_03|rel=6060-6097|len=38	NC_006096.5:13856703-13867480|strand=+|gene=UTS2B
25	31	2173	2167	100.000	7	13.2	19	Exon_03|rel=6060-6097|len=38	NC_006096.5:13856703-13867480|strand=+|gene=UTS2B
28	34	2247	2253	100.000	7	13.2	19	Exon_03|rel=6060-6097|len=38	NC_006096.5:13856703-13867480|strand=+|gene=UTS2B
30	36	2590	2596	100.000	7	13.2	19	Exon_03|rel=6060-6097|len=38	NC_006096.5:13856703-13867480|strand=+|gene=UTS2B
14	20	2835	2829	100.000	7	13.2	19	Exon_03|rel=6060-6097|len=38	NC_006096.5:13856703-13867480|strand=+|gene=UTS2B
11	17	3008	3014	100.000	7	13.2	19	Exon_03|rel=6060-6097|len=38	NC_006096.5:13856703-13867480|strand=+|gene=UTS2B
7	13	3013	3019	100.000	7	13.2	19	Exon_03|rel=6060-6097|len=38	NC_006096.5:13856703-13867480|strand=+|gene=UTS2B
1	7	3027	3033	100.000	7	13.2	19	Exon_03|rel=6060-6097|len=38	NC_006096.5:13856703-13867480|strand=+|gene=UTS2B
11	17	3728	3722	100.000	7	13.2	19	Exon_03|rel=6060-6097|len=38	NC_006096.5:13856703-13867480|strand=+|gene=UTS2B
3	9	3857	3851	100.000	7	13.2	19	Exon_03|rel=6060-6097|len=38	NC_006096.5:13856703-13867480|strand=+|gene=UTS2B
17	23	4106	4112	100.000	7	13.2	19	Exon_03|rel=6060-6097|len=38	NC_006096.5:13856703-13867480|strand=+|gene=UTS2B
18	24	4254	4248	100.000	7	13.2	19	Exon_03|rel=6060-6097|len=38	NC_006096.5:13856703-13867480|strand=+|gene=UTS2B
11	17	4941	4947	100.000	7	13.2	19	Exon_03|rel=6060-6097|len=38	NC_006096.5:13856703-13867480|strand=+|gene=UTS2B
32	38	5433	5439	100.000	7	13.2	19	Exon_03|rel=6060-6097|len=38	NC_006096.5:13856703-13867480|strand=+|gene=UTS2B
11	17	5757	5751	100.000	7	13.2	19	Exon_03|rel=6060-6097|len=38	NC_006096.5:13856703-13867480|strand=+|gene=UTS2B
14	20	6171	6177	100.000	7	13.2	19	Exon_03|rel=6060-6097|len=38	NC_006096.5:13856703-13867480|strand=+|gene=UTS2B
27	33	6963	6957	100.000	7	13.2	19	Exon_03|rel=6060-6097|len=38	NC_006096.5:13856703-13867480|strand=+|gene=UTS2B
4	10	7052	7058	100.000	7	13.2	19	Exon_03|rel=6060-6097|len=38	NC_006096.5:13856703-13867480|strand=+|gene=UTS2B
11	17	7120	7114	100.000	7	13.2	19	Exon_03|rel=6060-6097|len=38	NC_006096.5:13856703-13867480|strand=+|gene=UTS2B
3	9	7415	7409	100.000	7	13.2	19	Exon_03|rel=6060-6097|len=38	NC_006096.5:13856703-13867480|strand=+|gene=UTS2B
2	8	7458	7452	100.000	7	13.2	19	Exon_03|rel=6060-6097|len=38	NC_006096.5:13856703-13867480|strand=+|gene=UTS2B
3	9	7522	7528	100.000	7	13.2	19	Exon_03|rel=6060-6097|len=38	NC_006096.5:13856703-13867480|strand=+|gene=UTS2B
2	8	7579	7573	100.000	7	13.2	19	Exon_03|rel=6060-6097|len=38	NC_006096.5:13856703-13867480|strand=+|gene=UTS2B
13	19	7630	7636	100.000	7	13.2	19	Exon_03|rel=6060-6097|len=38	NC_006096.5:13856703-13867480|strand=+|gene=UTS2B
10	16	7669	7663	100.000	7	13.2	19	Exon_03|rel=6060-6097|len=38	NC_006096.5:13856703-13867480|strand=+|gene=UTS2B
14	20	7900	7906	100.000	7	13.2	19	Exon_03|rel=6060-6097|len=38	NC_006096.5:13856703-13867480|strand=+|gene=UTS2B
4	10	8336	8330	100.000	7	13.2	19	Exon_03|rel=6060-6097|len=38	NC_006096.5:13856703-13867480|strand=+|gene=UTS2B
14	20	8800	8794	100.000	7	13.2	19	Exon_03|rel=6060-6097|len=38	NC_006096.5:13856703-13867480|strand=+|gene=UTS2B
7	13	9035	9041	100.000	7	13.2	19	Exon_03|rel=6060-6097|len=38	NC_006096.5:13856703-13867480|strand=+|gene=UTS2B
17	23	9688	9682	100.000	7	13.2	19	Exon_03|rel=6060-6097|len=38	NC_006096.5:13856703-13867480|strand=+|gene=UTS2B
32	38	10361	10367	100.000	7	13.2	19	Exon_03|rel=6060-6097|len=38	NC_006096.5:13856703-13867480|strand=+|gene=UTS2B
1	94	6603	6696	100.000	94	142	9.29e-38	Exon_04|rel=6603-6696|len=94	NC_006096.5:13856703-13867480|strand=+|gene=UTS2B
32	61	8628	8654	80.000	30	24.4	0.057	Exon_04|rel=6603-6696|len=94	NC_006096.5:13856703-13867480|strand=+|gene=UTS2B
30	80	6450	6497	72.222	54	23.6	0.057	Exon_04|rel=6603-6696|len=94	NC_006096.5:13856703-13867480|strand=+|gene=UTS2B
6	64	4847	4782	68.116	69	19.9	1.2	Exon_04|rel=6603-6696|len=94	NC_006096.5:13856703-13867480|strand=+|gene=UTS2B
64	81	9824	9841	84.211	19	18.4	3.5	Exon_04|rel=6603-6696|len=94	NC_006096.5:13856703-13867480|strand=+|gene=UTS2B
4	19	10069	10083	87.500	16	18.4	3.5	Exon_04|rel=6603-6696|len=94	NC_006096.5:13856703-13867480|strand=+|gene=UTS2B
61	77	10147	10165	84.211	19	18.4	3.5	Exon_04|rel=6603-6696|len=94	NC_006096.5:13856703-13867480|strand=+|gene=UTS2B
65	74	160	169	100.000	10	17.7	3.5	Exon_04|rel=6603-6696|len=94	NC_006096.5:13856703-13867480|strand=+|gene=UTS2B
56	68	2436	2425	92.308	13	17.7	3.5	Exon_04|rel=6603-6696|len=94	NC_006096.5:13856703-13867480|strand=+|gene=UTS2B
69	84	4417	4401	83.333	18	17.7	3.5	Exon_04|rel=6603-6696|len=94	NC_006096.5:13856703-13867480|strand=+|gene=UTS2B
24	33	6635	6626	100.000	10	17.7	3.5	Exon_04|rel=6603-6696|len=94	NC_006096.5:13856703-13867480|strand=+|gene=UTS2B
79	90	842	853	91.667	12	17.0	9.8	Exon_04|rel=6603-6696|len=94	NC_006096.5:13856703-13867480|strand=+|gene=UTS2B
1	12	2520	2531	91.667	12	17.0	9.8	Exon_04|rel=6603-6696|len=94	NC_006096.5:13856703-13867480|strand=+|gene=UTS2B
27	38	2953	2942	91.667	12	17.0	9.8	Exon_04|rel=6603-6696|len=94	NC_006096.5:13856703-13867480|strand=+|gene=UTS2B
57	76	9	32	75.000	24	16.2	9.8	Exon_04|rel=6603-6696|len=94	NC_006096.5:13856703-13867480|strand=+|gene=UTS2B
69	80	1208	1198	91.667	12	16.2	9.8	Exon_04|rel=6603-6696|len=94	NC_006096.5:13856703-13867480|strand=+|gene=UTS2B
31	39	1911	1903	100.000	9	16.2	9.8	Exon_04|rel=6603-6696|len=94	NC_006096.5:13856703-13867480|strand=+|gene=UTS2B
11	36	3219	3189	71.875	32	16.2	9.8	Exon_04|rel=6603-6696|len=94	NC_006096.5:13856703-13867480|strand=+|gene=UTS2B
85	93	3236	3244	100.000	9	16.2	9.8	Exon_04|rel=6603-6696|len=94	NC_006096.5:13856703-13867480|strand=+|gene=UTS2B
73	81	3435	3443	100.000	9	16.2	9.8	Exon_04|rel=6603-6696|len=94	NC_006096.5:13856703-13867480|strand=+|gene=UTS2B
1	9	3488	3496	100.000	9	16.2	9.8	Exon_04|rel=6603-6696|len=94	NC_006096.5:13856703-13867480|strand=+|gene=UTS2B
69	87	4332	4353	77.273	22	16.2	9.8	Exon_04|rel=6603-6696|len=94	NC_006096.5:13856703-13867480|strand=+|gene=UTS2B
21	32	5701	5691	91.667	12	16.2	9.8	Exon_04|rel=6603-6696|len=94	NC_006096.5:13856703-13867480|strand=+|gene=UTS2B
33	44	10350	10360	91.667	12	16.2	9.8	Exon_04|rel=6603-6696|len=94	NC_006096.5:13856703-13867480|strand=+|gene=UTS2B
1	31	10588	10554	71.429	35	16.2	9.8	Exon_04|rel=6603-6696|len=94	NC_006096.5:13856703-13867480|strand=+|gene=UTS2B
11	21	824	834	90.909	11	15.5	27	Exon_04|rel=6603-6696|len=94	NC_006096.5:13856703-13867480|strand=+|gene=UTS2B
39	51	980	993	85.714	14	15.5	27	Exon_04|rel=6603-6696|len=94	NC_006096.5:13856703-13867480|strand=+|gene=UTS2B
41	57	3355	3341	82.353	17	15.5	27	Exon_04|rel=6603-6696|len=94	NC_006096.5:13856703-13867480|strand=+|gene=UTS2B
52	62	3680	3690	90.909	11	15.5	27	Exon_04|rel=6603-6696|len=94	NC_006096.5:13856703-13867480|strand=+|gene=UTS2B
19	32	6435	6423	85.714	14	15.5	27	Exon_04|rel=6603-6696|len=94	NC_006096.5:13856703-13867480|strand=+|gene=UTS2B
32	42	7968	7958	90.909	11	15.5	27	Exon_04|rel=6603-6696|len=94	NC_006096.5:13856703-13867480|strand=+|gene=UTS2B
13	23	7988	7998	90.909	11	15.5	27	Exon_04|rel=6603-6696|len=94	NC_006096.5:13856703-13867480|strand=+|gene=UTS2B
32	50	8355	8338	78.947	19	15.5	27	Exon_04|rel=6603-6696|len=94	NC_006096.5:13856703-13867480|strand=+|gene=UTS2B
26	36	10013	10003	90.909	11	15.5	27	Exon_04|rel=6603-6696|len=94	NC_006096.5:13856703-13867480|strand=+|gene=UTS2B
60	70	347	338	90.909	11	14.7	27	Exon_04|rel=6603-6696|len=94	NC_006096.5:13856703-13867480|strand=+|gene=UTS2B
52	59	1393	1400	100.000	8	14.7	27	Exon_04|rel=6603-6696|len=94	NC_006096.5:13856703-13867480|strand=+|gene=UTS2B
78	88	2024	2015	90.909	11	14.7	27	Exon_04|rel=6603-6696|len=94	NC_006096.5:13856703-13867480|strand=+|gene=UTS2B
3	10	3206	3213	100.000	8	14.7	27	Exon_04|rel=6603-6696|len=94	NC_006096.5:13856703-13867480|strand=+|gene=UTS2B
77	84	3314	3307	100.000	8	14.7	27	Exon_04|rel=6603-6696|len=94	NC_006096.5:13856703-13867480|strand=+|gene=UTS2B
82	92	3371	3380	90.909	11	14.7	27	Exon_04|rel=6603-6696|len=94	NC_006096.5:13856703-13867480|strand=+|gene=UTS2B
68	77	3494	3484	90.909	11	14.7	27	Exon_04|rel=6603-6696|len=94	NC_006096.5:13856703-13867480|strand=+|gene=UTS2B
80	87	3588	3595	100.000	8	14.7	27	Exon_04|rel=6603-6696|len=94	NC_006096.5:13856703-13867480|strand=+|gene=UTS2B
77	84	4526	4533	100.000	8	14.7	27	Exon_04|rel=6603-6696|len=94	NC_006096.5:13856703-13867480|strand=+|gene=UTS2B
77	84	5105	5112	100.000	8	14.7	27	Exon_04|rel=6603-6696|len=94	NC_006096.5:13856703-13867480|strand=+|gene=UTS2B
83	90	5251	5244	100.000	8	14.7	27	Exon_04|rel=6603-6696|len=94	NC_006096.5:13856703-13867480|strand=+|gene=UTS2B
2	9	5306	5313	100.000	8	14.7	27	Exon_04|rel=6603-6696|len=94	NC_006096.5:13856703-13867480|strand=+|gene=UTS2B
79	86	5434	5427	100.000	8	14.7	27	Exon_04|rel=6603-6696|len=94	NC_006096.5:13856703-13867480|strand=+|gene=UTS2B
69	76	6545	6538	100.000	8	14.7	27	Exon_04|rel=6603-6696|len=94	NC_006096.5:13856703-13867480|strand=+|gene=UTS2B
31	40	6889	6879	90.909	11	14.7	27	Exon_04|rel=6603-6696|len=94	NC_006096.5:13856703-13867480|strand=+|gene=UTS2B
1	8	7003	7010	100.000	8	14.7	27	Exon_04|rel=6603-6696|len=94	NC_006096.5:13856703-13867480|strand=+|gene=UTS2B
81	88	7118	7125	100.000	8	14.7	27	Exon_04|rel=6603-6696|len=94	NC_006096.5:13856703-13867480|strand=+|gene=UTS2B
76	83	7453	7460	100.000	8	14.7	27	Exon_04|rel=6603-6696|len=94	NC_006096.5:13856703-13867480|strand=+|gene=UTS2B
76	91	7574	7588	81.250	16	14.7	27	Exon_04|rel=6603-6696|len=94	NC_006096.5:13856703-13867480|strand=+|gene=UTS2B
14	23	7918	7908	90.909	11	14.7	27	Exon_04|rel=6603-6696|len=94	NC_006096.5:13856703-13867480|strand=+|gene=UTS2B
62	69	8093	8100	100.000	8	14.7	27	Exon_04|rel=6603-6696|len=94	NC_006096.5:13856703-13867480|strand=+|gene=UTS2B
70	77	9755	9762	100.000	8	14.7	27	Exon_04|rel=6603-6696|len=94	NC_006096.5:13856703-13867480|strand=+|gene=UTS2B
43	50	10020	10013	100.000	8	14.7	27	Exon_04|rel=6603-6696|len=94	NC_006096.5:13856703-13867480|strand=+|gene=UTS2B
66	78	10384	10396	84.615	13	14.7	27	Exon_04|rel=6603-6696|len=94	NC_006096.5:13856703-13867480|strand=+|gene=UTS2B
16	23	10599	10606	100.000	8	14.7	27	Exon_04|rel=6603-6696|len=94	NC_006096.5:13856703-13867480|strand=+|gene=UTS2B
20	31	3773	3761	84.615	13	14.0	77	Exon_04|rel=6603-6696|len=94	NC_006096.5:13856703-13867480|strand=+|gene=UTS2B
11	25	5231	5243	80.000	15	14.0	77	Exon_04|rel=6603-6696|len=94	NC_006096.5:13856703-13867480|strand=+|gene=UTS2B
66	77	5850	5838	84.615	13	14.0	77	Exon_04|rel=6603-6696|len=94	NC_006096.5:13856703-13867480|strand=+|gene=UTS2B
56	70	7371	7385	80.000	15	14.0	77	Exon_04|rel=6603-6696|len=94	NC_006096.5:13856703-13867480|strand=+|gene=UTS2B
72	81	8109	8100	90.000	10	14.0	77	Exon_04|rel=6603-6696|len=94	NC_006096.5:13856703-13867480|strand=+|gene=UTS2B
58	77	8145	8160	75.000	20	14.0	77	Exon_04|rel=6603-6696|len=94	NC_006096.5:13856703-13867480|strand=+|gene=UTS2B
38	47	10458	10449	90.000	10	14.0	77	Exon_04|rel=6603-6696|len=94	NC_006096.5:13856703-13867480|strand=+|gene=UTS2B
37	46	10632	10623	90.000	10	14.0	77	Exon_04|rel=6603-6696|len=94	NC_006096.5:13856703-13867480|strand=+|gene=UTS2B
4	10	76	82	100.000	7	13.2	77	Exon_04|rel=6603-6696|len=94	NC_006096.5:13856703-13867480|strand=+|gene=UTS2B
75	81	104	110	100.000	7	13.2	77	Exon_04|rel=6603-6696|len=94	NC_006096.5:13856703-13867480|strand=+|gene=UTS2B
85	91	184	190	100.000	7	13.2	77	Exon_04|rel=6603-6696|len=94	NC_006096.5:13856703-13867480|strand=+|gene=UTS2B
54	60	256	250	100.000	7	13.2	77	Exon_04|rel=6603-6696|len=94	NC_006096.5:13856703-13867480|strand=+|gene=UTS2B
68	74	266	272	100.000	7	13.2	77	Exon_04|rel=6603-6696|len=94	NC_006096.5:13856703-13867480|strand=+|gene=UTS2B
64	70	274	280	100.000	7	13.2	77	Exon_04|rel=6603-6696|len=94	NC_006096.5:13856703-13867480|strand=+|gene=UTS2B
11	17	351	345	100.000	7	13.2	77	Exon_04|rel=6603-6696|len=94	NC_006096.5:13856703-13867480|strand=+|gene=UTS2B
79	85	379	385	100.000	7	13.2	77	Exon_04|rel=6603-6696|len=94	NC_006096.5:13856703-13867480|strand=+|gene=UTS2B
5	11	566	560	100.000	7	13.2	77	Exon_04|rel=6603-6696|len=94	NC_006096.5:13856703-13867480|strand=+|gene=UTS2B
22	28	598	592	100.000	7	13.2	77	Exon_04|rel=6603-6696|len=94	NC_006096.5:13856703-13867480|strand=+|gene=UTS2B
29	35	656	650	100.000	7	13.2	77	Exon_04|rel=6603-6696|len=94	NC_006096.5:13856703-13867480|strand=+|gene=UTS2B
84	90	708	714	100.000	7	13.2	77	Exon_04|rel=6603-6696|len=94	NC_006096.5:13856703-13867480|strand=+|gene=UTS2B
53	59	864	858	100.000	7	13.2	77	Exon_04|rel=6603-6696|len=94	NC_006096.5:13856703-13867480|strand=+|gene=UTS2B
83	89	938	944	100.000	7	13.2	77	Exon_04|rel=6603-6696|len=94	NC_006096.5:13856703-13867480|strand=+|gene=UTS2B
29	35	1298	1292	100.000	7	13.2	77	Exon_04|rel=6603-6696|len=94	NC_006096.5:13856703-13867480|strand=+|gene=UTS2B
82	88	1378	1384	100.000	7	13.2	77	Exon_04|rel=6603-6696|len=94	NC_006096.5:13856703-13867480|strand=+|gene=UTS2B
67	73	1431	1425	100.000	7	13.2	77	Exon_04|rel=6603-6696|len=94	NC_006096.5:13856703-13867480|strand=+|gene=UTS2B
59	65	1465	1471	100.000	7	13.2	77	Exon_04|rel=6603-6696|len=94	NC_006096.5:13856703-13867480|strand=+|gene=UTS2B
20	26	1472	1478	100.000	7	13.2	77	Exon_04|rel=6603-6696|len=94	NC_006096.5:13856703-13867480|strand=+|gene=UTS2B
76	82	1489	1495	100.000	7	13.2	77	Exon_04|rel=6603-6696|len=94	NC_006096.5:13856703-13867480|strand=+|gene=UTS2B
2	8	1504	1498	100.000	7	13.2	77	Exon_04|rel=6603-6696|len=94	NC_006096.5:13856703-13867480|strand=+|gene=UTS2B
66	72	1514	1520	100.000	7	13.2	77	Exon_04|rel=6603-6696|len=94	NC_006096.5:13856703-13867480|strand=+|gene=UTS2B
6	12	2549	2543	100.000	7	13.2	77	Exon_04|rel=6603-6696|len=94	NC_006096.5:13856703-13867480|strand=+|gene=UTS2B
63	69	2646	2640	100.000	7	13.2	77	Exon_04|rel=6603-6696|len=94	NC_006096.5:13856703-13867480|strand=+|gene=UTS2B
85	91	2657	2663	100.000	7	13.2	77	Exon_04|rel=6603-6696|len=94	NC_006096.5:13856703-13867480|strand=+|gene=UTS2B
24	30	2947	2953	100.000	7	13.2	77	Exon_04|rel=6603-6696|len=94	NC_006096.5:13856703-13867480|strand=+|gene=UTS2B
18	24	2948	2954	100.000	7	13.2	77	Exon_04|rel=6603-6696|len=94	NC_006096.5:13856703-13867480|strand=+|gene=UTS2B
4	10	2969	2975	100.000	7	13.2	77	Exon_04|rel=6603-6696|len=94	NC_006096.5:13856703-13867480|strand=+|gene=UTS2B
68	74	3137	3143	100.000	7	13.2	77	Exon_04|rel=6603-6696|len=94	NC_006096.5:13856703-13867480|strand=+|gene=UTS2B
75	81	3221	3227	100.000	7	13.2	77	Exon_04|rel=6603-6696|len=94	NC_006096.5:13856703-13867480|strand=+|gene=UTS2B
19	25	3431	3425	100.000	7	13.2	77	Exon_04|rel=6603-6696|len=94	NC_006096.5:13856703-13867480|strand=+|gene=UTS2B
82	88	3566	3572	100.000	7	13.2	77	Exon_04|rel=6603-6696|len=94	NC_006096.5:13856703-13867480|strand=+|gene=UTS2B
10	16	3672	3678	100.000	7	13.2	77	Exon_04|rel=6603-6696|len=94	NC_006096.5:13856703-13867480|strand=+|gene=UTS2B
8	14	3713	3707	100.000	7	13.2	77	Exon_04|rel=6603-6696|len=94	NC_006096.5:13856703-13867480|strand=+|gene=UTS2B
3	9	3829	3823	100.000	7	13.2	77	Exon_04|rel=6603-6696|len=94	NC_006096.5:13856703-13867480|strand=+|gene=UTS2B
6	12	4083	4089	100.000	7	13.2	77	Exon_04|rel=6603-6696|len=94	NC_006096.5:13856703-13867480|strand=+|gene=UTS2B
67	73	4188	4194	100.000	7	13.2	77	Exon_04|rel=6603-6696|len=94	NC_006096.5:13856703-13867480|strand=+|gene=UTS2B
84	90	4202	4196	100.000	7	13.2	77	Exon_04|rel=6603-6696|len=94	NC_006096.5:13856703-13867480|strand=+|gene=UTS2B
31	37	4207	4213	100.000	7	13.2	77	Exon_04|rel=6603-6696|len=94	NC_006096.5:13856703-13867480|strand=+|gene=UTS2B
74	80	4278	4272	100.000	7	13.2	77	Exon_04|rel=6603-6696|len=94	NC_006096.5:13856703-13867480|strand=+|gene=UTS2B
38	44	4365	4371	100.000	7	13.2	77	Exon_04|rel=6603-6696|len=94	NC_006096.5:13856703-13867480|strand=+|gene=UTS2B
46	52	4386	4380	100.000	7	13.2	77	Exon_04|rel=6603-6696|len=94	NC_006096.5:13856703-13867480|strand=+|gene=UTS2B
17	23	4441	4435	100.000	7	13.2	77	Exon_04|rel=6603-6696|len=94	NC_006096.5:13856703-13867480|strand=+|gene=UTS2B
53	59	4621	4615	100.000	7	13.2	77	Exon_04|rel=6603-6696|len=94	NC_006096.5:13856703-13867480|strand=+|gene=UTS2B
84	90	4645	4651	100.000	7	13.2	77	Exon_04|rel=6603-6696|len=94	NC_006096.5:13856703-13867480|strand=+|gene=UTS2B
59	65	4900	4906	100.000	7	13.2	77	Exon_04|rel=6603-6696|len=94	NC_006096.5:13856703-13867480|strand=+|gene=UTS2B
27	33	4905	4911	100.000	7	13.2	77	Exon_04|rel=6603-6696|len=94	NC_006096.5:13856703-13867480|strand=+|gene=UTS2B
24	30	4911	4905	100.000	7	13.2	77	Exon_04|rel=6603-6696|len=94	NC_006096.5:13856703-13867480|strand=+|gene=UTS2B
60	66	5259	5253	100.000	7	13.2	77	Exon_04|rel=6603-6696|len=94	NC_006096.5:13856703-13867480|strand=+|gene=UTS2B
26	32	5512	5518	100.000	7	13.2	77	Exon_04|rel=6603-6696|len=94	NC_006096.5:13856703-13867480|strand=+|gene=UTS2B
25	31	5518	5512	100.000	7	13.2	77	Exon_04|rel=6603-6696|len=94	NC_006096.5:13856703-13867480|strand=+|gene=UTS2B
17	23	5519	5513	100.000	7	13.2	77	Exon_04|rel=6603-6696|len=94	NC_006096.5:13856703-13867480|strand=+|gene=UTS2B
59	65	5552	5546	100.000	7	13.2	77	Exon_04|rel=6603-6696|len=94	NC_006096.5:13856703-13867480|strand=+|gene=UTS2B
25	31	5691	5697	100.000	7	13.2	77	Exon_04|rel=6603-6696|len=94	NC_006096.5:13856703-13867480|strand=+|gene=UTS2B
69	75	5857	5863	100.000	7	13.2	77	Exon_04|rel=6603-6696|len=94	NC_006096.5:13856703-13867480|strand=+|gene=UTS2B
79	85	5906	5912	100.000	7	13.2	77	Exon_04|rel=6603-6696|len=94	NC_006096.5:13856703-13867480|strand=+|gene=UTS2B
17	23	6252	6258	100.000	7	13.2	77	Exon_04|rel=6603-6696|len=94	NC_006096.5:13856703-13867480|strand=+|gene=UTS2B
25	31	6253	6259	100.000	7	13.2	77	Exon_04|rel=6603-6696|len=94	NC_006096.5:13856703-13867480|strand=+|gene=UTS2B
26	32	6259	6253	100.000	7	13.2	77	Exon_04|rel=6603-6696|len=94	NC_006096.5:13856703-13867480|strand=+|gene=UTS2B
28	34	6350	6344	100.000	7	13.2	77	Exon_04|rel=6603-6696|len=94	NC_006096.5:13856703-13867480|strand=+|gene=UTS2B
69	75	6587	6581	100.000	7	13.2	77	Exon_04|rel=6603-6696|len=94	NC_006096.5:13856703-13867480|strand=+|gene=UTS2B
40	46	6841	6847	100.000	7	13.2	77	Exon_04|rel=6603-6696|len=94	NC_006096.5:13856703-13867480|strand=+|gene=UTS2B
82	88	7525	7519	100.000	7	13.2	77	Exon_04|rel=6603-6696|len=94	NC_006096.5:13856703-13867480|strand=+|gene=UTS2B
1	7	7551	7557	100.000	7	13.2	77	Exon_04|rel=6603-6696|len=94	NC_006096.5:13856703-13867480|strand=+|gene=UTS2B
6	12	7565	7571	100.000	7	13.2	77	Exon_04|rel=6603-6696|len=94	NC_006096.5:13856703-13867480|strand=+|gene=UTS2B
15	21	7797	7803	100.000	7	13.2	77	Exon_04|rel=6603-6696|len=94	NC_006096.5:13856703-13867480|strand=+|gene=UTS2B
40	46	7866	7872	100.000	7	13.2	77	Exon_04|rel=6603-6696|len=94	NC_006096.5:13856703-13867480|strand=+|gene=UTS2B
42	48	8002	8008	100.000	7	13.2	77	Exon_04|rel=6603-6696|len=94	NC_006096.5:13856703-13867480|strand=+|gene=UTS2B
23	29	8036	8042	100.000	7	13.2	77	Exon_04|rel=6603-6696|len=94	NC_006096.5:13856703-13867480|strand=+|gene=UTS2B
80	86	8052	8046	100.000	7	13.2	77	Exon_04|rel=6603-6696|len=94	NC_006096.5:13856703-13867480|strand=+|gene=UTS2B
57	63	8388	8394	100.000	7	13.2	77	Exon_04|rel=6603-6696|len=94	NC_006096.5:13856703-13867480|strand=+|gene=UTS2B
69	75	8420	8414	100.000	7	13.2	77	Exon_04|rel=6603-6696|len=94	NC_006096.5:13856703-13867480|strand=+|gene=UTS2B
28	34	8590	8584	100.000	7	13.2	77	Exon_04|rel=6603-6696|len=94	NC_006096.5:13856703-13867480|strand=+|gene=UTS2B
40	46	8599	8593	100.000	7	13.2	77	Exon_04|rel=6603-6696|len=94	NC_006096.5:13856703-13867480|strand=+|gene=UTS2B
19	25	8672	8666	100.000	7	13.2	77	Exon_04|rel=6603-6696|len=94	NC_006096.5:13856703-13867480|strand=+|gene=UTS2B
81	87	8817	8823	100.000	7	13.2	77	Exon_04|rel=6603-6696|len=94	NC_006096.5:13856703-13867480|strand=+|gene=UTS2B
79	85	8973	8967	100.000	7	13.2	77	Exon_04|rel=6603-6696|len=94	NC_006096.5:13856703-13867480|strand=+|gene=UTS2B
9	15	9232	9238	100.000	7	13.2	77	Exon_04|rel=6603-6696|len=94	NC_006096.5:13856703-13867480|strand=+|gene=UTS2B
8	14	9456	9450	100.000	7	13.2	77	Exon_04|rel=6603-6696|len=94	NC_006096.5:13856703-13867480|strand=+|gene=UTS2B
69	75	9493	9499	100.000	7	13.2	77	Exon_04|rel=6603-6696|len=94	NC_006096.5:13856703-13867480|strand=+|gene=UTS2B
2	8	9895	9901	100.000	7	13.2	77	Exon_04|rel=6603-6696|len=94	NC_006096.5:13856703-13867480|strand=+|gene=UTS2B
29	35	10114	10108	100.000	7	13.2	77	Exon_04|rel=6603-6696|len=94	NC_006096.5:13856703-13867480|strand=+|gene=UTS2B
52	58	10165	10159	100.000	7	13.2	77	Exon_04|rel=6603-6696|len=94	NC_006096.5:13856703-13867480|strand=+|gene=UTS2B
26	32	10554	10560	100.000	7	13.2	77	Exon_04|rel=6603-6696|len=94	NC_006096.5:13856703-13867480|strand=+|gene=UTS2B
25	31	10601	10607	100.000	7	13.2	77	Exon_04|rel=6603-6696|len=94	NC_006096.5:13856703-13867480|strand=+|gene=UTS2B
26	32	10607	10601	100.000	7	13.2	77	Exon_04|rel=6603-6696|len=94	NC_006096.5:13856703-13867480|strand=+|gene=UTS2B
15	21	10632	10626	100.000	7	13.2	77	Exon_04|rel=6603-6696|len=94	NC_006096.5:13856703-13867480|strand=+|gene=UTS2B
53	59	10696	10702	100.000	7	13.2	77	Exon_04|rel=6603-6696|len=94	NC_006096.5:13856703-13867480|strand=+|gene=UTS2B
1	641	8138	8778	100.000	641	955	0.0	Exon_05|rel=8138-8778|len=641	NC_006096.5:13856703-13867480|strand=+|gene=UTS2B
253	350	9348	9447	66.972	109	26.6	0.064	Exon_05|rel=8138-8778|len=641	NC_006096.5:13856703-13867480|strand=+|gene=UTS2B
254	301	1306	1349	72.549	51	25.1	0.18	Exon_05|rel=8138-8778|len=641	NC_006096.5:13856703-13867480|strand=+|gene=UTS2B
358	389	7073	7101	78.788	33	25.1	0.18	Exon_05|rel=8138-8778|len=641	NC_006096.5:13856703-13867480|strand=+|gene=UTS2B
491	517	6634	6663	80.000	30	24.4	0.50	Exon_05|rel=8138-8778|len=641	NC_006096.5:13856703-13867480|strand=+|gene=UTS2B
480	503	5689	5663	81.481	27	23.6	0.50	Exon_05|rel=8138-8778|len=641	NC_006096.5:13856703-13867480|strand=+|gene=UTS2B
266	305	5871	5839	72.500	40	22.2	1.4	Exon_05|rel=8138-8778|len=641	NC_006096.5:13856703-13867480|strand=+|gene=UTS2B
331	354	5431	5410	80.000	25	21.4	3.9	Exon_05|rel=8138-8778|len=641	NC_006096.5:13856703-13867480|strand=+|gene=UTS2B
504	528	6503	6527	80.769	26	21.4	3.9	Exon_05|rel=8138-8778|len=641	NC_006096.5:13856703-13867480|strand=+|gene=UTS2B
19	37	10161	10181	85.714	21	21.4	3.9	Exon_05|rel=8138-8778|len=641	NC_006096.5:13856703-13867480|strand=+|gene=UTS2B
532	561	2188	2216	76.667	30	20.7	3.9	Exon_05|rel=8138-8778|len=641	NC_006096.5:13856703-13867480|strand=+|gene=UTS2B
309	320	5084	5073	100.000	12	20.7	3.9	Exon_05|rel=8138-8778|len=641	NC_006096.5:13856703-13867480|strand=+|gene=UTS2B
89	100	8027	8016	100.000	12	20.7	3.9	Exon_05|rel=8138-8778|len=641	NC_006096.5:13856703-13867480|strand=+|gene=UTS2B
629	640	9692	9703	100.000	12	20.7	3.9	Exon_05|rel=8138-8778|len=641	NC_006096.5:13856703-13867480|strand=+|gene=UTS2B
200	211	10012	10023	100.000	12	20.7	3.9	Exon_05|rel=8138-8778|len=641	NC_006096.5:13856703-13867480|strand=+|gene=UTS2B
500	515	1072	1056	88.235	17	19.9	11	Exon_05|rel=8138-8778|len=641	NC_006096.5:13856703-13867480|strand=+|gene=UTS2B
104	124	3244	3265	82.609	23	19.9	11	Exon_05|rel=8138-8778|len=641	NC_006096.5:13856703-13867480|strand=+|gene=UTS2B
341	354	5971	5984	92.857	14	19.9	11	Exon_05|rel=8138-8778|len=641	NC_006096.5:13856703-13867480|strand=+|gene=UTS2B
463	485	9860	9836	80.000	25	19.9	11	Exon_05|rel=8138-8778|len=641	NC_006096.5:13856703-13867480|strand=+|gene=UTS2B
183	196	4426	4438	92.857	14	19.2	11	Exon_05|rel=8138-8778|len=641	NC_006096.5:13856703-13867480|strand=+|gene=UTS2B
583	602	5851	5872	81.818	22	19.2	11	Exon_05|rel=8138-8778|len=641	NC_006096.5:13856703-13867480|strand=+|gene=UTS2B
539	555	5898	5912	88.235	17	19.2	11	Exon_05|rel=8138-8778|len=641	NC_006096.5:13856703-13867480|strand=+|gene=UTS2B
299	309	5989	5999	100.000	11	19.2	11	Exon_05|rel=8138-8778|len=641	NC_006096.5:13856703-13867480|strand=+|gene=UTS2B
427	447	6088	6108	80.952	21	19.2	11	Exon_05|rel=8138-8778|len=641	NC_006096.5:13856703-13867480|strand=+|gene=UTS2B
502	512	6513	6523	100.000	11	19.2	11	Exon_05|rel=8138-8778|len=641	NC_006096.5:13856703-13867480|strand=+|gene=UTS2B
325	342	6863	6881	84.211	19	19.2	11	Exon_05|rel=8138-8778|len=641	NC_006096.5:13856703-13867480|strand=+|gene=UTS2B
462	477	9659	9646	87.500	16	19.2	11	Exon_05|rel=8138-8778|len=641	NC_006096.5:13856703-13867480|strand=+|gene=UTS2B
498	521	1191	1165	77.778	27	18.4	31	Exon_05|rel=8138-8778|len=641	NC_006096.5:13856703-13867480|strand=+|gene=UTS2B
58	73	3623	3609	87.500	16	18.4	31	Exon_05|rel=8138-8778|len=641	NC_006096.5:13856703-13867480|strand=+|gene=UTS2B
67	79	4784	4772	92.308	13	18.4	31	Exon_05|rel=8138-8778|len=641	NC_006096.5:13856703-13867480|strand=+|gene=UTS2B
9	21	6783	6771	92.308	13	18.4	31	Exon_05|rel=8138-8778|len=641	NC_006096.5:13856703-13867480|strand=+|gene=UTS2B
536	556	7699	7718	80.952	21	18.4	31	Exon_05|rel=8138-8778|len=641	NC_006096.5:13856703-13867480|strand=+|gene=UTS2B
572	584	8207	8195	92.308	13	18.4	31	Exon_05|rel=8138-8778|len=641	NC_006096.5:13856703-13867480|strand=+|gene=UTS2B
58	70	8721	8709	92.308	13	18.4	31	Exon_05|rel=8138-8778|len=641	NC_006096.5:13856703-13867480|strand=+|gene=UTS2B
221	238	10412	10429	83.333	18	18.4	31	Exon_05|rel=8138-8778|len=641	NC_006096.5:13856703-13867480|strand=+|gene=UTS2B
374	388	51	65	86.667	15	17.7	31	Exon_05|rel=8138-8778|len=641	NC_006096.5:13856703-13867480|strand=+|gene=UTS2B
627	641	106	92	86.667	15	17.7	31	Exon_05|rel=8138-8778|len=641	NC_006096.5:13856703-13867480|strand=+|gene=UTS2B
359	368	106	115	100.000	10	17.7	31	Exon_05|rel=8138-8778|len=641	NC_006096.5:13856703-13867480|strand=+|gene=UTS2B
320	329	411	420	100.000	10	17.7	31	Exon_05|rel=8138-8778|len=641	NC_006096.5:13856703-13867480|strand=+|gene=UTS2B
581	590	1325	1316	100.000	10	17.7	31	Exon_05|rel=8138-8778|len=641	NC_006096.5:13856703-13867480|strand=+|gene=UTS2B
249	263	1458	1444	86.667	15	17.7	31	Exon_05|rel=8138-8778|len=641	NC_006096.5:13856703-13867480|strand=+|gene=UTS2B
258	269	1766	1754	92.308	13	17.7	31	Exon_05|rel=8138-8778|len=641	NC_006096.5:13856703-13867480|strand=+|gene=UTS2B
100	114	1833	1847	86.667	15	17.7	31	Exon_05|rel=8138-8778|len=641	NC_006096.5:13856703-13867480|strand=+|gene=UTS2B
244	253	5465	5474	100.000	10	17.7	31	Exon_05|rel=8138-8778|len=641	NC_006096.5:13856703-13867480|strand=+|gene=UTS2B
27	64	5865	5901	71.795	39	17.7	31	Exon_05|rel=8138-8778|len=641	NC_006096.5:13856703-13867480|strand=+|gene=UTS2B
306	325	6114	6097	80.000	20	17.7	31	Exon_05|rel=8138-8778|len=641	NC_006096.5:13856703-13867480|strand=+|gene=UTS2B
379	388	6386	6377	100.000	10	17.7	31	Exon_05|rel=8138-8778|len=641	NC_006096.5:13856703-13867480|strand=+|gene=UTS2B
71	82	6539	6551	92.308	13	17.7	31	Exon_05|rel=8138-8778|len=641	NC_006096.5:13856703-13867480|strand=+|gene=UTS2B
193	202	7058	7049	100.000	10	17.7	31	Exon_05|rel=8138-8778|len=641	NC_006096.5:13856703-13867480|strand=+|gene=UTS2B
2	11	7129	7120	100.000	10	17.7	31	Exon_05|rel=8138-8778|len=641	NC_006096.5:13856703-13867480|strand=+|gene=UTS2B
424	436	8988	8974	86.667	15	17.7	31	Exon_05|rel=8138-8778|len=641	NC_006096.5:13856703-13867480|strand=+|gene=UTS2B
102	111	10000	9991	100.000	10	17.7	31	Exon_05|rel=8138-8778|len=641	NC_006096.5:13856703-13867480|strand=+|gene=UTS2B
284	296	10172	10161	92.308	13	17.7	31	Exon_05|rel=8138-8778|len=641	NC_006096.5:13856703-13867480|strand=+|gene=UTS2B
621	634	672	658	86.667	15	17.0	86	Exon_05|rel=8138-8778|len=641	NC_006096.5:13856703-13867480|strand=+|gene=UTS2B
361	372	982	993	91.667	12	17.0	86	Exon_05|rel=8138-8778|len=641	NC_006096.5:13856703-13867480|strand=+|gene=UTS2B
203	214	1934	1945	91.667	12	17.0	86	Exon_05|rel=8138-8778|len=641	NC_006096.5:13856703-13867480|strand=+|gene=UTS2B
362	373	3768	3779	91.667	12	17.0	86	Exon_05|rel=8138-8778|len=641	NC_006096.5:13856703-13867480|strand=+|gene=UTS2B
470	505	4396	4430	69.231	39	17.0	86	Exon_05|rel=8138-8778|len=641	NC_006096.5:13856703-13867480|strand=+|gene=UTS2B
39	50	5476	5465	91.667	12	17.0	86	Exon_05|rel=8138-8778|len=641	NC_006096.5:13856703-13867480|strand=+|gene=UTS2B
409	420	5654	5643	91.667	12	17.0	86	Exon_05|rel=8138-8778|len=641	NC_006096.5:13856703-13867480|strand=+|gene=UTS2B
46	57	6212	6223	91.667	12	17.0	86	Exon_05|rel=8138-8778|len=641	NC_006096.5:13856703-13867480|strand=+|gene=UTS2B
525	536	6425	6436	91.667	12	17.0	86	Exon_05|rel=8138-8778|len=641	NC_006096.5:13856703-13867480|strand=+|gene=UTS2B
288	299	6822	6811	91.667	12	17.0	86	Exon_05|rel=8138-8778|len=641	NC_006096.5:13856703-13867480|strand=+|gene=UTS2B
293	304	7157	7146	91.667	12	17.0	86	Exon_05|rel=8138-8778|len=641	NC_006096.5:13856703-13867480|strand=+|gene=UTS2B
227	243	7215	7229	82.353	17	17.0	86	Exon_05|rel=8138-8778|len=641	NC_006096.5:13856703-13867480|strand=+|gene=UTS2B
400	411	8372	8361	91.667	12	17.0	86	Exon_05|rel=8138-8778|len=641	NC_006096.5:13856703-13867480|strand=+|gene=UTS2B
518	529	8412	8423	91.667	12	17.0	86	Exon_05|rel=8138-8778|len=641	NC_006096.5:13856703-13867480|strand=+|gene=UTS2B
224	235	8548	8537	91.667	12	17.0	86	Exon_05|rel=8138-8778|len=641	NC_006096.5:13856703-13867480|strand=+|gene=UTS2B
275	286	8655	8666	91.667	12	17.0	86	Exon_05|rel=8138-8778|len=641	NC_006096.5:13856703-13867480|strand=+|gene=UTS2B
199	215	9300	9284	82.353	17	17.0	86	Exon_05|rel=8138-8778|len=641	NC_006096.5:13856703-13867480|strand=+|gene=UTS2B
10	21	10208	10197	91.667	12	17.0	86	Exon_05|rel=8138-8778|len=641	NC_006096.5:13856703-13867480|strand=+|gene=UTS2B
22	33	10295	10284	91.667	12	17.0	86	Exon_05|rel=8138-8778|len=641	NC_006096.5:13856703-13867480|strand=+|gene=UTS2B
290	298	573	581	100.000	9	16.2	86	Exon_05|rel=8138-8778|len=641	NC_006096.5:13856703-13867480|strand=+|gene=UTS2B
430	438	1801	1809	100.000	9	16.2	86	Exon_05|rel=8138-8778|len=641	NC_006096.5:13856703-13867480|strand=+|gene=UTS2B
167	175	1951	1943	100.000	9	16.2	86	Exon_05|rel=8138-8778|len=641	NC_006096.5:13856703-13867480|strand=+|gene=UTS2B
3	11	2012	2020	100.000	9	16.2	86	Exon_05|rel=8138-8778|len=641	NC_006096.5:13856703-13867480|strand=+|gene=UTS2B
450	458	2522	2514	100.000	9	16.2	86	Exon_05|rel=8138-8778|len=641	NC_006096.5:13856703-13867480|strand=+|gene=UTS2B
159	167	2649	2641	100.000	9	16.2	86	Exon_05|rel=8138-8778|len=641	NC_006096.5:13856703-13867480|strand=+|gene=UTS2B
293	301	2654	2646	100.000	9	16.2	86	Exon_05|rel=8138-8778|len=641	NC_006096.5:13856703-13867480|strand=+|gene=UTS2B
181	194	2732	2719	85.714	14	16.2	86	Exon_05|rel=8138-8778|len=641	NC_006096.5:13856703-13867480|strand=+|gene=UTS2B
113	121	3129	3137	100.000	9	16.2	86	Exon_05|rel=8138-8778|len=641	NC_006096.5:13856703-13867480|strand=+|gene=UTS2B
111	119	3183	3191	100.000	9	16.2	86	Exon_05|rel=8138-8778|len=641	NC_006096.5:13856703-13867480|strand=+|gene=UTS2B
76	84	3309	3317	100.000	9	16.2	86	Exon_05|rel=8138-8778|len=641	NC_006096.5:13856703-13867480|strand=+|gene=UTS2B
19	27	3405	3397	100.000	9	16.2	86	Exon_05|rel=8138-8778|len=641	NC_006096.5:13856703-13867480|strand=+|gene=UTS2B
577	585	3616	3624	100.000	9	16.2	86	Exon_05|rel=8138-8778|len=641	NC_006096.5:13856703-13867480|strand=+|gene=UTS2B
398	406	3946	3954	100.000	9	16.2	86	Exon_05|rel=8138-8778|len=641	NC_006096.5:13856703-13867480|strand=+|gene=UTS2B
582	605	4274	4297	75.000	24	16.2	86	Exon_05|rel=8138-8778|len=641	NC_006096.5:13856703-13867480|strand=+|gene=UTS2B
464	477	4819	4806	85.714	14	16.2	86	Exon_05|rel=8138-8778|len=641	NC_006096.5:13856703-13867480|strand=+|gene=UTS2B
217	225	4809	4817	100.000	9	16.2	86	Exon_05|rel=8138-8778|len=641	NC_006096.5:13856703-13867480|strand=+|gene=UTS2B
521	529	4906	4914	100.000	9	16.2	86	Exon_05|rel=8138-8778|len=641	NC_006096.5:13856703-13867480|strand=+|gene=UTS2B
629	637	5153	5161	100.000	9	16.2	86	Exon_05|rel=8138-8778|len=641	NC_006096.5:13856703-13867480|strand=+|gene=UTS2B
462	470	5678	5670	100.000	9	16.2	86	Exon_05|rel=8138-8778|len=641	NC_006096.5:13856703-13867480|strand=+|gene=UTS2B
120	128	5677	5685	100.000	9	16.2	86	Exon_05|rel=8138-8778|len=641	NC_006096.5:13856703-13867480|strand=+|gene=UTS2B
148	156	5794	5786	100.000	9	16.2	86	Exon_05|rel=8138-8778|len=641	NC_006096.5:13856703-13867480|strand=+|gene=UTS2B
467	480	6055	6042	85.714	14	16.2	86	Exon_05|rel=8138-8778|len=641	NC_006096.5:13856703-13867480|strand=+|gene=UTS2B
238	251	6402	6389	85.714	14	16.2	86	Exon_05|rel=8138-8778|len=641	NC_006096.5:13856703-13867480|strand=+|gene=UTS2B
586	594	6896	6904	100.000	9	16.2	86	Exon_05|rel=8138-8778|len=641	NC_006096.5:13856703-13867480|strand=+|gene=UTS2B
245	253	7132	7124	100.000	9	16.2	86	Exon_05|rel=8138-8778|len=641	NC_006096.5:13856703-13867480|strand=+|gene=UTS2B
42	55	7125	7138	85.714	14	16.2	86	Exon_05|rel=8138-8778|len=641	NC_006096.5:13856703-13867480|strand=+|gene=UTS2B
531	544	7185	7172	85.714	14	16.2	86	Exon_05|rel=8138-8778|len=641	NC_006096.5:13856703-13867480|strand=+|gene=UTS2B
330	338	7222	7230	100.000	9	16.2	86	Exon_05|rel=8138-8778|len=641	NC_006096.5:13856703-13867480|strand=+|gene=UTS2B
258	266	7305	7297	100.000	9	16.2	86	Exon_05|rel=8138-8778|len=641	NC_006096.5:13856703-13867480|strand=+|gene=UTS2B
596	604	7793	7801	100.000	9	16.2	86	Exon_05|rel=8138-8778|len=641	NC_006096.5:13856703-13867480|strand=+|gene=UTS2B
1	9	7822	7830	100.000	9	16.2	86	Exon_05|rel=8138-8778|len=641	NC_006096.5:13856703-13867480|strand=+|gene=UTS2B
449	462	7879	7866	85.714	14	16.2	86	Exon_05|rel=8138-8778|len=641	NC_006096.5:13856703-13867480|strand=+|gene=UTS2B
244	252	8187	8179	100.000	9	16.2	86	Exon_05|rel=8138-8778|len=641	NC_006096.5:13856703-13867480|strand=+|gene=UTS2B
42	50	8389	8381	100.000	9	16.2	86	Exon_05|rel=8138-8778|len=641	NC_006096.5:13856703-13867480|strand=+|gene=UTS2B
214	227	8801	8814	85.714	14	16.2	86	Exon_05|rel=8138-8778|len=641	NC_006096.5:13856703-13867480|strand=+|gene=UTS2B
215	223	8937	8945	100.000	9	16.2	86	Exon_05|rel=8138-8778|len=641	NC_006096.5:13856703-13867480|strand=+|gene=UTS2B
467	475	8946	8938	100.000	9	16.2	86	Exon_05|rel=8138-8778|len=641	NC_006096.5:13856703-13867480|strand=+|gene=UTS2B
271	279	9197	9205	100.000	9	16.2	86	Exon_05|rel=8138-8778|len=641	NC_006096.5:13856703-13867480|strand=+|gene=UTS2B
274	282	9631	9639	100.000	9	16.2	86	Exon_05|rel=8138-8778|len=641	NC_006096.5:13856703-13867480|strand=+|gene=UTS2B
215	223	9806	9814	100.000	9	16.2	86	Exon_05|rel=8138-8778|len=641	NC_006096.5:13856703-13867480|strand=+|gene=UTS2B
467	475	9815	9807	100.000	9	16.2	86	Exon_05|rel=8138-8778|len=641	NC_006096.5:13856703-13867480|strand=+|gene=UTS2B
40	48	10141	10149	100.000	9	16.2	86	Exon_05|rel=8138-8778|len=641	NC_006096.5:13856703-13867480|strand=+|gene=UTS2B
627	635	10153	10145	100.000	9	16.2	86	Exon_05|rel=8138-8778|len=641	NC_006096.5:13856703-13867480|strand=+|gene=UTS2B
500	508	10191	10199	100.000	9	16.2	86	Exon_05|rel=8138-8778|len=641	NC_006096.5:13856703-13867480|strand=+|gene=UTS2B
324	332	10415	10423	100.000	9	16.2	86	Exon_05|rel=8138-8778|len=641	NC_006096.5:13856703-13867480|strand=+|gene=UTS2B
25	33	10640	10632	100.000	9	16.2	86	Exon_05|rel=8138-8778|len=641	NC_006096.5:13856703-13867480|strand=+|gene=UTS2B
478	486	10762	10770	100.000	9	16.2	86	Exon_05|rel=8138-8778|len=641	NC_006096.5:13856703-13867480|strand=+|gene=UTS2B
