1	3941	2001	5941	100.000	3941	5859	0.0	Exon_01|rel=2001-5941|len=3941	NC_006088.5:108319456-108333090|strand=+|gene=RIPPLY3
1	65	1911	1977	94.118	68	87.5	2.36e-19	Exon_01|rel=2001-5941|len=3941	NC_006088.5:108319456-108333090|strand=+|gene=RIPPLY3
1	65	1917	1983	94.118	68	87.5	2.36e-19	Exon_01|rel=2001-5941|len=3941	NC_006088.5:108319456-108333090|strand=+|gene=RIPPLY3
1	65	1923	1989	94.118	68	87.5	2.36e-19	Exon_01|rel=2001-5941|len=3941	NC_006088.5:108319456-108333090|strand=+|gene=RIPPLY3
735	1118	12206	12598	65.450	411	77.9	3.20e-16	Exon_01|rel=2001-5941|len=3941	NC_006088.5:108319456-108333090|strand=+|gene=RIPPLY3
3	33	6565	6594	87.097	31	33.3	0.008	Exon_01|rel=2001-5941|len=3941	NC_006088.5:108319456-108333090|strand=+|gene=RIPPLY3
9	39	6565	6594	87.097	31	33.3	0.008	Exon_01|rel=2001-5941|len=3941	NC_006088.5:108319456-108333090|strand=+|gene=RIPPLY3
15	45	6565	6594	87.097	31	33.3	0.008	Exon_01|rel=2001-5941|len=3941	NC_006088.5:108319456-108333090|strand=+|gene=RIPPLY3
33	67	10083	10052	82.857	35	31.8	0.024	Exon_01|rel=2001-5941|len=3941	NC_006088.5:108319456-108333090|strand=+|gene=RIPPLY3
33	65	6565	6592	84.848	33	31.1	0.024	Exon_01|rel=2001-5941|len=3941	NC_006088.5:108319456-108333090|strand=+|gene=RIPPLY3
2742	2801	6330	6399	69.444	72	29.6	0.066	Exon_01|rel=2001-5941|len=3941	NC_006088.5:108319456-108333090|strand=+|gene=RIPPLY3
5	56	356	302	72.727	55	28.1	0.18	Exon_01|rel=2001-5941|len=3941	NC_006088.5:108319456-108333090|strand=+|gene=RIPPLY3
39	76	10083	10050	78.947	38	28.1	0.18	Exon_01|rel=2001-5941|len=3941	NC_006088.5:108319456-108333090|strand=+|gene=RIPPLY3
2509	2527	8341	8323	94.737	19	27.4	0.52	Exon_01|rel=2001-5941|len=3941	NC_006088.5:108319456-108333090|strand=+|gene=RIPPLY3
22	44	11619	11596	87.500	24	26.6	0.52	Exon_01|rel=2001-5941|len=3941	NC_006088.5:108319456-108333090|strand=+|gene=RIPPLY3
16	38	11619	11596	87.500	24	26.6	0.52	Exon_01|rel=2001-5941|len=3941	NC_006088.5:108319456-108333090|strand=+|gene=RIPPLY3
10	32	11619	11596	87.500	24	26.6	0.52	Exon_01|rel=2001-5941|len=3941	NC_006088.5:108319456-108333090|strand=+|gene=RIPPLY3
4	26	11619	11596	87.500	24	26.6	0.52	Exon_01|rel=2001-5941|len=3941	NC_006088.5:108319456-108333090|strand=+|gene=RIPPLY3
282	301	1240	1260	90.476	21	25.9	1.4	Exon_01|rel=2001-5941|len=3941	NC_006088.5:108319456-108333090|strand=+|gene=RIPPLY3
1629	1656	10256	10279	82.143	28	25.9	1.4	Exon_01|rel=2001-5941|len=3941	NC_006088.5:108319456-108333090|strand=+|gene=RIPPLY3
699	713	101	115	100.000	15	25.1	1.4	Exon_01|rel=2001-5941|len=3941	NC_006088.5:108319456-108333090|strand=+|gene=RIPPLY3
2495	2514	4514	4495	90.000	20	25.1	1.4	Exon_01|rel=2001-5941|len=3941	NC_006088.5:108319456-108333090|strand=+|gene=RIPPLY3
2496	2525	8313	8342	80.645	31	25.1	1.4	Exon_01|rel=2001-5941|len=3941	NC_006088.5:108319456-108333090|strand=+|gene=RIPPLY3
3756	3801	6903	6857	71.429	49	24.4	4.1	Exon_01|rel=2001-5941|len=3941	NC_006088.5:108319456-108333090|strand=+|gene=RIPPLY3
4	39	1183	1220	74.359	39	23.6	4.1	Exon_01|rel=2001-5941|len=3941	NC_006088.5:108319456-108333090|strand=+|gene=RIPPLY3
1872	1893	6619	6596	83.333	24	23.6	4.1	Exon_01|rel=2001-5941|len=3941	NC_006088.5:108319456-108333090|strand=+|gene=RIPPLY3
2511	2533	11243	11267	84.000	25	23.6	4.1	Exon_01|rel=2001-5941|len=3941	NC_006088.5:108319456-108333090|strand=+|gene=RIPPLY3
28	52	11619	11597	84.000	25	23.6	4.1	Exon_01|rel=2001-5941|len=3941	NC_006088.5:108319456-108333090|strand=+|gene=RIPPLY3
2053	2100	2074	2126	70.909	55	22.9	11	Exon_01|rel=2001-5941|len=3941	NC_006088.5:108319456-108333090|strand=+|gene=RIPPLY3
74	126	4053	4100	70.909	55	22.9	11	Exon_01|rel=2001-5941|len=3941	NC_006088.5:108319456-108333090|strand=+|gene=RIPPLY3
2132	2152	6346	6326	85.714	21	22.9	11	Exon_01|rel=2001-5941|len=3941	NC_006088.5:108319456-108333090|strand=+|gene=RIPPLY3
247	277	9873	9843	78.125	32	22.9	11	Exon_01|rel=2001-5941|len=3941	NC_006088.5:108319456-108333090|strand=+|gene=RIPPLY3
2936	2958	10954	10977	84.000	25	22.9	11	Exon_01|rel=2001-5941|len=3941	NC_006088.5:108319456-108333090|strand=+|gene=RIPPLY3
249	264	11144	11159	93.750	16	22.9	11	Exon_01|rel=2001-5941|len=3941	NC_006088.5:108319456-108333090|strand=+|gene=RIPPLY3
3	20	11614	11596	89.474	19	22.9	11	Exon_01|rel=2001-5941|len=3941	NC_006088.5:108319456-108333090|strand=+|gene=RIPPLY3
1799	1826	13299	13269	75.758	33	22.9	11	Exon_01|rel=2001-5941|len=3941	NC_006088.5:108319456-108333090|strand=+|gene=RIPPLY3
2358	2385	875	900	78.571	28	22.2	11	Exon_01|rel=2001-5941|len=3941	NC_006088.5:108319456-108333090|strand=+|gene=RIPPLY3
16	41	1183	1207	80.769	26	22.2	11	Exon_01|rel=2001-5941|len=3941	NC_006088.5:108319456-108333090|strand=+|gene=RIPPLY3
22	47	1183	1207	80.769	26	22.2	11	Exon_01|rel=2001-5941|len=3941	NC_006088.5:108319456-108333090|strand=+|gene=RIPPLY3
2506	2528	4528	4506	83.333	24	22.2	11	Exon_01|rel=2001-5941|len=3941	NC_006088.5:108319456-108333090|strand=+|gene=RIPPLY3
2894	2909	4621	4635	93.750	16	22.2	11	Exon_01|rel=2001-5941|len=3941	NC_006088.5:108319456-108333090|strand=+|gene=RIPPLY3
2621	2635	4894	4909	93.750	16	22.2	11	Exon_01|rel=2001-5941|len=3941	NC_006088.5:108319456-108333090|strand=+|gene=RIPPLY3
3429	3456	5456	5429	78.571	28	22.2	11	Exon_01|rel=2001-5941|len=3941	NC_006088.5:108319456-108333090|strand=+|gene=RIPPLY3
1362	1379	6971	6988	88.889	18	22.2	11	Exon_01|rel=2001-5941|len=3941	NC_006088.5:108319456-108333090|strand=+|gene=RIPPLY3
59	71	7410	7398	100.000	13	22.2	11	Exon_01|rel=2001-5941|len=3941	NC_006088.5:108319456-108333090|strand=+|gene=RIPPLY3
344	369	8757	8784	79.310	29	22.2	11	Exon_01|rel=2001-5941|len=3941	NC_006088.5:108319456-108333090|strand=+|gene=RIPPLY3
3147	3175	10280	10244	72.973	37	22.2	11	Exon_01|rel=2001-5941|len=3941	NC_006088.5:108319456-108333090|strand=+|gene=RIPPLY3
1888	1909	10852	10829	83.333	24	22.2	11	Exon_01|rel=2001-5941|len=3941	NC_006088.5:108319456-108333090|strand=+|gene=RIPPLY3
802	814	10888	10876	100.000	13	22.2	11	Exon_01|rel=2001-5941|len=3941	NC_006088.5:108319456-108333090|strand=+|gene=RIPPLY3
1286	1306	10999	11018	85.714	21	22.2	11	Exon_01|rel=2001-5941|len=3941	NC_006088.5:108319456-108333090|strand=+|gene=RIPPLY3
34	53	11619	11599	85.714	21	22.2	11	Exon_01|rel=2001-5941|len=3941	NC_006088.5:108319456-108333090|strand=+|gene=RIPPLY3
3426	3443	1004	1020	88.889	18	21.4	32	Exon_01|rel=2001-5941|len=3941	NC_006088.5:108319456-108333090|strand=+|gene=RIPPLY3
3450	3464	2041	2055	93.333	15	21.4	32	Exon_01|rel=2001-5941|len=3941	NC_006088.5:108319456-108333090|strand=+|gene=RIPPLY3
3444	3461	2486	2502	88.889	18	21.4	32	Exon_01|rel=2001-5941|len=3941	NC_006088.5:108319456-108333090|strand=+|gene=RIPPLY3
3870	3887	5194	5178	88.889	18	21.4	32	Exon_01|rel=2001-5941|len=3941	NC_006088.5:108319456-108333090|strand=+|gene=RIPPLY3
486	502	5444	5461	88.889	18	21.4	32	Exon_01|rel=2001-5941|len=3941	NC_006088.5:108319456-108333090|strand=+|gene=RIPPLY3
41	55	5450	5464	93.333	15	21.4	32	Exon_01|rel=2001-5941|len=3941	NC_006088.5:108319456-108333090|strand=+|gene=RIPPLY3
3178	3194	5887	5870	88.889	18	21.4	32	Exon_01|rel=2001-5941|len=3941	NC_006088.5:108319456-108333090|strand=+|gene=RIPPLY3
3115	3134	6756	6737	85.000	20	21.4	32	Exon_01|rel=2001-5941|len=3941	NC_006088.5:108319456-108333090|strand=+|gene=RIPPLY3
2602	2619	7155	7139	88.889	18	21.4	32	Exon_01|rel=2001-5941|len=3941	NC_006088.5:108319456-108333090|strand=+|gene=RIPPLY3
65	87	8075	8096	82.609	23	21.4	32	Exon_01|rel=2001-5941|len=3941	NC_006088.5:108319456-108333090|strand=+|gene=RIPPLY3
3059	3090	9841	9876	75.000	36	21.4	32	Exon_01|rel=2001-5941|len=3941	NC_006088.5:108319456-108333090|strand=+|gene=RIPPLY3
3835	3849	10422	10408	93.333	15	21.4	32	Exon_01|rel=2001-5941|len=3941	NC_006088.5:108319456-108333090|strand=+|gene=RIPPLY3
2340	2369	10564	10535	76.667	30	21.4	32	Exon_01|rel=2001-5941|len=3941	NC_006088.5:108319456-108333090|strand=+|gene=RIPPLY3
275	300	11026	11000	78.571	28	21.4	32	Exon_01|rel=2001-5941|len=3941	NC_006088.5:108319456-108333090|strand=+|gene=RIPPLY3
2516	2541	11476	11502	78.571	28	21.4	32	Exon_01|rel=2001-5941|len=3941	NC_006088.5:108319456-108333090|strand=+|gene=RIPPLY3
45	64	623	602	81.818	22	20.7	32	Exon_01|rel=2001-5941|len=3941	NC_006088.5:108319456-108333090|strand=+|gene=RIPPLY3
3509	3535	1553	1575	77.778	27	20.7	32	Exon_01|rel=2001-5941|len=3941	NC_006088.5:108319456-108333090|strand=+|gene=RIPPLY3
2217	2230	2283	2297	93.333	15	20.7	32	Exon_01|rel=2001-5941|len=3941	NC_006088.5:108319456-108333090|strand=+|gene=RIPPLY3
2468	2494	2296	2318	77.778	27	20.7	32	Exon_01|rel=2001-5941|len=3941	NC_006088.5:108319456-108333090|strand=+|gene=RIPPLY3
3834	3853	2375	2393	85.000	20	20.7	32	Exon_01|rel=2001-5941|len=3941	NC_006088.5:108319456-108333090|strand=+|gene=RIPPLY3
3499	3524	2921	2894	78.571	28	20.7	32	Exon_01|rel=2001-5941|len=3941	NC_006088.5:108319456-108333090|strand=+|gene=RIPPLY3
283	297	4217	4230	93.333	15	20.7	32	Exon_01|rel=2001-5941|len=3941	NC_006088.5:108319456-108333090|strand=+|gene=RIPPLY3
296	318	4468	4494	77.778	27	20.7	32	Exon_01|rel=2001-5941|len=3941	NC_006088.5:108319456-108333090|strand=+|gene=RIPPLY3
894	921	5524	5499	78.571	28	20.7	32	Exon_01|rel=2001-5941|len=3941	NC_006088.5:108319456-108333090|strand=+|gene=RIPPLY3
375	393	5834	5853	85.000	20	20.7	32	Exon_01|rel=2001-5941|len=3941	NC_006088.5:108319456-108333090|strand=+|gene=RIPPLY3
2347	2363	6606	6590	88.235	17	20.7	32	Exon_01|rel=2001-5941|len=3941	NC_006088.5:108319456-108333090|strand=+|gene=RIPPLY3
1499	1515	6660	6644	88.235	17	20.7	32	Exon_01|rel=2001-5941|len=3941	NC_006088.5:108319456-108333090|strand=+|gene=RIPPLY3
2681	2695	6936	6949	93.333	15	20.7	32	Exon_01|rel=2001-5941|len=3941	NC_006088.5:108319456-108333090|strand=+|gene=RIPPLY3
2911	2922	7018	7029	100.000	12	20.7	32	Exon_01|rel=2001-5941|len=3941	NC_006088.5:108319456-108333090|strand=+|gene=RIPPLY3
51	62	8161	8150	100.000	12	20.7	32	Exon_01|rel=2001-5941|len=3941	NC_006088.5:108319456-108333090|strand=+|gene=RIPPLY3
3700	3714	8221	8234	93.333	15	20.7	32	Exon_01|rel=2001-5941|len=3941	NC_006088.5:108319456-108333090|strand=+|gene=RIPPLY3
2918	2934	9495	9479	88.235	17	20.7	32	Exon_01|rel=2001-5941|len=3941	NC_006088.5:108319456-108333090|strand=+|gene=RIPPLY3
195	213	9616	9635	85.000	20	20.7	32	Exon_01|rel=2001-5941|len=3941	NC_006088.5:108319456-108333090|strand=+|gene=RIPPLY3
2074	2088	9855	9868	93.333	15	20.7	32	Exon_01|rel=2001-5941|len=3941	NC_006088.5:108319456-108333090|strand=+|gene=RIPPLY3
422	463	10229	10188	71.429	42	20.7	32	Exon_01|rel=2001-5941|len=3941	NC_006088.5:108319456-108333090|strand=+|gene=RIPPLY3
701	712	12246	12235	100.000	12	20.7	32	Exon_01|rel=2001-5941|len=3941	NC_006088.5:108319456-108333090|strand=+|gene=RIPPLY3
2161	2177	13030	13046	88.235	17	20.7	32	Exon_01|rel=2001-5941|len=3941	NC_006088.5:108319456-108333090|strand=+|gene=RIPPLY3
2301	2320	13288	13306	85.000	20	20.7	32	Exon_01|rel=2001-5941|len=3941	NC_006088.5:108319456-108333090|strand=+|gene=RIPPLY3
91	109	1411	1429	84.211	19	19.9	89	Exon_01|rel=2001-5941|len=3941	NC_006088.5:108319456-108333090|strand=+|gene=RIPPLY3
3426	3444	2281	2299	84.211	19	19.9	89	Exon_01|rel=2001-5941|len=3941	NC_006088.5:108319456-108333090|strand=+|gene=RIPPLY3
3856	3869	4428	4441	92.857	14	19.9	89	Exon_01|rel=2001-5941|len=3941	NC_006088.5:108319456-108333090|strand=+|gene=RIPPLY3
3403	3416	5172	5159	92.857	14	19.9	89	Exon_01|rel=2001-5941|len=3941	NC_006088.5:108319456-108333090|strand=+|gene=RIPPLY3
3802	3815	5378	5365	92.857	14	19.9	89	Exon_01|rel=2001-5941|len=3941	NC_006088.5:108319456-108333090|strand=+|gene=RIPPLY3
3159	3172	5416	5403	92.857	14	19.9	89	Exon_01|rel=2001-5941|len=3941	NC_006088.5:108319456-108333090|strand=+|gene=RIPPLY3
281	299	5426	5444	84.211	19	19.9	89	Exon_01|rel=2001-5941|len=3941	NC_006088.5:108319456-108333090|strand=+|gene=RIPPLY3
3365	3378	5815	5802	92.857	14	19.9	89	Exon_01|rel=2001-5941|len=3941	NC_006088.5:108319456-108333090|strand=+|gene=RIPPLY3
2428	2441	5856	5869	92.857	14	19.9	89	Exon_01|rel=2001-5941|len=3941	NC_006088.5:108319456-108333090|strand=+|gene=RIPPLY3
2579	2592	6633	6646	92.857	14	19.9	89	Exon_01|rel=2001-5941|len=3941	NC_006088.5:108319456-108333090|strand=+|gene=RIPPLY3
1598	1628	7013	7044	75.000	32	19.9	89	Exon_01|rel=2001-5941|len=3941	NC_006088.5:108319456-108333090|strand=+|gene=RIPPLY3
316	334	7243	7261	84.211	19	19.9	89	Exon_01|rel=2001-5941|len=3941	NC_006088.5:108319456-108333090|strand=+|gene=RIPPLY3
1811	1829	7570	7588	84.211	19	19.9	89	Exon_01|rel=2001-5941|len=3941	NC_006088.5:108319456-108333090|strand=+|gene=RIPPLY3
265	283	8555	8573	84.211	19	19.9	89	Exon_01|rel=2001-5941|len=3941	NC_006088.5:108319456-108333090|strand=+|gene=RIPPLY3
3430	3458	9374	9343	75.000	32	19.9	89	Exon_01|rel=2001-5941|len=3941	NC_006088.5:108319456-108333090|strand=+|gene=RIPPLY3
435	451	9537	9552	88.235	17	19.9	89	Exon_01|rel=2001-5941|len=3941	NC_006088.5:108319456-108333090|strand=+|gene=RIPPLY3
52	65	10140	10127	92.857	14	19.9	89	Exon_01|rel=2001-5941|len=3941	NC_006088.5:108319456-108333090|strand=+|gene=RIPPLY3
3144	3157	10882	10895	92.857	14	19.9	89	Exon_01|rel=2001-5941|len=3941	NC_006088.5:108319456-108333090|strand=+|gene=RIPPLY3
2815	2836	12861	12841	81.818	22	19.9	89	Exon_01|rel=2001-5941|len=3941	NC_006088.5:108319456-108333090|strand=+|gene=RIPPLY3
1620	1633	13172	13159	92.857	14	19.9	89	Exon_01|rel=2001-5941|len=3941	NC_006088.5:108319456-108333090|strand=+|gene=RIPPLY3
3138	3151	13608	13595	92.857	14	19.9	89	Exon_01|rel=2001-5941|len=3941	NC_006088.5:108319456-108333090|strand=+|gene=RIPPLY3
767	777	57	67	100.000	11	19.2	89	Exon_01|rel=2001-5941|len=3941	NC_006088.5:108319456-108333090|strand=+|gene=RIPPLY3
1759	1769	189	199	100.000	11	19.2	89	Exon_01|rel=2001-5941|len=3941	NC_006088.5:108319456-108333090|strand=+|gene=RIPPLY3
1888	1898	433	443	100.000	11	19.2	89	Exon_01|rel=2001-5941|len=3941	NC_006088.5:108319456-108333090|strand=+|gene=RIPPLY3
3498	3513	539	554	87.500	16	19.2	89	Exon_01|rel=2001-5941|len=3941	NC_006088.5:108319456-108333090|strand=+|gene=RIPPLY3
3	13	655	665	100.000	11	19.2	89	Exon_01|rel=2001-5941|len=3941	NC_006088.5:108319456-108333090|strand=+|gene=RIPPLY3
9	19	655	665	100.000	11	19.2	89	Exon_01|rel=2001-5941|len=3941	NC_006088.5:108319456-108333090|strand=+|gene=RIPPLY3
15	25	655	665	100.000	11	19.2	89	Exon_01|rel=2001-5941|len=3941	NC_006088.5:108319456-108333090|strand=+|gene=RIPPLY3
21	31	655	665	100.000	11	19.2	89	Exon_01|rel=2001-5941|len=3941	NC_006088.5:108319456-108333090|strand=+|gene=RIPPLY3
27	37	655	665	100.000	11	19.2	89	Exon_01|rel=2001-5941|len=3941	NC_006088.5:108319456-108333090|strand=+|gene=RIPPLY3
33	43	655	665	100.000	11	19.2	89	Exon_01|rel=2001-5941|len=3941	NC_006088.5:108319456-108333090|strand=+|gene=RIPPLY3
2023	2033	788	778	100.000	11	19.2	89	Exon_01|rel=2001-5941|len=3941	NC_006088.5:108319456-108333090|strand=+|gene=RIPPLY3
3896	3906	1889	1899	100.000	11	19.2	89	Exon_01|rel=2001-5941|len=3941	NC_006088.5:108319456-108333090|strand=+|gene=RIPPLY3
3572	3587	3373	3388	87.500	16	19.2	89	Exon_01|rel=2001-5941|len=3941	NC_006088.5:108319456-108333090|strand=+|gene=RIPPLY3
3136	3151	3879	3894	87.500	16	19.2	89	Exon_01|rel=2001-5941|len=3941	NC_006088.5:108319456-108333090|strand=+|gene=RIPPLY3
1879	1894	5136	5151	87.500	16	19.2	89	Exon_01|rel=2001-5941|len=3941	NC_006088.5:108319456-108333090|strand=+|gene=RIPPLY3
3506	3516	5302	5312	100.000	11	19.2	89	Exon_01|rel=2001-5941|len=3941	NC_006088.5:108319456-108333090|strand=+|gene=RIPPLY3
3302	3312	5506	5516	100.000	11	19.2	89	Exon_01|rel=2001-5941|len=3941	NC_006088.5:108319456-108333090|strand=+|gene=RIPPLY3
1373	1388	5572	5587	87.500	16	19.2	89	Exon_01|rel=2001-5941|len=3941	NC_006088.5:108319456-108333090|strand=+|gene=RIPPLY3
249	264	6024	6009	87.500	16	19.2	89	Exon_01|rel=2001-5941|len=3941	NC_006088.5:108319456-108333090|strand=+|gene=RIPPLY3
1737	1752	6561	6546	87.500	16	19.2	89	Exon_01|rel=2001-5941|len=3941	NC_006088.5:108319456-108333090|strand=+|gene=RIPPLY3
435	445	6789	6799	100.000	11	19.2	89	Exon_01|rel=2001-5941|len=3941	NC_006088.5:108319456-108333090|strand=+|gene=RIPPLY3
2874	2884	7420	7410	100.000	11	19.2	89	Exon_01|rel=2001-5941|len=3941	NC_006088.5:108319456-108333090|strand=+|gene=RIPPLY3
2528	2538	7811	7821	100.000	11	19.2	89	Exon_01|rel=2001-5941|len=3941	NC_006088.5:108319456-108333090|strand=+|gene=RIPPLY3
1606	1626	7977	7957	80.952	21	19.2	89	Exon_01|rel=2001-5941|len=3941	NC_006088.5:108319456-108333090|strand=+|gene=RIPPLY3
1692	1702	8111	8121	100.000	11	19.2	89	Exon_01|rel=2001-5941|len=3941	NC_006088.5:108319456-108333090|strand=+|gene=RIPPLY3
3238	3248	8274	8284	100.000	11	19.2	89	Exon_01|rel=2001-5941|len=3941	NC_006088.5:108319456-108333090|strand=+|gene=RIPPLY3
2558	2573	8656	8641	87.500	16	19.2	89	Exon_01|rel=2001-5941|len=3941	NC_006088.5:108319456-108333090|strand=+|gene=RIPPLY3
1325	1345	8685	8665	80.952	21	19.2	89	Exon_01|rel=2001-5941|len=3941	NC_006088.5:108319456-108333090|strand=+|gene=RIPPLY3
56	76	8668	8688	80.952	21	19.2	89	Exon_01|rel=2001-5941|len=3941	NC_006088.5:108319456-108333090|strand=+|gene=RIPPLY3
1954	1969	8919	8934	87.500	16	19.2	89	Exon_01|rel=2001-5941|len=3941	NC_006088.5:108319456-108333090|strand=+|gene=RIPPLY3
56	66	9133	9123	100.000	11	19.2	89	Exon_01|rel=2001-5941|len=3941	NC_006088.5:108319456-108333090|strand=+|gene=RIPPLY3
3188	3198	9176	9166	100.000	11	19.2	89	Exon_01|rel=2001-5941|len=3941	NC_006088.5:108319456-108333090|strand=+|gene=RIPPLY3
1774	1794	9277	9257	80.952	21	19.2	89	Exon_01|rel=2001-5941|len=3941	NC_006088.5:108319456-108333090|strand=+|gene=RIPPLY3
488	498	9368	9358	100.000	11	19.2	89	Exon_01|rel=2001-5941|len=3941	NC_006088.5:108319456-108333090|strand=+|gene=RIPPLY3
1156	1166	9871	9881	100.000	11	19.2	89	Exon_01|rel=2001-5941|len=3941	NC_006088.5:108319456-108333090|strand=+|gene=RIPPLY3
3348	3358	10834	10824	100.000	11	19.2	89	Exon_01|rel=2001-5941|len=3941	NC_006088.5:108319456-108333090|strand=+|gene=RIPPLY3
3765	3775	11028	11038	100.000	11	19.2	89	Exon_01|rel=2001-5941|len=3941	NC_006088.5:108319456-108333090|strand=+|gene=RIPPLY3
1231	1241	11997	11987	100.000	11	19.2	89	Exon_01|rel=2001-5941|len=3941	NC_006088.5:108319456-108333090|strand=+|gene=RIPPLY3
50	60	12009	12019	100.000	11	19.2	89	Exon_01|rel=2001-5941|len=3941	NC_006088.5:108319456-108333090|strand=+|gene=RIPPLY3
3832	3847	12769	12754	87.500	16	19.2	89	Exon_01|rel=2001-5941|len=3941	NC_006088.5:108319456-108333090|strand=+|gene=RIPPLY3
2609	2619	13038	13048	100.000	11	19.2	89	Exon_01|rel=2001-5941|len=3941	NC_006088.5:108319456-108333090|strand=+|gene=RIPPLY3
2104	2114	13203	13213	100.000	11	19.2	89	Exon_01|rel=2001-5941|len=3941	NC_006088.5:108319456-108333090|strand=+|gene=RIPPLY3
3216	3226	13362	13372	100.000	11	19.2	89	Exon_01|rel=2001-5941|len=3941	NC_006088.5:108319456-108333090|strand=+|gene=RIPPLY3
1	70	6701	6770	100.000	70	106	4.17e-27	Exon_02|rel=6701-6770|len=70	NC_006088.5:108319456-108333090|strand=+|gene=RIPPLY3
33	59	5684	5706	81.481	27	22.9	0.13	Exon_02|rel=6701-6770|len=70	NC_006088.5:108319456-108333090|strand=+|gene=RIPPLY3
37	56	5134	5115	85.000	20	21.4	0.37	Exon_02|rel=6701-6770|len=70	NC_006088.5:108319456-108333090|strand=+|gene=RIPPLY3
33	52	11232	11213	85.000	20	21.4	0.37	Exon_02|rel=6701-6770|len=70	NC_006088.5:108319456-108333090|strand=+|gene=RIPPLY3
17	47	2730	2691	70.000	40	19.9	1.0	Exon_02|rel=6701-6770|len=70	NC_006088.5:108319456-108333090|strand=+|gene=RIPPLY3
46	70	4403	4381	80.000	25	19.9	1.0	Exon_02|rel=6701-6770|len=70	NC_006088.5:108319456-108333090|strand=+|gene=RIPPLY3
54	67	10448	10461	92.857	14	19.9	1.0	Exon_02|rel=6701-6770|len=70	NC_006088.5:108319456-108333090|strand=+|gene=RIPPLY3
17	47	12259	12230	75.758	33	19.9	1.0	Exon_02|rel=6701-6770|len=70	NC_006088.5:108319456-108333090|strand=+|gene=RIPPLY3
16	26	12547	12537	100.000	11	19.2	1.0	Exon_02|rel=6701-6770|len=70	NC_006088.5:108319456-108333090|strand=+|gene=RIPPLY3
49	68	1152	1132	81.818	22	18.4	2.9	Exon_02|rel=6701-6770|len=70	NC_006088.5:108319456-108333090|strand=+|gene=RIPPLY3
53	65	6656	6668	92.308	13	18.4	2.9	Exon_02|rel=6701-6770|len=70	NC_006088.5:108319456-108333090|strand=+|gene=RIPPLY3
36	45	2740	2749	100.000	10	17.7	2.9	Exon_02|rel=6701-6770|len=70	NC_006088.5:108319456-108333090|strand=+|gene=RIPPLY3
50	63	273	259	86.667	15	17.0	8.1	Exon_02|rel=6701-6770|len=70	NC_006088.5:108319456-108333090|strand=+|gene=RIPPLY3
46	60	1052	1036	82.353	17	17.0	8.1	Exon_02|rel=6701-6770|len=70	NC_006088.5:108319456-108333090|strand=+|gene=RIPPLY3
42	70	3844	3873	73.333	30	17.0	8.1	Exon_02|rel=6701-6770|len=70	NC_006088.5:108319456-108333090|strand=+|gene=RIPPLY3
47	61	5227	5214	86.667	15	17.0	8.1	Exon_02|rel=6701-6770|len=70	NC_006088.5:108319456-108333090|strand=+|gene=RIPPLY3
59	70	9623	9634	91.667	12	17.0	8.1	Exon_02|rel=6701-6770|len=70	NC_006088.5:108319456-108333090|strand=+|gene=RIPPLY3
52	66	11462	11449	86.667	15	17.0	8.1	Exon_02|rel=6701-6770|len=70	NC_006088.5:108319456-108333090|strand=+|gene=RIPPLY3
54	68	12089	12102	86.667	15	17.0	8.1	Exon_02|rel=6701-6770|len=70	NC_006088.5:108319456-108333090|strand=+|gene=RIPPLY3
54	68	12529	12513	82.353	17	17.0	8.1	Exon_02|rel=6701-6770|len=70	NC_006088.5:108319456-108333090|strand=+|gene=RIPPLY3
29	37	2988	2996	100.000	9	16.2	8.1	Exon_02|rel=6701-6770|len=70	NC_006088.5:108319456-108333090|strand=+|gene=RIPPLY3
61	69	4098	4106	100.000	9	16.2	8.1	Exon_02|rel=6701-6770|len=70	NC_006088.5:108319456-108333090|strand=+|gene=RIPPLY3
48	69	6080	6062	77.273	22	16.2	8.1	Exon_02|rel=6701-6770|len=70	NC_006088.5:108319456-108333090|strand=+|gene=RIPPLY3
53	61	7081	7073	100.000	9	16.2	8.1	Exon_02|rel=6701-6770|len=70	NC_006088.5:108319456-108333090|strand=+|gene=RIPPLY3
57	68	10198	10208	91.667	12	16.2	8.1	Exon_02|rel=6701-6770|len=70	NC_006088.5:108319456-108333090|strand=+|gene=RIPPLY3
33	44	13489	13479	91.667	12	16.2	8.1	Exon_02|rel=6701-6770|len=70	NC_006088.5:108319456-108333090|strand=+|gene=RIPPLY3
15	48	9286	9318	71.429	35	15.5	23	Exon_02|rel=6701-6770|len=70	NC_006088.5:108319456-108333090|strand=+|gene=RIPPLY3
8	15	427	420	100.000	8	14.7	23	Exon_02|rel=6701-6770|len=70	NC_006088.5:108319456-108333090|strand=+|gene=RIPPLY3
50	57	645	652	100.000	8	14.7	23	Exon_02|rel=6701-6770|len=70	NC_006088.5:108319456-108333090|strand=+|gene=RIPPLY3
45	52	1321	1328	100.000	8	14.7	23	Exon_02|rel=6701-6770|len=70	NC_006088.5:108319456-108333090|strand=+|gene=RIPPLY3
8	15	2103	2110	100.000	8	14.7	23	Exon_02|rel=6701-6770|len=70	NC_006088.5:108319456-108333090|strand=+|gene=RIPPLY3
9	16	2317	2310	100.000	8	14.7	23	Exon_02|rel=6701-6770|len=70	NC_006088.5:108319456-108333090|strand=+|gene=RIPPLY3
59	69	3787	3778	90.909	11	14.7	23	Exon_02|rel=6701-6770|len=70	NC_006088.5:108319456-108333090|strand=+|gene=RIPPLY3
9	16	4493	4486	100.000	8	14.7	23	Exon_02|rel=6701-6770|len=70	NC_006088.5:108319456-108333090|strand=+|gene=RIPPLY3
28	37	5529	5519	90.909	11	14.7	23	Exon_02|rel=6701-6770|len=70	NC_006088.5:108319456-108333090|strand=+|gene=RIPPLY3
44	51	7157	7164	100.000	8	14.7	23	Exon_02|rel=6701-6770|len=70	NC_006088.5:108319456-108333090|strand=+|gene=RIPPLY3
60	69	7341	7331	90.909	11	14.7	23	Exon_02|rel=6701-6770|len=70	NC_006088.5:108319456-108333090|strand=+|gene=RIPPLY3
42	49	7561	7554	100.000	8	14.7	23	Exon_02|rel=6701-6770|len=70	NC_006088.5:108319456-108333090|strand=+|gene=RIPPLY3
13	20	7623	7630	100.000	8	14.7	23	Exon_02|rel=6701-6770|len=70	NC_006088.5:108319456-108333090|strand=+|gene=RIPPLY3
49	56	7733	7740	100.000	8	14.7	23	Exon_02|rel=6701-6770|len=70	NC_006088.5:108319456-108333090|strand=+|gene=RIPPLY3
44	61	10013	10028	78.947	19	14.7	23	Exon_02|rel=6701-6770|len=70	NC_006088.5:108319456-108333090|strand=+|gene=RIPPLY3
52	63	12076	12090	80.000	15	14.7	23	Exon_02|rel=6701-6770|len=70	NC_006088.5:108319456-108333090|strand=+|gene=RIPPLY3
35	42	12315	12308	100.000	8	14.7	23	Exon_02|rel=6701-6770|len=70	NC_006088.5:108319456-108333090|strand=+|gene=RIPPLY3
9	16	12751	12744	100.000	8	14.7	23	Exon_02|rel=6701-6770|len=70	NC_006088.5:108319456-108333090|strand=+|gene=RIPPLY3
27	34	12970	12977	100.000	8	14.7	23	Exon_02|rel=6701-6770|len=70	NC_006088.5:108319456-108333090|strand=+|gene=RIPPLY3
23	35	13030	13018	84.615	13	14.7	23	Exon_02|rel=6701-6770|len=70	NC_006088.5:108319456-108333090|strand=+|gene=RIPPLY3
34	45	202	214	84.615	13	14.0	63	Exon_02|rel=6701-6770|len=70	NC_006088.5:108319456-108333090|strand=+|gene=RIPPLY3
53	64	1686	1698	84.615	13	14.0	63	Exon_02|rel=6701-6770|len=70	NC_006088.5:108319456-108333090|strand=+|gene=RIPPLY3
60	69	3430	3439	90.000	10	14.0	63	Exon_02|rel=6701-6770|len=70	NC_006088.5:108319456-108333090|strand=+|gene=RIPPLY3
8	17	3927	3918	90.000	10	14.0	63	Exon_02|rel=6701-6770|len=70	NC_006088.5:108319456-108333090|strand=+|gene=RIPPLY3
59	68	4943	4934	90.000	10	14.0	63	Exon_02|rel=6701-6770|len=70	NC_006088.5:108319456-108333090|strand=+|gene=RIPPLY3
42	51	4959	4968	90.000	10	14.0	63	Exon_02|rel=6701-6770|len=70	NC_006088.5:108319456-108333090|strand=+|gene=RIPPLY3
43	57	5648	5634	80.000	15	14.0	63	Exon_02|rel=6701-6770|len=70	NC_006088.5:108319456-108333090|strand=+|gene=RIPPLY3
47	56	6818	6827	90.000	10	14.0	63	Exon_02|rel=6701-6770|len=70	NC_006088.5:108319456-108333090|strand=+|gene=RIPPLY3
38	47	7220	7229	90.000	10	14.0	63	Exon_02|rel=6701-6770|len=70	NC_006088.5:108319456-108333090|strand=+|gene=RIPPLY3
43	56	11825	11809	76.471	17	14.0	63	Exon_02|rel=6701-6770|len=70	NC_006088.5:108319456-108333090|strand=+|gene=RIPPLY3
29	38	12466	12475	90.000	10	14.0	63	Exon_02|rel=6701-6770|len=70	NC_006088.5:108319456-108333090|strand=+|gene=RIPPLY3
55	64	13463	13472	90.000	10	14.0	63	Exon_02|rel=6701-6770|len=70	NC_006088.5:108319456-108333090|strand=+|gene=RIPPLY3
18	24	24	18	100.000	7	13.2	63	Exon_02|rel=6701-6770|len=70	NC_006088.5:108319456-108333090|strand=+|gene=RIPPLY3
19	25	115	109	100.000	7	13.2	63	Exon_02|rel=6701-6770|len=70	NC_006088.5:108319456-108333090|strand=+|gene=RIPPLY3
49	55	358	364	100.000	7	13.2	63	Exon_02|rel=6701-6770|len=70	NC_006088.5:108319456-108333090|strand=+|gene=RIPPLY3
45	51	370	376	100.000	7	13.2	63	Exon_02|rel=6701-6770|len=70	NC_006088.5:108319456-108333090|strand=+|gene=RIPPLY3
22	28	385	391	100.000	7	13.2	63	Exon_02|rel=6701-6770|len=70	NC_006088.5:108319456-108333090|strand=+|gene=RIPPLY3
60	66	526	532	100.000	7	13.2	63	Exon_02|rel=6701-6770|len=70	NC_006088.5:108319456-108333090|strand=+|gene=RIPPLY3
26	32	741	735	100.000	7	13.2	63	Exon_02|rel=6701-6770|len=70	NC_006088.5:108319456-108333090|strand=+|gene=RIPPLY3
32	38	747	741	100.000	7	13.2	63	Exon_02|rel=6701-6770|len=70	NC_006088.5:108319456-108333090|strand=+|gene=RIPPLY3
63	69	1206	1200	100.000	7	13.2	63	Exon_02|rel=6701-6770|len=70	NC_006088.5:108319456-108333090|strand=+|gene=RIPPLY3
2	8	1723	1729	100.000	7	13.2	63	Exon_02|rel=6701-6770|len=70	NC_006088.5:108319456-108333090|strand=+|gene=RIPPLY3
37	43	2448	2442	100.000	7	13.2	63	Exon_02|rel=6701-6770|len=70	NC_006088.5:108319456-108333090|strand=+|gene=RIPPLY3
15	21	2572	2578	100.000	7	13.2	63	Exon_02|rel=6701-6770|len=70	NC_006088.5:108319456-108333090|strand=+|gene=RIPPLY3
20	26	2745	2739	100.000	7	13.2	63	Exon_02|rel=6701-6770|len=70	NC_006088.5:108319456-108333090|strand=+|gene=RIPPLY3
54	60	2767	2761	100.000	7	13.2	63	Exon_02|rel=6701-6770|len=70	NC_006088.5:108319456-108333090|strand=+|gene=RIPPLY3
9	15	3034	3040	100.000	7	13.2	63	Exon_02|rel=6701-6770|len=70	NC_006088.5:108319456-108333090|strand=+|gene=RIPPLY3
27	33	3039	3045	100.000	7	13.2	63	Exon_02|rel=6701-6770|len=70	NC_006088.5:108319456-108333090|strand=+|gene=RIPPLY3
54	60	3465	3471	100.000	7	13.2	63	Exon_02|rel=6701-6770|len=70	NC_006088.5:108319456-108333090|strand=+|gene=RIPPLY3
11	17	3996	3990	100.000	7	13.2	63	Exon_02|rel=6701-6770|len=70	NC_006088.5:108319456-108333090|strand=+|gene=RIPPLY3
32	38	4176	4182	100.000	7	13.2	63	Exon_02|rel=6701-6770|len=70	NC_006088.5:108319456-108333090|strand=+|gene=RIPPLY3
46	52	4338	4332	100.000	7	13.2	63	Exon_02|rel=6701-6770|len=70	NC_006088.5:108319456-108333090|strand=+|gene=RIPPLY3
48	54	4511	4517	100.000	7	13.2	63	Exon_02|rel=6701-6770|len=70	NC_006088.5:108319456-108333090|strand=+|gene=RIPPLY3
10	16	4677	4683	100.000	7	13.2	63	Exon_02|rel=6701-6770|len=70	NC_006088.5:108319456-108333090|strand=+|gene=RIPPLY3
63	69	5069	5075	100.000	7	13.2	63	Exon_02|rel=6701-6770|len=70	NC_006088.5:108319456-108333090|strand=+|gene=RIPPLY3
33	39	5539	5545	100.000	7	13.2	63	Exon_02|rel=6701-6770|len=70	NC_006088.5:108319456-108333090|strand=+|gene=RIPPLY3
25	31	5651	5657	100.000	7	13.2	63	Exon_02|rel=6701-6770|len=70	NC_006088.5:108319456-108333090|strand=+|gene=RIPPLY3
45	51	6371	6377	100.000	7	13.2	63	Exon_02|rel=6701-6770|len=70	NC_006088.5:108319456-108333090|strand=+|gene=RIPPLY3
47	53	6386	6392	100.000	7	13.2	63	Exon_02|rel=6701-6770|len=70	NC_006088.5:108319456-108333090|strand=+|gene=RIPPLY3
64	70	6905	6911	100.000	7	13.2	63	Exon_02|rel=6701-6770|len=70	NC_006088.5:108319456-108333090|strand=+|gene=RIPPLY3
57	63	6976	6982	100.000	7	13.2	63	Exon_02|rel=6701-6770|len=70	NC_006088.5:108319456-108333090|strand=+|gene=RIPPLY3
53	59	7356	7362	100.000	7	13.2	63	Exon_02|rel=6701-6770|len=70	NC_006088.5:108319456-108333090|strand=+|gene=RIPPLY3
55	61	8913	8907	100.000	7	13.2	63	Exon_02|rel=6701-6770|len=70	NC_006088.5:108319456-108333090|strand=+|gene=RIPPLY3
46	52	9048	9054	100.000	7	13.2	63	Exon_02|rel=6701-6770|len=70	NC_006088.5:108319456-108333090|strand=+|gene=RIPPLY3
45	51	9195	9201	100.000	7	13.2	63	Exon_02|rel=6701-6770|len=70	NC_006088.5:108319456-108333090|strand=+|gene=RIPPLY3
63	69	9267	9273	100.000	7	13.2	63	Exon_02|rel=6701-6770|len=70	NC_006088.5:108319456-108333090|strand=+|gene=RIPPLY3
22	28	9310	9304	100.000	7	13.2	63	Exon_02|rel=6701-6770|len=70	NC_006088.5:108319456-108333090|strand=+|gene=RIPPLY3
18	24	10299	10305	100.000	7	13.2	63	Exon_02|rel=6701-6770|len=70	NC_006088.5:108319456-108333090|strand=+|gene=RIPPLY3
54	60	11295	11301	100.000	7	13.2	63	Exon_02|rel=6701-6770|len=70	NC_006088.5:108319456-108333090|strand=+|gene=RIPPLY3
49	55	11332	11338	100.000	7	13.2	63	Exon_02|rel=6701-6770|len=70	NC_006088.5:108319456-108333090|strand=+|gene=RIPPLY3
63	69	11380	11374	100.000	7	13.2	63	Exon_02|rel=6701-6770|len=70	NC_006088.5:108319456-108333090|strand=+|gene=RIPPLY3
54	60	11824	11830	100.000	7	13.2	63	Exon_02|rel=6701-6770|len=70	NC_006088.5:108319456-108333090|strand=+|gene=RIPPLY3
8	14	11948	11942	100.000	7	13.2	63	Exon_02|rel=6701-6770|len=70	NC_006088.5:108319456-108333090|strand=+|gene=RIPPLY3
9	15	12103	12097	100.000	7	13.2	63	Exon_02|rel=6701-6770|len=70	NC_006088.5:108319456-108333090|strand=+|gene=RIPPLY3
22	28	12131	12125	100.000	7	13.2	63	Exon_02|rel=6701-6770|len=70	NC_006088.5:108319456-108333090|strand=+|gene=RIPPLY3
32	38	12141	12147	100.000	7	13.2	63	Exon_02|rel=6701-6770|len=70	NC_006088.5:108319456-108333090|strand=+|gene=RIPPLY3
20	26	12216	12210	100.000	7	13.2	63	Exon_02|rel=6701-6770|len=70	NC_006088.5:108319456-108333090|strand=+|gene=RIPPLY3
8	14	12511	12517	100.000	7	13.2	63	Exon_02|rel=6701-6770|len=70	NC_006088.5:108319456-108333090|strand=+|gene=RIPPLY3
38	44	13111	13117	100.000	7	13.2	63	Exon_02|rel=6701-6770|len=70	NC_006088.5:108319456-108333090|strand=+|gene=RIPPLY3
14	20	13141	13135	100.000	7	13.2	63	Exon_02|rel=6701-6770|len=70	NC_006088.5:108319456-108333090|strand=+|gene=RIPPLY3
58	64	13202	13208	100.000	7	13.2	63	Exon_02|rel=6701-6770|len=70	NC_006088.5:108319456-108333090|strand=+|gene=RIPPLY3
57	63	13573	13579	100.000	7	13.2	63	Exon_02|rel=6701-6770|len=70	NC_006088.5:108319456-108333090|strand=+|gene=RIPPLY3
8	14	13610	13604	100.000	7	13.2	63	Exon_02|rel=6701-6770|len=70	NC_006088.5:108319456-108333090|strand=+|gene=RIPPLY3
1	68	9247	9314	100.000	68	103	3.13e-26	Exon_03|rel=9247-9314|len=68	NC_006088.5:108319456-108333090|strand=+|gene=RIPPLY3
1	39	13548	13512	72.093	43	22.2	0.13	Exon_03|rel=9247-9314|len=68	NC_006088.5:108319456-108333090|strand=+|gene=RIPPLY3
14	54	10397	10438	72.093	43	21.4	0.35	Exon_03|rel=9247-9314|len=68	NC_006088.5:108319456-108333090|strand=+|gene=RIPPLY3
54	66	527	540	92.857	14	19.2	0.98	Exon_03|rel=9247-9314|len=68	NC_006088.5:108319456-108333090|strand=+|gene=RIPPLY3
11	31	3794	3774	80.952	21	19.2	0.98	Exon_03|rel=9247-9314|len=68	NC_006088.5:108319456-108333090|strand=+|gene=RIPPLY3
20	39	11381	11364	80.000	20	17.7	2.8	Exon_03|rel=9247-9314|len=68	NC_006088.5:108319456-108333090|strand=+|gene=RIPPLY3
8	21	4535	4549	86.667	15	17.0	7.7	Exon_03|rel=9247-9314|len=68	NC_006088.5:108319456-108333090|strand=+|gene=RIPPLY3
17	28	5065	5076	91.667	12	17.0	7.7	Exon_03|rel=9247-9314|len=68	NC_006088.5:108319456-108333090|strand=+|gene=RIPPLY3
19	30	7339	7328	91.667	12	17.0	7.7	Exon_03|rel=9247-9314|len=68	NC_006088.5:108319456-108333090|strand=+|gene=RIPPLY3
12	31	8704	8683	77.273	22	17.0	7.7	Exon_03|rel=9247-9314|len=68	NC_006088.5:108319456-108333090|strand=+|gene=RIPPLY3
22	44	10782	10805	76.000	25	17.0	7.7	Exon_03|rel=9247-9314|len=68	NC_006088.5:108319456-108333090|strand=+|gene=RIPPLY3
27	42	10900	10883	83.333	18	17.0	7.7	Exon_03|rel=9247-9314|len=68	NC_006088.5:108319456-108333090|strand=+|gene=RIPPLY3
42	50	116	108	100.000	9	16.2	7.7	Exon_03|rel=9247-9314|len=68	NC_006088.5:108319456-108333090|strand=+|gene=RIPPLY3
9	17	3699	3707	100.000	9	16.2	7.7	Exon_03|rel=9247-9314|len=68	NC_006088.5:108319456-108333090|strand=+|gene=RIPPLY3
17	25	4186	4194	100.000	9	16.2	7.7	Exon_03|rel=9247-9314|len=68	NC_006088.5:108319456-108333090|strand=+|gene=RIPPLY3
51	67	400	381	80.000	20	15.5	22	Exon_03|rel=9247-9314|len=68	NC_006088.5:108319456-108333090|strand=+|gene=RIPPLY3
20	39	397	419	75.000	24	15.5	22	Exon_03|rel=9247-9314|len=68	NC_006088.5:108319456-108333090|strand=+|gene=RIPPLY3
37	47	2569	2579	90.909	11	15.5	22	Exon_03|rel=9247-9314|len=68	NC_006088.5:108319456-108333090|strand=+|gene=RIPPLY3
36	46	2635	2645	90.909	11	15.5	22	Exon_03|rel=9247-9314|len=68	NC_006088.5:108319456-108333090|strand=+|gene=RIPPLY3
40	50	2716	2706	90.909	11	15.5	22	Exon_03|rel=9247-9314|len=68	NC_006088.5:108319456-108333090|strand=+|gene=RIPPLY3
42	52	3099	3089	90.909	11	15.5	22	Exon_03|rel=9247-9314|len=68	NC_006088.5:108319456-108333090|strand=+|gene=RIPPLY3
17	39	3629	3651	73.077	26	15.5	22	Exon_03|rel=9247-9314|len=68	NC_006088.5:108319456-108333090|strand=+|gene=RIPPLY3
27	40	6113	6125	85.714	14	15.5	22	Exon_03|rel=9247-9314|len=68	NC_006088.5:108319456-108333090|strand=+|gene=RIPPLY3
24	34	7161	7171	90.909	11	15.5	22	Exon_03|rel=9247-9314|len=68	NC_006088.5:108319456-108333090|strand=+|gene=RIPPLY3
50	60	8346	8336	90.909	11	15.5	22	Exon_03|rel=9247-9314|len=68	NC_006088.5:108319456-108333090|strand=+|gene=RIPPLY3
52	62	11215	11225	90.909	11	15.5	22	Exon_03|rel=9247-9314|len=68	NC_006088.5:108319456-108333090|strand=+|gene=RIPPLY3
38	53	12469	12456	81.250	16	15.5	22	Exon_03|rel=9247-9314|len=68	NC_006088.5:108319456-108333090|strand=+|gene=RIPPLY3
24	34	475	487	84.615	13	14.7	22	Exon_03|rel=9247-9314|len=68	NC_006088.5:108319456-108333090|strand=+|gene=RIPPLY3
21	30	1176	1186	90.909	11	14.7	22	Exon_03|rel=9247-9314|len=68	NC_006088.5:108319456-108333090|strand=+|gene=RIPPLY3
38	45	1903	1910	100.000	8	14.7	22	Exon_03|rel=9247-9314|len=68	NC_006088.5:108319456-108333090|strand=+|gene=RIPPLY3
29	39	2184	2175	90.909	11	14.7	22	Exon_03|rel=9247-9314|len=68	NC_006088.5:108319456-108333090|strand=+|gene=RIPPLY3
7	14	3112	3119	100.000	8	14.7	22	Exon_03|rel=9247-9314|len=68	NC_006088.5:108319456-108333090|strand=+|gene=RIPPLY3
33	40	4143	4150	100.000	8	14.7	22	Exon_03|rel=9247-9314|len=68	NC_006088.5:108319456-108333090|strand=+|gene=RIPPLY3
59	66	4368	4375	100.000	8	14.7	22	Exon_03|rel=9247-9314|len=68	NC_006088.5:108319456-108333090|strand=+|gene=RIPPLY3
25	42	5198	5181	77.778	18	14.7	22	Exon_03|rel=9247-9314|len=68	NC_006088.5:108319456-108333090|strand=+|gene=RIPPLY3
36	43	5797	5804	100.000	8	14.7	22	Exon_03|rel=9247-9314|len=68	NC_006088.5:108319456-108333090|strand=+|gene=RIPPLY3
17	24	6612	6619	100.000	8	14.7	22	Exon_03|rel=9247-9314|len=68	NC_006088.5:108319456-108333090|strand=+|gene=RIPPLY3
40	49	6715	6725	90.909	11	14.7	22	Exon_03|rel=9247-9314|len=68	NC_006088.5:108319456-108333090|strand=+|gene=RIPPLY3
55	62	7229	7222	100.000	8	14.7	22	Exon_03|rel=9247-9314|len=68	NC_006088.5:108319456-108333090|strand=+|gene=RIPPLY3
23	30	8664	8671	100.000	8	14.7	22	Exon_03|rel=9247-9314|len=68	NC_006088.5:108319456-108333090|strand=+|gene=RIPPLY3
24	31	9994	9987	100.000	8	14.7	22	Exon_03|rel=9247-9314|len=68	NC_006088.5:108319456-108333090|strand=+|gene=RIPPLY3
24	39	10260	10274	81.250	16	14.7	22	Exon_03|rel=9247-9314|len=68	NC_006088.5:108319456-108333090|strand=+|gene=RIPPLY3
16	23	10499	10492	100.000	8	14.7	22	Exon_03|rel=9247-9314|len=68	NC_006088.5:108319456-108333090|strand=+|gene=RIPPLY3
3	12	11470	11460	90.909	11	14.7	22	Exon_03|rel=9247-9314|len=68	NC_006088.5:108319456-108333090|strand=+|gene=RIPPLY3
8	15	11891	11898	100.000	8	14.7	22	Exon_03|rel=9247-9314|len=68	NC_006088.5:108319456-108333090|strand=+|gene=RIPPLY3
58	65	12125	12132	100.000	8	14.7	22	Exon_03|rel=9247-9314|len=68	NC_006088.5:108319456-108333090|strand=+|gene=RIPPLY3
56	63	12831	12838	100.000	8	14.7	22	Exon_03|rel=9247-9314|len=68	NC_006088.5:108319456-108333090|strand=+|gene=RIPPLY3
10	19	1075	1066	90.000	10	14.0	61	Exon_03|rel=9247-9314|len=68	NC_006088.5:108319456-108333090|strand=+|gene=RIPPLY3
50	59	1143	1134	90.000	10	14.0	61	Exon_03|rel=9247-9314|len=68	NC_006088.5:108319456-108333090|strand=+|gene=RIPPLY3
4	18	2662	2680	73.684	19	14.0	61	Exon_03|rel=9247-9314|len=68	NC_006088.5:108319456-108333090|strand=+|gene=RIPPLY3
3	17	4528	4514	80.000	15	14.0	61	Exon_03|rel=9247-9314|len=68	NC_006088.5:108319456-108333090|strand=+|gene=RIPPLY3
56	68	5451	5437	80.000	15	14.0	61	Exon_03|rel=9247-9314|len=68	NC_006088.5:108319456-108333090|strand=+|gene=RIPPLY3
33	42	6553	6562	90.000	10	14.0	61	Exon_03|rel=9247-9314|len=68	NC_006088.5:108319456-108333090|strand=+|gene=RIPPLY3
23	32	9710	9701	90.000	10	14.0	61	Exon_03|rel=9247-9314|len=68	NC_006088.5:108319456-108333090|strand=+|gene=RIPPLY3
24	38	9914	9928	80.000	15	14.0	61	Exon_03|rel=9247-9314|len=68	NC_006088.5:108319456-108333090|strand=+|gene=RIPPLY3
17	26	10835	10844	90.000	10	14.0	61	Exon_03|rel=9247-9314|len=68	NC_006088.5:108319456-108333090|strand=+|gene=RIPPLY3
22	31	11958	11967	90.000	10	14.0	61	Exon_03|rel=9247-9314|len=68	NC_006088.5:108319456-108333090|strand=+|gene=RIPPLY3
17	26	13599	13608	90.000	10	14.0	61	Exon_03|rel=9247-9314|len=68	NC_006088.5:108319456-108333090|strand=+|gene=RIPPLY3
26	32	587	593	100.000	7	13.2	61	Exon_03|rel=9247-9314|len=68	NC_006088.5:108319456-108333090|strand=+|gene=RIPPLY3
32	38	874	880	100.000	7	13.2	61	Exon_03|rel=9247-9314|len=68	NC_006088.5:108319456-108333090|strand=+|gene=RIPPLY3
21	27	1206	1200	100.000	7	13.2	61	Exon_03|rel=9247-9314|len=68	NC_006088.5:108319456-108333090|strand=+|gene=RIPPLY3
24	30	1263	1257	100.000	7	13.2	61	Exon_03|rel=9247-9314|len=68	NC_006088.5:108319456-108333090|strand=+|gene=RIPPLY3
62	68	1345	1339	100.000	7	13.2	61	Exon_03|rel=9247-9314|len=68	NC_006088.5:108319456-108333090|strand=+|gene=RIPPLY3
26	32	1516	1510	100.000	7	13.2	61	Exon_03|rel=9247-9314|len=68	NC_006088.5:108319456-108333090|strand=+|gene=RIPPLY3
26	32	1530	1524	100.000	7	13.2	61	Exon_03|rel=9247-9314|len=68	NC_006088.5:108319456-108333090|strand=+|gene=RIPPLY3
37	43	1555	1561	100.000	7	13.2	61	Exon_03|rel=9247-9314|len=68	NC_006088.5:108319456-108333090|strand=+|gene=RIPPLY3
36	42	1579	1585	100.000	7	13.2	61	Exon_03|rel=9247-9314|len=68	NC_006088.5:108319456-108333090|strand=+|gene=RIPPLY3
48	54	1728	1722	100.000	7	13.2	61	Exon_03|rel=9247-9314|len=68	NC_006088.5:108319456-108333090|strand=+|gene=RIPPLY3
23	29	1753	1759	100.000	7	13.2	61	Exon_03|rel=9247-9314|len=68	NC_006088.5:108319456-108333090|strand=+|gene=RIPPLY3
30	36	1888	1894	100.000	7	13.2	61	Exon_03|rel=9247-9314|len=68	NC_006088.5:108319456-108333090|strand=+|gene=RIPPLY3
16	22	2188	2194	100.000	7	13.2	61	Exon_03|rel=9247-9314|len=68	NC_006088.5:108319456-108333090|strand=+|gene=RIPPLY3
1	7	2620	2614	100.000	7	13.2	61	Exon_03|rel=9247-9314|len=68	NC_006088.5:108319456-108333090|strand=+|gene=RIPPLY3
52	58	2637	2631	100.000	7	13.2	61	Exon_03|rel=9247-9314|len=68	NC_006088.5:108319456-108333090|strand=+|gene=RIPPLY3
42	48	2684	2678	100.000	7	13.2	61	Exon_03|rel=9247-9314|len=68	NC_006088.5:108319456-108333090|strand=+|gene=RIPPLY3
58	64	2716	2722	100.000	7	13.2	61	Exon_03|rel=9247-9314|len=68	NC_006088.5:108319456-108333090|strand=+|gene=RIPPLY3
37	43	3049	3043	100.000	7	13.2	61	Exon_03|rel=9247-9314|len=68	NC_006088.5:108319456-108333090|strand=+|gene=RIPPLY3
42	48	3427	3421	100.000	7	13.2	61	Exon_03|rel=9247-9314|len=68	NC_006088.5:108319456-108333090|strand=+|gene=RIPPLY3
36	42	3619	3613	100.000	7	13.2	61	Exon_03|rel=9247-9314|len=68	NC_006088.5:108319456-108333090|strand=+|gene=RIPPLY3
33	39	3650	3656	100.000	7	13.2	61	Exon_03|rel=9247-9314|len=68	NC_006088.5:108319456-108333090|strand=+|gene=RIPPLY3
53	59	4097	4103	100.000	7	13.2	61	Exon_03|rel=9247-9314|len=68	NC_006088.5:108319456-108333090|strand=+|gene=RIPPLY3
21	27	4100	4106	100.000	7	13.2	61	Exon_03|rel=9247-9314|len=68	NC_006088.5:108319456-108333090|strand=+|gene=RIPPLY3
54	60	4409	4403	100.000	7	13.2	61	Exon_03|rel=9247-9314|len=68	NC_006088.5:108319456-108333090|strand=+|gene=RIPPLY3
62	68	4595	4601	100.000	7	13.2	61	Exon_03|rel=9247-9314|len=68	NC_006088.5:108319456-108333090|strand=+|gene=RIPPLY3
35	41	4721	4727	100.000	7	13.2	61	Exon_03|rel=9247-9314|len=68	NC_006088.5:108319456-108333090|strand=+|gene=RIPPLY3
25	31	5216	5210	100.000	7	13.2	61	Exon_03|rel=9247-9314|len=68	NC_006088.5:108319456-108333090|strand=+|gene=RIPPLY3
59	65	5253	5247	100.000	7	13.2	61	Exon_03|rel=9247-9314|len=68	NC_006088.5:108319456-108333090|strand=+|gene=RIPPLY3
12	18	5394	5388	100.000	7	13.2	61	Exon_03|rel=9247-9314|len=68	NC_006088.5:108319456-108333090|strand=+|gene=RIPPLY3
36	42	5462	5456	100.000	7	13.2	61	Exon_03|rel=9247-9314|len=68	NC_006088.5:108319456-108333090|strand=+|gene=RIPPLY3
37	43	5511	5517	100.000	7	13.2	61	Exon_03|rel=9247-9314|len=68	NC_006088.5:108319456-108333090|strand=+|gene=RIPPLY3
5	11	5726	5732	100.000	7	13.2	61	Exon_03|rel=9247-9314|len=68	NC_006088.5:108319456-108333090|strand=+|gene=RIPPLY3
11	17	5907	5913	100.000	7	13.2	61	Exon_03|rel=9247-9314|len=68	NC_006088.5:108319456-108333090|strand=+|gene=RIPPLY3
21	27	6068	6062	100.000	7	13.2	61	Exon_03|rel=9247-9314|len=68	NC_006088.5:108319456-108333090|strand=+|gene=RIPPLY3
36	42	6089	6083	100.000	7	13.2	61	Exon_03|rel=9247-9314|len=68	NC_006088.5:108319456-108333090|strand=+|gene=RIPPLY3
36	42	6381	6387	100.000	7	13.2	61	Exon_03|rel=9247-9314|len=68	NC_006088.5:108319456-108333090|strand=+|gene=RIPPLY3
58	64	6728	6722	100.000	7	13.2	61	Exon_03|rel=9247-9314|len=68	NC_006088.5:108319456-108333090|strand=+|gene=RIPPLY3
21	27	6763	6769	100.000	7	13.2	61	Exon_03|rel=9247-9314|len=68	NC_006088.5:108319456-108333090|strand=+|gene=RIPPLY3
36	42	6875	6869	100.000	7	13.2	61	Exon_03|rel=9247-9314|len=68	NC_006088.5:108319456-108333090|strand=+|gene=RIPPLY3
54	60	7253	7259	100.000	7	13.2	61	Exon_03|rel=9247-9314|len=68	NC_006088.5:108319456-108333090|strand=+|gene=RIPPLY3
23	29	7727	7721	100.000	7	13.2	61	Exon_03|rel=9247-9314|len=68	NC_006088.5:108319456-108333090|strand=+|gene=RIPPLY3
25	31	8029	8035	100.000	7	13.2	61	Exon_03|rel=9247-9314|len=68	NC_006088.5:108319456-108333090|strand=+|gene=RIPPLY3
37	43	8047	8053	100.000	7	13.2	61	Exon_03|rel=9247-9314|len=68	NC_006088.5:108319456-108333090|strand=+|gene=RIPPLY3
55	61	8181	8187	100.000	7	13.2	61	Exon_03|rel=9247-9314|len=68	NC_006088.5:108319456-108333090|strand=+|gene=RIPPLY3
32	38	8407	8401	100.000	7	13.2	61	Exon_03|rel=9247-9314|len=68	NC_006088.5:108319456-108333090|strand=+|gene=RIPPLY3
6	12	8599	8593	100.000	7	13.2	61	Exon_03|rel=9247-9314|len=68	NC_006088.5:108319456-108333090|strand=+|gene=RIPPLY3
16	22	8820	8826	100.000	7	13.2	61	Exon_03|rel=9247-9314|len=68	NC_006088.5:108319456-108333090|strand=+|gene=RIPPLY3
52	58	9052	9046	100.000	7	13.2	61	Exon_03|rel=9247-9314|len=68	NC_006088.5:108319456-108333090|strand=+|gene=RIPPLY3
25	31	9166	9172	100.000	7	13.2	61	Exon_03|rel=9247-9314|len=68	NC_006088.5:108319456-108333090|strand=+|gene=RIPPLY3
24	30	9989	9995	100.000	7	13.2	61	Exon_03|rel=9247-9314|len=68	NC_006088.5:108319456-108333090|strand=+|gene=RIPPLY3
5	11	10019	10025	100.000	7	13.2	61	Exon_03|rel=9247-9314|len=68	NC_006088.5:108319456-108333090|strand=+|gene=RIPPLY3
49	55	10167	10161	100.000	7	13.2	61	Exon_03|rel=9247-9314|len=68	NC_006088.5:108319456-108333090|strand=+|gene=RIPPLY3
33	39	10273	10279	100.000	7	13.2	61	Exon_03|rel=9247-9314|len=68	NC_006088.5:108319456-108333090|strand=+|gene=RIPPLY3
45	51	10434	10428	100.000	7	13.2	61	Exon_03|rel=9247-9314|len=68	NC_006088.5:108319456-108333090|strand=+|gene=RIPPLY3
33	39	10460	10466	100.000	7	13.2	61	Exon_03|rel=9247-9314|len=68	NC_006088.5:108319456-108333090|strand=+|gene=RIPPLY3
60	66	10600	10594	100.000	7	13.2	61	Exon_03|rel=9247-9314|len=68	NC_006088.5:108319456-108333090|strand=+|gene=RIPPLY3
36	42	10756	10762	100.000	7	13.2	61	Exon_03|rel=9247-9314|len=68	NC_006088.5:108319456-108333090|strand=+|gene=RIPPLY3
19	25	10841	10847	100.000	7	13.2	61	Exon_03|rel=9247-9314|len=68	NC_006088.5:108319456-108333090|strand=+|gene=RIPPLY3
51	57	10892	10898	100.000	7	13.2	61	Exon_03|rel=9247-9314|len=68	NC_006088.5:108319456-108333090|strand=+|gene=RIPPLY3
36	42	11495	11489	100.000	7	13.2	61	Exon_03|rel=9247-9314|len=68	NC_006088.5:108319456-108333090|strand=+|gene=RIPPLY3
33	39	11661	11655	100.000	7	13.2	61	Exon_03|rel=9247-9314|len=68	NC_006088.5:108319456-108333090|strand=+|gene=RIPPLY3
44	50	12235	12241	100.000	7	13.2	61	Exon_03|rel=9247-9314|len=68	NC_006088.5:108319456-108333090|strand=+|gene=RIPPLY3
60	66	12250	12256	100.000	7	13.2	61	Exon_03|rel=9247-9314|len=68	NC_006088.5:108319456-108333090|strand=+|gene=RIPPLY3
27	33	12268	12274	100.000	7	13.2	61	Exon_03|rel=9247-9314|len=68	NC_006088.5:108319456-108333090|strand=+|gene=RIPPLY3
61	67	12351	12345	100.000	7	13.2	61	Exon_03|rel=9247-9314|len=68	NC_006088.5:108319456-108333090|strand=+|gene=RIPPLY3
37	43	12397	12391	100.000	7	13.2	61	Exon_03|rel=9247-9314|len=68	NC_006088.5:108319456-108333090|strand=+|gene=RIPPLY3
43	49	12544	12538	100.000	7	13.2	61	Exon_03|rel=9247-9314|len=68	NC_006088.5:108319456-108333090|strand=+|gene=RIPPLY3
62	68	12561	12567	100.000	7	13.2	61	Exon_03|rel=9247-9314|len=68	NC_006088.5:108319456-108333090|strand=+|gene=RIPPLY3
22	28	12654	12648	100.000	7	13.2	61	Exon_03|rel=9247-9314|len=68	NC_006088.5:108319456-108333090|strand=+|gene=RIPPLY3
14	20	13065	13059	100.000	7	13.2	61	Exon_03|rel=9247-9314|len=68	NC_006088.5:108319456-108333090|strand=+|gene=RIPPLY3
30	36	13131	13125	100.000	7	13.2	61	Exon_03|rel=9247-9314|len=68	NC_006088.5:108319456-108333090|strand=+|gene=RIPPLY3
54	60	13380	13386	100.000	7	13.2	61	Exon_03|rel=9247-9314|len=68	NC_006088.5:108319456-108333090|strand=+|gene=RIPPLY3
17	23	13506	13500	100.000	7	13.2	61	Exon_03|rel=9247-9314|len=68	NC_006088.5:108319456-108333090|strand=+|gene=RIPPLY3
1	1084	10552	11635	100.000	1084	1613	0.0	Exon_04|rel=10552-11635|len=1084	NC_006088.5:108319456-108333090|strand=+|gene=RIPPLY3
1045	1068	6593	6570	87.500	24	27.4	0.14	Exon_04|rel=10552-11635|len=1084	NC_006088.5:108319456-108333090|strand=+|gene=RIPPLY3
1033	1068	10034	10077	75.000	44	27.4	0.14	Exon_04|rel=10552-11635|len=1084	NC_006088.5:108319456-108333090|strand=+|gene=RIPPLY3
1045	1068	1936	1914	87.500	24	26.6	0.14	Exon_04|rel=10552-11635|len=1084	NC_006088.5:108319456-108333090|strand=+|gene=RIPPLY3
1045	1068	1942	1920	87.500	24	26.6	0.14	Exon_04|rel=10552-11635|len=1084	NC_006088.5:108319456-108333090|strand=+|gene=RIPPLY3
1045	1068	1948	1926	87.500	24	26.6	0.14	Exon_04|rel=10552-11635|len=1084	NC_006088.5:108319456-108333090|strand=+|gene=RIPPLY3
1045	1068	1954	1932	87.500	24	26.6	0.14	Exon_04|rel=10552-11635|len=1084	NC_006088.5:108319456-108333090|strand=+|gene=RIPPLY3
1045	1068	1960	1938	87.500	24	26.6	0.14	Exon_04|rel=10552-11635|len=1084	NC_006088.5:108319456-108333090|strand=+|gene=RIPPLY3
1045	1068	1966	1944	87.500	24	26.6	0.14	Exon_04|rel=10552-11635|len=1084	NC_006088.5:108319456-108333090|strand=+|gene=RIPPLY3
1045	1068	1972	1950	87.500	24	26.6	0.14	Exon_04|rel=10552-11635|len=1084	NC_006088.5:108319456-108333090|strand=+|gene=RIPPLY3
1045	1068	1978	1956	87.500	24	26.6	0.14	Exon_04|rel=10552-11635|len=1084	NC_006088.5:108319456-108333090|strand=+|gene=RIPPLY3
1045	1068	1984	1962	87.500	24	26.6	0.14	Exon_04|rel=10552-11635|len=1084	NC_006088.5:108319456-108333090|strand=+|gene=RIPPLY3
1045	1068	1990	1968	87.500	24	26.6	0.14	Exon_04|rel=10552-11635|len=1084	NC_006088.5:108319456-108333090|strand=+|gene=RIPPLY3
1045	1068	1996	1974	87.500	24	26.6	0.14	Exon_04|rel=10552-11635|len=1084	NC_006088.5:108319456-108333090|strand=+|gene=RIPPLY3
1045	1068	2002	1980	87.500	24	26.6	0.14	Exon_04|rel=10552-11635|len=1084	NC_006088.5:108319456-108333090|strand=+|gene=RIPPLY3
1045	1068	2008	1986	87.500	24	26.6	0.14	Exon_04|rel=10552-11635|len=1084	NC_006088.5:108319456-108333090|strand=+|gene=RIPPLY3
1045	1068	2014	1992	87.500	24	26.6	0.14	Exon_04|rel=10552-11635|len=1084	NC_006088.5:108319456-108333090|strand=+|gene=RIPPLY3
1045	1068	2020	1998	87.500	24	26.6	0.14	Exon_04|rel=10552-11635|len=1084	NC_006088.5:108319456-108333090|strand=+|gene=RIPPLY3
1045	1068	2026	2004	87.500	24	26.6	0.14	Exon_04|rel=10552-11635|len=1084	NC_006088.5:108319456-108333090|strand=+|gene=RIPPLY3
1045	1068	2032	2010	87.500	24	26.6	0.14	Exon_04|rel=10552-11635|len=1084	NC_006088.5:108319456-108333090|strand=+|gene=RIPPLY3
1045	1068	2038	2016	87.500	24	26.6	0.14	Exon_04|rel=10552-11635|len=1084	NC_006088.5:108319456-108333090|strand=+|gene=RIPPLY3
1045	1068	2044	2022	87.500	24	26.6	0.14	Exon_04|rel=10552-11635|len=1084	NC_006088.5:108319456-108333090|strand=+|gene=RIPPLY3
1043	1068	6594	6569	84.615	26	26.6	0.14	Exon_04|rel=10552-11635|len=1084	NC_006088.5:108319456-108333090|strand=+|gene=RIPPLY3
4	29	9615	9639	82.143	28	26.6	0.14	Exon_04|rel=10552-11635|len=1084	NC_006088.5:108319456-108333090|strand=+|gene=RIPPLY3
989	1036	13364	13406	74.000	50	26.6	0.14	Exon_04|rel=10552-11635|len=1084	NC_006088.5:108319456-108333090|strand=+|gene=RIPPLY3
1046	1068	6587	6565	86.957	23	25.9	0.39	Exon_04|rel=10552-11635|len=1084	NC_006088.5:108319456-108333090|strand=+|gene=RIPPLY3
1046	1068	6588	6566	86.957	23	25.9	0.39	Exon_04|rel=10552-11635|len=1084	NC_006088.5:108319456-108333090|strand=+|gene=RIPPLY3
1046	1068	6589	6567	86.957	23	25.9	0.39	Exon_04|rel=10552-11635|len=1084	NC_006088.5:108319456-108333090|strand=+|gene=RIPPLY3
1046	1068	6590	6568	86.957	23	25.9	0.39	Exon_04|rel=10552-11635|len=1084	NC_006088.5:108319456-108333090|strand=+|gene=RIPPLY3
1046	1068	10056	10078	86.957	23	25.9	0.39	Exon_04|rel=10552-11635|len=1084	NC_006088.5:108319456-108333090|strand=+|gene=RIPPLY3
1046	1068	10057	10079	86.957	23	25.9	0.39	Exon_04|rel=10552-11635|len=1084	NC_006088.5:108319456-108333090|strand=+|gene=RIPPLY3
1046	1068	10058	10080	86.957	23	25.9	0.39	Exon_04|rel=10552-11635|len=1084	NC_006088.5:108319456-108333090|strand=+|gene=RIPPLY3
1046	1068	10059	10081	86.957	23	25.9	0.39	Exon_04|rel=10552-11635|len=1084	NC_006088.5:108319456-108333090|strand=+|gene=RIPPLY3
1046	1068	10060	10082	86.957	23	25.9	0.39	Exon_04|rel=10552-11635|len=1084	NC_006088.5:108319456-108333090|strand=+|gene=RIPPLY3
1046	1068	10061	10083	86.957	23	25.9	0.39	Exon_04|rel=10552-11635|len=1084	NC_006088.5:108319456-108333090|strand=+|gene=RIPPLY3
1033	1069	2073	2038	76.923	39	25.1	0.39	Exon_04|rel=10552-11635|len=1084	NC_006088.5:108319456-108333090|strand=+|gene=RIPPLY3
458	508	11732	11775	73.077	52	24.4	1.1	Exon_04|rel=10552-11635|len=1084	NC_006088.5:108319456-108333090|strand=+|gene=RIPPLY3
429	474	631	676	72.000	50	23.6	1.1	Exon_04|rel=10552-11635|len=1084	NC_006088.5:108319456-108333090|strand=+|gene=RIPPLY3
1046	1068	2052	2028	84.000	25	23.6	1.1	Exon_04|rel=10552-11635|len=1084	NC_006088.5:108319456-108333090|strand=+|gene=RIPPLY3
692	716	4511	4533	84.000	25	23.6	1.1	Exon_04|rel=10552-11635|len=1084	NC_006088.5:108319456-108333090|strand=+|gene=RIPPLY3
575	626	4893	4834	70.492	61	23.6	1.1	Exon_04|rel=10552-11635|len=1084	NC_006088.5:108319456-108333090|strand=+|gene=RIPPLY3
591	641	8677	8728	71.698	53	23.6	1.1	Exon_04|rel=10552-11635|len=1084	NC_006088.5:108319456-108333090|strand=+|gene=RIPPLY3
175	190	12624	12640	94.118	17	23.6	1.1	Exon_04|rel=10552-11635|len=1084	NC_006088.5:108319456-108333090|strand=+|gene=RIPPLY3
1045	1063	1930	1913	89.474	19	22.9	3.1	Exon_04|rel=10552-11635|len=1084	NC_006088.5:108319456-108333090|strand=+|gene=RIPPLY3
593	608	2249	2264	93.750	16	22.9	3.1	Exon_04|rel=10552-11635|len=1084	NC_006088.5:108319456-108333090|strand=+|gene=RIPPLY3
403	426	4936	4958	84.000	25	22.9	3.1	Exon_04|rel=10552-11635|len=1084	NC_006088.5:108319456-108333090|strand=+|gene=RIPPLY3
175	190	7953	7968	93.750	16	22.9	3.1	Exon_04|rel=10552-11635|len=1084	NC_006088.5:108319456-108333090|strand=+|gene=RIPPLY3
201	281	7959	8027	67.073	82	22.9	3.1	Exon_04|rel=10552-11635|len=1084	NC_006088.5:108319456-108333090|strand=+|gene=RIPPLY3
322	337	8264	8279	93.750	16	22.9	3.1	Exon_04|rel=10552-11635|len=1084	NC_006088.5:108319456-108333090|strand=+|gene=RIPPLY3
1043	1072	317	348	75.758	33	22.2	3.1	Exon_04|rel=10552-11635|len=1084	NC_006088.5:108319456-108333090|strand=+|gene=RIPPLY3
1046	1063	605	622	88.889	18	22.2	3.1	Exon_04|rel=10552-11635|len=1084	NC_006088.5:108319456-108333090|strand=+|gene=RIPPLY3
1048	1068	2053	2034	85.714	21	22.2	3.1	Exon_04|rel=10552-11635|len=1084	NC_006088.5:108319456-108333090|strand=+|gene=RIPPLY3
325	337	2814	2802	100.000	13	22.2	3.1	Exon_04|rel=10552-11635|len=1084	NC_006088.5:108319456-108333090|strand=+|gene=RIPPLY3
448	467	3286	3306	85.714	21	22.2	3.1	Exon_04|rel=10552-11635|len=1084	NC_006088.5:108319456-108333090|strand=+|gene=RIPPLY3
278	301	3909	3888	83.333	24	22.2	3.1	Exon_04|rel=10552-11635|len=1084	NC_006088.5:108319456-108333090|strand=+|gene=RIPPLY3
767	787	10022	10041	85.714	21	22.2	3.1	Exon_04|rel=10552-11635|len=1084	NC_006088.5:108319456-108333090|strand=+|gene=RIPPLY3
991	1008	10690	10710	85.714	21	22.2	3.1	Exon_04|rel=10552-11635|len=1084	NC_006088.5:108319456-108333090|strand=+|gene=RIPPLY3
139	159	11542	11559	85.714	21	22.2	3.1	Exon_04|rel=10552-11635|len=1084	NC_006088.5:108319456-108333090|strand=+|gene=RIPPLY3
499	513	184	170	93.333	15	21.4	8.6	Exon_04|rel=10552-11635|len=1084	NC_006088.5:108319456-108333090|strand=+|gene=RIPPLY3
192	216	1566	1590	80.769	26	21.4	8.6	Exon_04|rel=10552-11635|len=1084	NC_006088.5:108319456-108333090|strand=+|gene=RIPPLY3
449	475	2300	2275	78.571	28	21.4	8.6	Exon_04|rel=10552-11635|len=1084	NC_006088.5:108319456-108333090|strand=+|gene=RIPPLY3
183	206	4061	4082	80.000	25	21.4	8.6	Exon_04|rel=10552-11635|len=1084	NC_006088.5:108319456-108333090|strand=+|gene=RIPPLY3
925	951	4516	4541	78.571	28	21.4	8.6	Exon_04|rel=10552-11635|len=1084	NC_006088.5:108319456-108333090|strand=+|gene=RIPPLY3
662	681	6752	6733	85.000	20	21.4	8.6	Exon_04|rel=10552-11635|len=1084	NC_006088.5:108319456-108333090|strand=+|gene=RIPPLY3
175	196	9223	9201	83.333	24	21.4	8.6	Exon_04|rel=10552-11635|len=1084	NC_006088.5:108319456-108333090|strand=+|gene=RIPPLY3
1050	1064	667	654	93.333	15	20.7	8.6	Exon_04|rel=10552-11635|len=1084	NC_006088.5:108319456-108333090|strand=+|gene=RIPPLY3
278	299	3544	3525	82.609	23	20.7	8.6	Exon_04|rel=10552-11635|len=1084	NC_006088.5:108319456-108333090|strand=+|gene=RIPPLY3
108	123	4546	4528	84.211	19	20.7	8.6	Exon_04|rel=10552-11635|len=1084	NC_006088.5:108319456-108333090|strand=+|gene=RIPPLY3
690	714	5075	5098	80.000	25	20.7	8.6	Exon_04|rel=10552-11635|len=1084	NC_006088.5:108319456-108333090|strand=+|gene=RIPPLY3
991	1008	5197	5215	85.000	20	20.7	8.6	Exon_04|rel=10552-11635|len=1084	NC_006088.5:108319456-108333090|strand=+|gene=RIPPLY3
937	951	5455	5468	93.333	15	20.7	8.6	Exon_04|rel=10552-11635|len=1084	NC_006088.5:108319456-108333090|strand=+|gene=RIPPLY3
1043	1067	6086	6063	80.000	25	20.7	8.6	Exon_04|rel=10552-11635|len=1084	NC_006088.5:108319456-108333090|strand=+|gene=RIPPLY3
1026	1037	6674	6663	100.000	12	20.7	8.6	Exon_04|rel=10552-11635|len=1084	NC_006088.5:108319456-108333090|strand=+|gene=RIPPLY3
114	125	7820	7809	100.000	12	20.7	8.6	Exon_04|rel=10552-11635|len=1084	NC_006088.5:108319456-108333090|strand=+|gene=RIPPLY3
876	897	10472	10496	80.000	25	20.7	8.6	Exon_04|rel=10552-11635|len=1084	NC_006088.5:108319456-108333090|strand=+|gene=RIPPLY3
1057	1073	13045	13029	88.235	17	20.7	8.6	Exon_04|rel=10552-11635|len=1084	NC_006088.5:108319456-108333090|strand=+|gene=RIPPLY3
1054	1067	602	615	92.857	14	19.9	24	Exon_04|rel=10552-11635|len=1084	NC_006088.5:108319456-108333090|strand=+|gene=RIPPLY3
1042	1057	1200	1184	88.235	17	19.9	24	Exon_04|rel=10552-11635|len=1084	NC_006088.5:108319456-108333090|strand=+|gene=RIPPLY3
698	727	1370	1343	77.419	31	19.9	24	Exon_04|rel=10552-11635|len=1084	NC_006088.5:108319456-108333090|strand=+|gene=RIPPLY3
331	344	5144	5157	92.857	14	19.9	24	Exon_04|rel=10552-11635|len=1084	NC_006088.5:108319456-108333090|strand=+|gene=RIPPLY3
516	529	6053	6040	92.857	14	19.9	24	Exon_04|rel=10552-11635|len=1084	NC_006088.5:108319456-108333090|strand=+|gene=RIPPLY3
341	354	6511	6498	92.857	14	19.9	24	Exon_04|rel=10552-11635|len=1084	NC_006088.5:108319456-108333090|strand=+|gene=RIPPLY3
184	217	7059	7023	73.684	38	19.9	24	Exon_04|rel=10552-11635|len=1084	NC_006088.5:108319456-108333090|strand=+|gene=RIPPLY3
762	783	7844	7824	81.818	22	19.9	24	Exon_04|rel=10552-11635|len=1084	NC_006088.5:108319456-108333090|strand=+|gene=RIPPLY3
975	988	8409	8422	92.857	14	19.9	24	Exon_04|rel=10552-11635|len=1084	NC_006088.5:108319456-108333090|strand=+|gene=RIPPLY3
567	605	8439	8483	71.111	45	19.9	24	Exon_04|rel=10552-11635|len=1084	NC_006088.5:108319456-108333090|strand=+|gene=RIPPLY3
129	142	9061	9048	92.857	14	19.9	24	Exon_04|rel=10552-11635|len=1084	NC_006088.5:108319456-108333090|strand=+|gene=RIPPLY3
1051	1064	9121	9134	92.857	14	19.9	24	Exon_04|rel=10552-11635|len=1084	NC_006088.5:108319456-108333090|strand=+|gene=RIPPLY3
1057	1084	10124	10151	76.667	30	19.9	24	Exon_04|rel=10552-11635|len=1084	NC_006088.5:108319456-108333090|strand=+|gene=RIPPLY3
1041	1068	11681	11652	76.667	30	19.9	24	Exon_04|rel=10552-11635|len=1084	NC_006088.5:108319456-108333090|strand=+|gene=RIPPLY3
246	275	12529	12502	76.667	30	19.9	24	Exon_04|rel=10552-11635|len=1084	NC_006088.5:108319456-108333090|strand=+|gene=RIPPLY3
676	686	148	158	100.000	11	19.2	24	Exon_04|rel=10552-11635|len=1084	NC_006088.5:108319456-108333090|strand=+|gene=RIPPLY3
239	262	953	973	79.167	24	19.2	24	Exon_04|rel=10552-11635|len=1084	NC_006088.5:108319456-108333090|strand=+|gene=RIPPLY3
834	847	2114	2099	87.500	16	19.2	24	Exon_04|rel=10552-11635|len=1084	NC_006088.5:108319456-108333090|strand=+|gene=RIPPLY3
273	283	5358	5348	100.000	11	19.2	24	Exon_04|rel=10552-11635|len=1084	NC_006088.5:108319456-108333090|strand=+|gene=RIPPLY3
477	487	5765	5775	100.000	11	19.2	24	Exon_04|rel=10552-11635|len=1084	NC_006088.5:108319456-108333090|strand=+|gene=RIPPLY3
341	361	6027	6047	80.952	21	19.2	24	Exon_04|rel=10552-11635|len=1084	NC_006088.5:108319456-108333090|strand=+|gene=RIPPLY3
951	964	6078	6066	92.857	14	19.2	24	Exon_04|rel=10552-11635|len=1084	NC_006088.5:108319456-108333090|strand=+|gene=RIPPLY3
176	215	6349	6391	70.455	44	19.2	24	Exon_04|rel=10552-11635|len=1084	NC_006088.5:108319456-108333090|strand=+|gene=RIPPLY3
709	721	6456	6443	92.857	14	19.2	24	Exon_04|rel=10552-11635|len=1084	NC_006088.5:108319456-108333090|strand=+|gene=RIPPLY3
335	352	6584	6602	84.211	19	19.2	24	Exon_04|rel=10552-11635|len=1084	NC_006088.5:108319456-108333090|strand=+|gene=RIPPLY3
711	724	6624	6609	87.500	16	19.2	24	Exon_04|rel=10552-11635|len=1084	NC_006088.5:108319456-108333090|strand=+|gene=RIPPLY3
792	807	7967	7982	87.500	16	19.2	24	Exon_04|rel=10552-11635|len=1084	NC_006088.5:108319456-108333090|strand=+|gene=RIPPLY3
962	982	10035	10015	80.952	21	19.2	24	Exon_04|rel=10552-11635|len=1084	NC_006088.5:108319456-108333090|strand=+|gene=RIPPLY3
839	849	10543	10533	100.000	11	19.2	24	Exon_04|rel=10552-11635|len=1084	NC_006088.5:108319456-108333090|strand=+|gene=RIPPLY3
1046	1068	11674	11651	79.167	24	19.2	24	Exon_04|rel=10552-11635|len=1084	NC_006088.5:108319456-108333090|strand=+|gene=RIPPLY3
86	96	13469	13459	100.000	11	19.2	24	Exon_04|rel=10552-11635|len=1084	NC_006088.5:108319456-108333090|strand=+|gene=RIPPLY3
137	159	453	431	78.261	23	18.4	67	Exon_04|rel=10552-11635|len=1084	NC_006088.5:108319456-108333090|strand=+|gene=RIPPLY3
522	534	608	620	92.308	13	18.4	67	Exon_04|rel=10552-11635|len=1084	NC_006088.5:108319456-108333090|strand=+|gene=RIPPLY3
722	734	1604	1616	92.308	13	18.4	67	Exon_04|rel=10552-11635|len=1084	NC_006088.5:108319456-108333090|strand=+|gene=RIPPLY3
846	875	6477	6447	75.758	33	18.4	67	Exon_04|rel=10552-11635|len=1084	NC_006088.5:108319456-108333090|strand=+|gene=RIPPLY3
582	602	6651	6632	80.952	21	18.4	67	Exon_04|rel=10552-11635|len=1084	NC_006088.5:108319456-108333090|strand=+|gene=RIPPLY3
582	594	7723	7735	92.308	13	18.4	67	Exon_04|rel=10552-11635|len=1084	NC_006088.5:108319456-108333090|strand=+|gene=RIPPLY3
235	247	8121	8109	92.308	13	18.4	67	Exon_04|rel=10552-11635|len=1084	NC_006088.5:108319456-108333090|strand=+|gene=RIPPLY3
82	99	9197	9180	83.333	18	18.4	67	Exon_04|rel=10552-11635|len=1084	NC_006088.5:108319456-108333090|strand=+|gene=RIPPLY3
594	606	9564	9576	92.308	13	18.4	67	Exon_04|rel=10552-11635|len=1084	NC_006088.5:108319456-108333090|strand=+|gene=RIPPLY3
688	700	10411	10423	92.308	13	18.4	67	Exon_04|rel=10552-11635|len=1084	NC_006088.5:108319456-108333090|strand=+|gene=RIPPLY3
393	405	10740	10728	92.308	13	18.4	67	Exon_04|rel=10552-11635|len=1084	NC_006088.5:108319456-108333090|strand=+|gene=RIPPLY3
177	189	10956	10944	92.308	13	18.4	67	Exon_04|rel=10552-11635|len=1084	NC_006088.5:108319456-108333090|strand=+|gene=RIPPLY3
116	128	12916	12904	92.308	13	18.4	67	Exon_04|rel=10552-11635|len=1084	NC_006088.5:108319456-108333090|strand=+|gene=RIPPLY3
715	727	12928	12940	92.308	13	18.4	67	Exon_04|rel=10552-11635|len=1084	NC_006088.5:108319456-108333090|strand=+|gene=RIPPLY3
1043	1055	13592	13604	92.308	13	18.4	67	Exon_04|rel=10552-11635|len=1084	NC_006088.5:108319456-108333090|strand=+|gene=RIPPLY3
868	882	511	497	86.667	15	17.7	67	Exon_04|rel=10552-11635|len=1084	NC_006088.5:108319456-108333090|strand=+|gene=RIPPLY3
296	310	1244	1258	86.667	15	17.7	67	Exon_04|rel=10552-11635|len=1084	NC_006088.5:108319456-108333090|strand=+|gene=RIPPLY3
468	487	1272	1253	80.000	20	17.7	67	Exon_04|rel=10552-11635|len=1084	NC_006088.5:108319456-108333090|strand=+|gene=RIPPLY3
575	584	1483	1474	100.000	10	17.7	67	Exon_04|rel=10552-11635|len=1084	NC_006088.5:108319456-108333090|strand=+|gene=RIPPLY3
373	382	1506	1515	100.000	10	17.7	67	Exon_04|rel=10552-11635|len=1084	NC_006088.5:108319456-108333090|strand=+|gene=RIPPLY3
672	681	1776	1767	100.000	10	17.7	67	Exon_04|rel=10552-11635|len=1084	NC_006088.5:108319456-108333090|strand=+|gene=RIPPLY3
338	352	2534	2548	86.667	15	17.7	67	Exon_04|rel=10552-11635|len=1084	NC_006088.5:108319456-108333090|strand=+|gene=RIPPLY3
92	101	3300	3309	100.000	10	17.7	67	Exon_04|rel=10552-11635|len=1084	NC_006088.5:108319456-108333090|strand=+|gene=RIPPLY3
960	969	3849	3858	100.000	10	17.7	67	Exon_04|rel=10552-11635|len=1084	NC_006088.5:108319456-108333090|strand=+|gene=RIPPLY3
1051	1065	4214	4228	86.667	15	17.7	67	Exon_04|rel=10552-11635|len=1084	NC_006088.5:108319456-108333090|strand=+|gene=RIPPLY3
456	465	5717	5726	100.000	10	17.7	67	Exon_04|rel=10552-11635|len=1084	NC_006088.5:108319456-108333090|strand=+|gene=RIPPLY3
278	292	5881	5867	86.667	15	17.7	67	Exon_04|rel=10552-11635|len=1084	NC_006088.5:108319456-108333090|strand=+|gene=RIPPLY3
496	505	6017	6026	100.000	10	17.7	67	Exon_04|rel=10552-11635|len=1084	NC_006088.5:108319456-108333090|strand=+|gene=RIPPLY3
923	932	6217	6208	100.000	10	17.7	67	Exon_04|rel=10552-11635|len=1084	NC_006088.5:108319456-108333090|strand=+|gene=RIPPLY3
974	983	6326	6335	100.000	10	17.7	67	Exon_04|rel=10552-11635|len=1084	NC_006088.5:108319456-108333090|strand=+|gene=RIPPLY3
636	645	9041	9032	100.000	10	17.7	67	Exon_04|rel=10552-11635|len=1084	NC_006088.5:108319456-108333090|strand=+|gene=RIPPLY3
662	671	9054	9045	100.000	10	17.7	67	Exon_04|rel=10552-11635|len=1084	NC_006088.5:108319456-108333090|strand=+|gene=RIPPLY3
156	165	9843	9852	100.000	10	17.7	67	Exon_04|rel=10552-11635|len=1084	NC_006088.5:108319456-108333090|strand=+|gene=RIPPLY3
243	252	9922	9931	100.000	10	17.7	67	Exon_04|rel=10552-11635|len=1084	NC_006088.5:108319456-108333090|strand=+|gene=RIPPLY3
860	869	10293	10284	100.000	10	17.7	67	Exon_04|rel=10552-11635|len=1084	NC_006088.5:108319456-108333090|strand=+|gene=RIPPLY3
718	732	10542	10556	86.667	15	17.7	67	Exon_04|rel=10552-11635|len=1084	NC_006088.5:108319456-108333090|strand=+|gene=RIPPLY3
563	582	10796	10777	80.000	20	17.7	67	Exon_04|rel=10552-11635|len=1084	NC_006088.5:108319456-108333090|strand=+|gene=RIPPLY3
226	245	11133	11114	80.000	20	17.7	67	Exon_04|rel=10552-11635|len=1084	NC_006088.5:108319456-108333090|strand=+|gene=RIPPLY3
829	838	11194	11185	100.000	10	17.7	67	Exon_04|rel=10552-11635|len=1084	NC_006088.5:108319456-108333090|strand=+|gene=RIPPLY3
634	643	11389	11380	100.000	10	17.7	67	Exon_04|rel=10552-11635|len=1084	NC_006088.5:108319456-108333090|strand=+|gene=RIPPLY3
992	1001	12008	11999	100.000	10	17.7	67	Exon_04|rel=10552-11635|len=1084	NC_006088.5:108319456-108333090|strand=+|gene=RIPPLY3
762	771	12947	12956	100.000	10	17.7	67	Exon_04|rel=10552-11635|len=1084	NC_006088.5:108319456-108333090|strand=+|gene=RIPPLY3
