1	198	2001	2198	100.000	198	297	9.20e-84	Exon_01|rel=2001-2198|len=198	NC_006088.5:172587582-172602052|strand=+|gene=STOML3
91	124	8099	8068	77.143	35	23.6	0.19	Exon_01|rel=2001-2198|len=198	NC_006088.5:172587582-172602052|strand=+|gene=STOML3
132	157	1107	1130	78.571	28	22.2	0.52	Exon_01|rel=2001-2198|len=198	NC_006088.5:172587582-172602052|strand=+|gene=STOML3
74	90	12189	12171	89.474	19	22.2	0.52	Exon_01|rel=2001-2198|len=198	NC_006088.5:172587582-172602052|strand=+|gene=STOML3
138	160	14160	14138	82.609	23	22.2	0.52	Exon_01|rel=2001-2198|len=198	NC_006088.5:172587582-172602052|strand=+|gene=STOML3
130	151	1442	1464	82.609	23	21.4	1.5	Exon_01|rel=2001-2198|len=198	NC_006088.5:172587582-172602052|strand=+|gene=STOML3
35	49	1633	1647	93.333	15	21.4	1.5	Exon_01|rel=2001-2198|len=198	NC_006088.5:172587582-172602052|strand=+|gene=STOML3
45	65	7966	7945	82.609	23	21.4	1.5	Exon_01|rel=2001-2198|len=198	NC_006088.5:172587582-172602052|strand=+|gene=STOML3
168	188	1220	1241	82.609	23	19.9	4.1	Exon_01|rel=2001-2198|len=198	NC_006088.5:172587582-172602052|strand=+|gene=STOML3
135	173	1550	1509	71.429	42	19.9	4.1	Exon_01|rel=2001-2198|len=198	NC_006088.5:172587582-172602052|strand=+|gene=STOML3
172	188	8929	8914	88.235	17	19.9	4.1	Exon_01|rel=2001-2198|len=198	NC_006088.5:172587582-172602052|strand=+|gene=STOML3
26	46	11972	11955	80.952	21	19.9	4.1	Exon_01|rel=2001-2198|len=198	NC_006088.5:172587582-172602052|strand=+|gene=STOML3
23	36	12520	12507	92.857	14	19.9	4.1	Exon_01|rel=2001-2198|len=198	NC_006088.5:172587582-172602052|strand=+|gene=STOML3
171	189	12687	12705	85.000	20	19.9	4.1	Exon_01|rel=2001-2198|len=198	NC_006088.5:172587582-172602052|strand=+|gene=STOML3
86	113	304	332	75.862	29	19.2	4.1	Exon_01|rel=2001-2198|len=198	NC_006088.5:172587582-172602052|strand=+|gene=STOML3
25	35	8326	8316	100.000	11	19.2	4.1	Exon_01|rel=2001-2198|len=198	NC_006088.5:172587582-172602052|strand=+|gene=STOML3
171	197	9219	9192	75.862	29	19.2	4.1	Exon_01|rel=2001-2198|len=198	NC_006088.5:172587582-172602052|strand=+|gene=STOML3
183	193	11033	11043	100.000	11	19.2	4.1	Exon_01|rel=2001-2198|len=198	NC_006088.5:172587582-172602052|strand=+|gene=STOML3
115	128	12517	12505	92.857	14	19.2	4.1	Exon_01|rel=2001-2198|len=198	NC_006088.5:172587582-172602052|strand=+|gene=STOML3
170	186	12755	12769	88.235	17	19.2	4.1	Exon_01|rel=2001-2198|len=198	NC_006088.5:172587582-172602052|strand=+|gene=STOML3
115	156	1053	1088	69.767	43	18.4	11	Exon_01|rel=2001-2198|len=198	NC_006088.5:172587582-172602052|strand=+|gene=STOML3
163	180	11692	11675	84.211	19	18.4	11	Exon_01|rel=2001-2198|len=198	NC_006088.5:172587582-172602052|strand=+|gene=STOML3
84	109	2589	2610	76.923	26	17.7	11	Exon_01|rel=2001-2198|len=198	NC_006088.5:172587582-172602052|strand=+|gene=STOML3
183	192	3401	3410	100.000	10	17.7	11	Exon_01|rel=2001-2198|len=198	NC_006088.5:172587582-172602052|strand=+|gene=STOML3
61	73	6462	6451	92.308	13	17.7	11	Exon_01|rel=2001-2198|len=198	NC_006088.5:172587582-172602052|strand=+|gene=STOML3
152	170	8209	8229	80.952	21	17.7	11	Exon_01|rel=2001-2198|len=198	NC_006088.5:172587582-172602052|strand=+|gene=STOML3
116	128	9678	9667	92.308	13	17.7	11	Exon_01|rel=2001-2198|len=198	NC_006088.5:172587582-172602052|strand=+|gene=STOML3
171	183	14122	14136	86.667	15	17.7	11	Exon_01|rel=2001-2198|len=198	NC_006088.5:172587582-172602052|strand=+|gene=STOML3
127	138	833	822	91.667	12	17.0	32	Exon_01|rel=2001-2198|len=198	NC_006088.5:172587582-172602052|strand=+|gene=STOML3
137	148	1181	1192	91.667	12	17.0	32	Exon_01|rel=2001-2198|len=198	NC_006088.5:172587582-172602052|strand=+|gene=STOML3
170	189	4107	4089	80.952	21	17.0	32	Exon_01|rel=2001-2198|len=198	NC_006088.5:172587582-172602052|strand=+|gene=STOML3
171	190	5360	5342	80.000	20	17.0	32	Exon_01|rel=2001-2198|len=198	NC_006088.5:172587582-172602052|strand=+|gene=STOML3
83	97	7851	7864	86.667	15	17.0	32	Exon_01|rel=2001-2198|len=198	NC_006088.5:172587582-172602052|strand=+|gene=STOML3
44	60	10203	10187	82.353	17	17.0	32	Exon_01|rel=2001-2198|len=198	NC_006088.5:172587582-172602052|strand=+|gene=STOML3
54	65	11543	11554	91.667	12	17.0	32	Exon_01|rel=2001-2198|len=198	NC_006088.5:172587582-172602052|strand=+|gene=STOML3
36	50	13391	13407	82.353	17	17.0	32	Exon_01|rel=2001-2198|len=198	NC_006088.5:172587582-172602052|strand=+|gene=STOML3
125	133	283	291	100.000	9	16.2	32	Exon_01|rel=2001-2198|len=198	NC_006088.5:172587582-172602052|strand=+|gene=STOML3
59	67	936	928	100.000	9	16.2	32	Exon_01|rel=2001-2198|len=198	NC_006088.5:172587582-172602052|strand=+|gene=STOML3
98	116	2966	2984	80.000	20	16.2	32	Exon_01|rel=2001-2198|len=198	NC_006088.5:172587582-172602052|strand=+|gene=STOML3
2	10	3052	3044	100.000	9	16.2	32	Exon_01|rel=2001-2198|len=198	NC_006088.5:172587582-172602052|strand=+|gene=STOML3
127	142	3346	3330	82.353	17	16.2	32	Exon_01|rel=2001-2198|len=198	NC_006088.5:172587582-172602052|strand=+|gene=STOML3
71	94	3766	3789	76.000	25	16.2	32	Exon_01|rel=2001-2198|len=198	NC_006088.5:172587582-172602052|strand=+|gene=STOML3
171	190	4115	4098	80.000	20	16.2	32	Exon_01|rel=2001-2198|len=198	NC_006088.5:172587582-172602052|strand=+|gene=STOML3
155	165	4256	4267	91.667	12	16.2	32	Exon_01|rel=2001-2198|len=198	NC_006088.5:172587582-172602052|strand=+|gene=STOML3
111	122	4454	4444	91.667	12	16.2	32	Exon_01|rel=2001-2198|len=198	NC_006088.5:172587582-172602052|strand=+|gene=STOML3
115	123	4490	4498	100.000	9	16.2	32	Exon_01|rel=2001-2198|len=198	NC_006088.5:172587582-172602052|strand=+|gene=STOML3
60	71	4631	4641	91.667	12	16.2	32	Exon_01|rel=2001-2198|len=198	NC_006088.5:172587582-172602052|strand=+|gene=STOML3
35	43	5015	5007	100.000	9	16.2	32	Exon_01|rel=2001-2198|len=198	NC_006088.5:172587582-172602052|strand=+|gene=STOML3
54	65	5175	5185	91.667	12	16.2	32	Exon_01|rel=2001-2198|len=198	NC_006088.5:172587582-172602052|strand=+|gene=STOML3
175	183	5196	5188	100.000	9	16.2	32	Exon_01|rel=2001-2198|len=198	NC_006088.5:172587582-172602052|strand=+|gene=STOML3
146	154	5231	5239	100.000	9	16.2	32	Exon_01|rel=2001-2198|len=198	NC_006088.5:172587582-172602052|strand=+|gene=STOML3
126	139	5519	5535	82.353	17	16.2	32	Exon_01|rel=2001-2198|len=198	NC_006088.5:172587582-172602052|strand=+|gene=STOML3
171	184	6788	6801	85.714	14	16.2	32	Exon_01|rel=2001-2198|len=198	NC_006088.5:172587582-172602052|strand=+|gene=STOML3
189	197	7396	7404	100.000	9	16.2	32	Exon_01|rel=2001-2198|len=198	NC_006088.5:172587582-172602052|strand=+|gene=STOML3
107	115	8281	8289	100.000	9	16.2	32	Exon_01|rel=2001-2198|len=198	NC_006088.5:172587582-172602052|strand=+|gene=STOML3
105	120	10192	10176	82.353	17	16.2	32	Exon_01|rel=2001-2198|len=198	NC_006088.5:172587582-172602052|strand=+|gene=STOML3
152	165	10782	10795	86.667	15	16.2	32	Exon_01|rel=2001-2198|len=198	NC_006088.5:172587582-172602052|strand=+|gene=STOML3
170	180	11915	11904	91.667	12	16.2	32	Exon_01|rel=2001-2198|len=198	NC_006088.5:172587582-172602052|strand=+|gene=STOML3
161	176	12434	12422	81.250	16	16.2	32	Exon_01|rel=2001-2198|len=198	NC_006088.5:172587582-172602052|strand=+|gene=STOML3
102	110	12705	12697	100.000	9	16.2	32	Exon_01|rel=2001-2198|len=198	NC_006088.5:172587582-172602052|strand=+|gene=STOML3
138	146	13098	13090	100.000	9	16.2	32	Exon_01|rel=2001-2198|len=198	NC_006088.5:172587582-172602052|strand=+|gene=STOML3
29	39	3289	3299	90.909	11	15.5	90	Exon_01|rel=2001-2198|len=198	NC_006088.5:172587582-172602052|strand=+|gene=STOML3
57	67	3656	3646	90.909	11	15.5	90	Exon_01|rel=2001-2198|len=198	NC_006088.5:172587582-172602052|strand=+|gene=STOML3
170	180	4522	4512	90.909	11	15.5	90	Exon_01|rel=2001-2198|len=198	NC_006088.5:172587582-172602052|strand=+|gene=STOML3
6	19	4711	4699	85.714	14	15.5	90	Exon_01|rel=2001-2198|len=198	NC_006088.5:172587582-172602052|strand=+|gene=STOML3
40	50	5083	5073	90.909	11	15.5	90	Exon_01|rel=2001-2198|len=198	NC_006088.5:172587582-172602052|strand=+|gene=STOML3
141	151	7404	7394	90.909	11	15.5	90	Exon_01|rel=2001-2198|len=198	NC_006088.5:172587582-172602052|strand=+|gene=STOML3
182	192	8217	8227	90.909	11	15.5	90	Exon_01|rel=2001-2198|len=198	NC_006088.5:172587582-172602052|strand=+|gene=STOML3
145	155	9812	9802	90.909	11	15.5	90	Exon_01|rel=2001-2198|len=198	NC_006088.5:172587582-172602052|strand=+|gene=STOML3
103	113	13399	13409	90.909	11	15.5	90	Exon_01|rel=2001-2198|len=198	NC_006088.5:172587582-172602052|strand=+|gene=STOML3
126	144	13886	13871	78.947	19	15.5	90	Exon_01|rel=2001-2198|len=198	NC_006088.5:172587582-172602052|strand=+|gene=STOML3
42	49	16	9	100.000	8	14.7	90	Exon_01|rel=2001-2198|len=198	NC_006088.5:172587582-172602052|strand=+|gene=STOML3
74	81	1836	1843	100.000	8	14.7	90	Exon_01|rel=2001-2198|len=198	NC_006088.5:172587582-172602052|strand=+|gene=STOML3
119	126	2029	2036	100.000	8	14.7	90	Exon_01|rel=2001-2198|len=198	NC_006088.5:172587582-172602052|strand=+|gene=STOML3
29	36	2119	2126	100.000	8	14.7	90	Exon_01|rel=2001-2198|len=198	NC_006088.5:172587582-172602052|strand=+|gene=STOML3
104	111	2657	2650	100.000	8	14.7	90	Exon_01|rel=2001-2198|len=198	NC_006088.5:172587582-172602052|strand=+|gene=STOML3
191	198	2986	2993	100.000	8	14.7	90	Exon_01|rel=2001-2198|len=198	NC_006088.5:172587582-172602052|strand=+|gene=STOML3
106	113	3033	3026	100.000	8	14.7	90	Exon_01|rel=2001-2198|len=198	NC_006088.5:172587582-172602052|strand=+|gene=STOML3
118	125	3288	3295	100.000	8	14.7	90	Exon_01|rel=2001-2198|len=198	NC_006088.5:172587582-172602052|strand=+|gene=STOML3
184	191	3380	3387	100.000	8	14.7	90	Exon_01|rel=2001-2198|len=198	NC_006088.5:172587582-172602052|strand=+|gene=STOML3
124	131	3494	3501	100.000	8	14.7	90	Exon_01|rel=2001-2198|len=198	NC_006088.5:172587582-172602052|strand=+|gene=STOML3
59	66	3587	3580	100.000	8	14.7	90	Exon_01|rel=2001-2198|len=198	NC_006088.5:172587582-172602052|strand=+|gene=STOML3
26	33	3750	3757	100.000	8	14.7	90	Exon_01|rel=2001-2198|len=198	NC_006088.5:172587582-172602052|strand=+|gene=STOML3
149	156	3764	3771	100.000	8	14.7	90	Exon_01|rel=2001-2198|len=198	NC_006088.5:172587582-172602052|strand=+|gene=STOML3
8	15	3788	3795	100.000	8	14.7	90	Exon_01|rel=2001-2198|len=198	NC_006088.5:172587582-172602052|strand=+|gene=STOML3
174	181	4125	4118	100.000	8	14.7	90	Exon_01|rel=2001-2198|len=198	NC_006088.5:172587582-172602052|strand=+|gene=STOML3
171	178	4152	4145	100.000	8	14.7	90	Exon_01|rel=2001-2198|len=198	NC_006088.5:172587582-172602052|strand=+|gene=STOML3
174	181	4276	4269	100.000	8	14.7	90	Exon_01|rel=2001-2198|len=198	NC_006088.5:172587582-172602052|strand=+|gene=STOML3
124	131	4540	4533	100.000	8	14.7	90	Exon_01|rel=2001-2198|len=198	NC_006088.5:172587582-172602052|strand=+|gene=STOML3
102	109	4617	4610	100.000	8	14.7	90	Exon_01|rel=2001-2198|len=198	NC_006088.5:172587582-172602052|strand=+|gene=STOML3
145	152	4794	4801	100.000	8	14.7	90	Exon_01|rel=2001-2198|len=198	NC_006088.5:172587582-172602052|strand=+|gene=STOML3
171	178	4821	4814	100.000	8	14.7	90	Exon_01|rel=2001-2198|len=198	NC_006088.5:172587582-172602052|strand=+|gene=STOML3
35	42	4912	4919	100.000	8	14.7	90	Exon_01|rel=2001-2198|len=198	NC_006088.5:172587582-172602052|strand=+|gene=STOML3
52	69	5041	5058	77.778	18	14.7	90	Exon_01|rel=2001-2198|len=198	NC_006088.5:172587582-172602052|strand=+|gene=STOML3
158	165	5072	5079	100.000	8	14.7	90	Exon_01|rel=2001-2198|len=198	NC_006088.5:172587582-172602052|strand=+|gene=STOML3
2	9	5083	5090	100.000	8	14.7	90	Exon_01|rel=2001-2198|len=198	NC_006088.5:172587582-172602052|strand=+|gene=STOML3
181	188	5472	5465	100.000	8	14.7	90	Exon_01|rel=2001-2198|len=198	NC_006088.5:172587582-172602052|strand=+|gene=STOML3
1	8	5524	5517	100.000	8	14.7	90	Exon_01|rel=2001-2198|len=198	NC_006088.5:172587582-172602052|strand=+|gene=STOML3
101	108	5607	5600	100.000	8	14.7	90	Exon_01|rel=2001-2198|len=198	NC_006088.5:172587582-172602052|strand=+|gene=STOML3
37	44	6244	6237	100.000	8	14.7	90	Exon_01|rel=2001-2198|len=198	NC_006088.5:172587582-172602052|strand=+|gene=STOML3
139	146	6283	6290	100.000	8	14.7	90	Exon_01|rel=2001-2198|len=198	NC_006088.5:172587582-172602052|strand=+|gene=STOML3
127	134	6320	6327	100.000	8	14.7	90	Exon_01|rel=2001-2198|len=198	NC_006088.5:172587582-172602052|strand=+|gene=STOML3
84	91	6378	6371	100.000	8	14.7	90	Exon_01|rel=2001-2198|len=198	NC_006088.5:172587582-172602052|strand=+|gene=STOML3
7	14	6501	6494	100.000	8	14.7	90	Exon_01|rel=2001-2198|len=198	NC_006088.5:172587582-172602052|strand=+|gene=STOML3
37	44	6549	6556	100.000	8	14.7	90	Exon_01|rel=2001-2198|len=198	NC_006088.5:172587582-172602052|strand=+|gene=STOML3
64	71	6623	6630	100.000	8	14.7	90	Exon_01|rel=2001-2198|len=198	NC_006088.5:172587582-172602052|strand=+|gene=STOML3
150	157	6682	6675	100.000	8	14.7	90	Exon_01|rel=2001-2198|len=198	NC_006088.5:172587582-172602052|strand=+|gene=STOML3
122	129	6677	6684	100.000	8	14.7	90	Exon_01|rel=2001-2198|len=198	NC_006088.5:172587582-172602052|strand=+|gene=STOML3
103	110	7257	7264	100.000	8	14.7	90	Exon_01|rel=2001-2198|len=198	NC_006088.5:172587582-172602052|strand=+|gene=STOML3
124	131	7528	7535	100.000	8	14.7	90	Exon_01|rel=2001-2198|len=198	NC_006088.5:172587582-172602052|strand=+|gene=STOML3
134	141	8160	8153	100.000	8	14.7	90	Exon_01|rel=2001-2198|len=198	NC_006088.5:172587582-172602052|strand=+|gene=STOML3
57	64	8274	8281	100.000	8	14.7	90	Exon_01|rel=2001-2198|len=198	NC_006088.5:172587582-172602052|strand=+|gene=STOML3
169	176	8761	8754	100.000	8	14.7	90	Exon_01|rel=2001-2198|len=198	NC_006088.5:172587582-172602052|strand=+|gene=STOML3
4	11	8867	8874	100.000	8	14.7	90	Exon_01|rel=2001-2198|len=198	NC_006088.5:172587582-172602052|strand=+|gene=STOML3
58	65	8871	8878	100.000	8	14.7	90	Exon_01|rel=2001-2198|len=198	NC_006088.5:172587582-172602052|strand=+|gene=STOML3
167	174	9153	9146	100.000	8	14.7	90	Exon_01|rel=2001-2198|len=198	NC_006088.5:172587582-172602052|strand=+|gene=STOML3
149	161	9251	9239	84.615	13	14.7	90	Exon_01|rel=2001-2198|len=198	NC_006088.5:172587582-172602052|strand=+|gene=STOML3
166	173	10104	10111	100.000	8	14.7	90	Exon_01|rel=2001-2198|len=198	NC_006088.5:172587582-172602052|strand=+|gene=STOML3
114	121	10709	10716	100.000	8	14.7	90	Exon_01|rel=2001-2198|len=198	NC_006088.5:172587582-172602052|strand=+|gene=STOML3
86	93	11510	11517	100.000	8	14.7	90	Exon_01|rel=2001-2198|len=198	NC_006088.5:172587582-172602052|strand=+|gene=STOML3
50	57	11600	11593	100.000	8	14.7	90	Exon_01|rel=2001-2198|len=198	NC_006088.5:172587582-172602052|strand=+|gene=STOML3
22	29	11619	11626	100.000	8	14.7	90	Exon_01|rel=2001-2198|len=198	NC_006088.5:172587582-172602052|strand=+|gene=STOML3
152	159	12105	12098	100.000	8	14.7	90	Exon_01|rel=2001-2198|len=198	NC_006088.5:172587582-172602052|strand=+|gene=STOML3
162	169	12727	12720	100.000	8	14.7	90	Exon_01|rel=2001-2198|len=198	NC_006088.5:172587582-172602052|strand=+|gene=STOML3
162	169	13184	13191	100.000	8	14.7	90	Exon_01|rel=2001-2198|len=198	NC_006088.5:172587582-172602052|strand=+|gene=STOML3
169	176	14244	14237	100.000	8	14.7	90	Exon_01|rel=2001-2198|len=198	NC_006088.5:172587582-172602052|strand=+|gene=STOML3
1	104	5201	5304	100.000	104	157	4.75e-42	Exon_02|rel=5201-5304|len=104	NC_006088.5:172587582-172602052|strand=+|gene=STOML3
43	82	7406	7442	73.171	41	22.2	0.24	Exon_02|rel=5201-5304|len=104	NC_006088.5:172587582-172602052|strand=+|gene=STOML3
48	69	13018	12995	83.333	24	22.2	0.24	Exon_02|rel=5201-5304|len=104	NC_006088.5:172587582-172602052|strand=+|gene=STOML3
74	85	13013	13002	100.000	12	20.7	0.68	Exon_02|rel=5201-5304|len=104	NC_006088.5:172587582-172602052|strand=+|gene=STOML3
90	103	11630	11617	92.857	14	19.9	1.9	Exon_02|rel=5201-5304|len=104	NC_006088.5:172587582-172602052|strand=+|gene=STOML3
68	81	14105	14118	92.857	14	19.9	1.9	Exon_02|rel=5201-5304|len=104	NC_006088.5:172587582-172602052|strand=+|gene=STOML3
3	23	982	1002	81.818	22	19.2	1.9	Exon_02|rel=5201-5304|len=104	NC_006088.5:172587582-172602052|strand=+|gene=STOML3
71	96	1683	1660	76.923	26	19.2	1.9	Exon_02|rel=5201-5304|len=104	NC_006088.5:172587582-172602052|strand=+|gene=STOML3
33	59	4360	4390	74.194	31	19.2	1.9	Exon_02|rel=5201-5304|len=104	NC_006088.5:172587582-172602052|strand=+|gene=STOML3
28	43	4750	4763	87.500	16	19.2	1.9	Exon_02|rel=5201-5304|len=104	NC_006088.5:172587582-172602052|strand=+|gene=STOML3
13	26	8442	8430	92.857	14	19.2	1.9	Exon_02|rel=5201-5304|len=104	NC_006088.5:172587582-172602052|strand=+|gene=STOML3
5	30	4483	4459	76.923	26	18.4	5.3	Exon_02|rel=5201-5304|len=104	NC_006088.5:172587582-172602052|strand=+|gene=STOML3
79	88	2593	2602	100.000	10	17.7	5.3	Exon_02|rel=5201-5304|len=104	NC_006088.5:172587582-172602052|strand=+|gene=STOML3
11	20	7101	7110	100.000	10	17.7	5.3	Exon_02|rel=5201-5304|len=104	NC_006088.5:172587582-172602052|strand=+|gene=STOML3
50	79	8247	8277	72.727	33	17.7	5.3	Exon_02|rel=5201-5304|len=104	NC_006088.5:172587582-172602052|strand=+|gene=STOML3
18	39	1234	1215	77.273	22	17.0	15	Exon_02|rel=5201-5304|len=104	NC_006088.5:172587582-172602052|strand=+|gene=STOML3
21	35	1513	1529	82.353	17	17.0	15	Exon_02|rel=5201-5304|len=104	NC_006088.5:172587582-172602052|strand=+|gene=STOML3
70	81	4994	5005	91.667	12	17.0	15	Exon_02|rel=5201-5304|len=104	NC_006088.5:172587582-172602052|strand=+|gene=STOML3
41	80	9802	9832	70.000	40	17.0	15	Exon_02|rel=5201-5304|len=104	NC_006088.5:172587582-172602052|strand=+|gene=STOML3
20	41	12719	12740	78.261	23	17.0	15	Exon_02|rel=5201-5304|len=104	NC_006088.5:172587582-172602052|strand=+|gene=STOML3
91	99	971	979	100.000	9	16.2	15	Exon_02|rel=5201-5304|len=104	NC_006088.5:172587582-172602052|strand=+|gene=STOML3
85	93	1127	1135	100.000	9	16.2	15	Exon_02|rel=5201-5304|len=104	NC_006088.5:172587582-172602052|strand=+|gene=STOML3
31	39	2146	2154	100.000	9	16.2	15	Exon_02|rel=5201-5304|len=104	NC_006088.5:172587582-172602052|strand=+|gene=STOML3
34	42	3769	3761	100.000	9	16.2	15	Exon_02|rel=5201-5304|len=104	NC_006088.5:172587582-172602052|strand=+|gene=STOML3
79	90	4305	4295	91.667	12	16.2	15	Exon_02|rel=5201-5304|len=104	NC_006088.5:172587582-172602052|strand=+|gene=STOML3
73	81	7034	7042	100.000	9	16.2	15	Exon_02|rel=5201-5304|len=104	NC_006088.5:172587582-172602052|strand=+|gene=STOML3
24	32	7653	7645	100.000	9	16.2	15	Exon_02|rel=5201-5304|len=104	NC_006088.5:172587582-172602052|strand=+|gene=STOML3
43	64	8705	8728	76.000	25	16.2	15	Exon_02|rel=5201-5304|len=104	NC_006088.5:172587582-172602052|strand=+|gene=STOML3
28	36	8967	8975	100.000	9	16.2	15	Exon_02|rel=5201-5304|len=104	NC_006088.5:172587582-172602052|strand=+|gene=STOML3
68	76	10810	10818	100.000	9	16.2	15	Exon_02|rel=5201-5304|len=104	NC_006088.5:172587582-172602052|strand=+|gene=STOML3
19	27	11684	11692	100.000	9	16.2	15	Exon_02|rel=5201-5304|len=104	NC_006088.5:172587582-172602052|strand=+|gene=STOML3
10	18	12102	12110	100.000	9	16.2	15	Exon_02|rel=5201-5304|len=104	NC_006088.5:172587582-172602052|strand=+|gene=STOML3
20	33	13287	13300	85.714	14	16.2	15	Exon_02|rel=5201-5304|len=104	NC_006088.5:172587582-172602052|strand=+|gene=STOML3
4	14	3137	3127	90.909	11	15.5	42	Exon_02|rel=5201-5304|len=104	NC_006088.5:172587582-172602052|strand=+|gene=STOML3
27	37	3234	3224	90.909	11	15.5	42	Exon_02|rel=5201-5304|len=104	NC_006088.5:172587582-172602052|strand=+|gene=STOML3
77	87	3617	3627	90.909	11	15.5	42	Exon_02|rel=5201-5304|len=104	NC_006088.5:172587582-172602052|strand=+|gene=STOML3
52	62	3966	3956	90.909	11	15.5	42	Exon_02|rel=5201-5304|len=104	NC_006088.5:172587582-172602052|strand=+|gene=STOML3
43	53	4815	4825	90.909	11	15.5	42	Exon_02|rel=5201-5304|len=104	NC_006088.5:172587582-172602052|strand=+|gene=STOML3
55	67	8614	8601	85.714	14	15.5	42	Exon_02|rel=5201-5304|len=104	NC_006088.5:172587582-172602052|strand=+|gene=STOML3
64	74	8736	8726	90.909	11	15.5	42	Exon_02|rel=5201-5304|len=104	NC_006088.5:172587582-172602052|strand=+|gene=STOML3
76	88	8809	8822	85.714	14	15.5	42	Exon_02|rel=5201-5304|len=104	NC_006088.5:172587582-172602052|strand=+|gene=STOML3
82	95	10093	10105	85.714	14	15.5	42	Exon_02|rel=5201-5304|len=104	NC_006088.5:172587582-172602052|strand=+|gene=STOML3
19	29	12704	12694	90.909	11	15.5	42	Exon_02|rel=5201-5304|len=104	NC_006088.5:172587582-172602052|strand=+|gene=STOML3
42	57	13967	13982	81.250	16	15.5	42	Exon_02|rel=5201-5304|len=104	NC_006088.5:172587582-172602052|strand=+|gene=STOML3
52	62	14111	14121	90.909	11	15.5	42	Exon_02|rel=5201-5304|len=104	NC_006088.5:172587582-172602052|strand=+|gene=STOML3
11	21	14159	14149	90.909	11	15.5	42	Exon_02|rel=5201-5304|len=104	NC_006088.5:172587582-172602052|strand=+|gene=STOML3
43	53	14262	14272	90.909	11	15.5	42	Exon_02|rel=5201-5304|len=104	NC_006088.5:172587582-172602052|strand=+|gene=STOML3
36	43	381	374	100.000	8	14.7	42	Exon_02|rel=5201-5304|len=104	NC_006088.5:172587582-172602052|strand=+|gene=STOML3
85	92	1431	1438	100.000	8	14.7	42	Exon_02|rel=5201-5304|len=104	NC_006088.5:172587582-172602052|strand=+|gene=STOML3
97	104	1802	1809	100.000	8	14.7	42	Exon_02|rel=5201-5304|len=104	NC_006088.5:172587582-172602052|strand=+|gene=STOML3
91	98	1987	1980	100.000	8	14.7	42	Exon_02|rel=5201-5304|len=104	NC_006088.5:172587582-172602052|strand=+|gene=STOML3
34	41	3024	3017	100.000	8	14.7	42	Exon_02|rel=5201-5304|len=104	NC_006088.5:172587582-172602052|strand=+|gene=STOML3
64	71	3229	3236	100.000	8	14.7	42	Exon_02|rel=5201-5304|len=104	NC_006088.5:172587582-172602052|strand=+|gene=STOML3
44	51	5183	5190	100.000	8	14.7	42	Exon_02|rel=5201-5304|len=104	NC_006088.5:172587582-172602052|strand=+|gene=STOML3
96	103	5468	5475	100.000	8	14.7	42	Exon_02|rel=5201-5304|len=104	NC_006088.5:172587582-172602052|strand=+|gene=STOML3
88	95	6874	6881	100.000	8	14.7	42	Exon_02|rel=5201-5304|len=104	NC_006088.5:172587582-172602052|strand=+|gene=STOML3
52	59	7035	7042	100.000	8	14.7	42	Exon_02|rel=5201-5304|len=104	NC_006088.5:172587582-172602052|strand=+|gene=STOML3
83	90	7393	7400	100.000	8	14.7	42	Exon_02|rel=5201-5304|len=104	NC_006088.5:172587582-172602052|strand=+|gene=STOML3
81	88	7906	7913	100.000	8	14.7	42	Exon_02|rel=5201-5304|len=104	NC_006088.5:172587582-172602052|strand=+|gene=STOML3
27	34	8173	8166	100.000	8	14.7	42	Exon_02|rel=5201-5304|len=104	NC_006088.5:172587582-172602052|strand=+|gene=STOML3
88	95	8179	8186	100.000	8	14.7	42	Exon_02|rel=5201-5304|len=104	NC_006088.5:172587582-172602052|strand=+|gene=STOML3
77	84	8321	8328	100.000	8	14.7	42	Exon_02|rel=5201-5304|len=104	NC_006088.5:172587582-172602052|strand=+|gene=STOML3
49	56	8457	8464	100.000	8	14.7	42	Exon_02|rel=5201-5304|len=104	NC_006088.5:172587582-172602052|strand=+|gene=STOML3
40	57	8801	8784	77.778	18	14.7	42	Exon_02|rel=5201-5304|len=104	NC_006088.5:172587582-172602052|strand=+|gene=STOML3
13	20	8803	8810	100.000	8	14.7	42	Exon_02|rel=5201-5304|len=104	NC_006088.5:172587582-172602052|strand=+|gene=STOML3
34	41	8994	8987	100.000	8	14.7	42	Exon_02|rel=5201-5304|len=104	NC_006088.5:172587582-172602052|strand=+|gene=STOML3
23	30	9062	9055	100.000	8	14.7	42	Exon_02|rel=5201-5304|len=104	NC_006088.5:172587582-172602052|strand=+|gene=STOML3
89	96	9507	9500	100.000	8	14.7	42	Exon_02|rel=5201-5304|len=104	NC_006088.5:172587582-172602052|strand=+|gene=STOML3
83	90	9805	9812	100.000	8	14.7	42	Exon_02|rel=5201-5304|len=104	NC_006088.5:172587582-172602052|strand=+|gene=STOML3
76	88	9987	9999	84.615	13	14.7	42	Exon_02|rel=5201-5304|len=104	NC_006088.5:172587582-172602052|strand=+|gene=STOML3
11	18	10433	10440	100.000	8	14.7	42	Exon_02|rel=5201-5304|len=104	NC_006088.5:172587582-172602052|strand=+|gene=STOML3
10	17	11322	11315	100.000	8	14.7	42	Exon_02|rel=5201-5304|len=104	NC_006088.5:172587582-172602052|strand=+|gene=STOML3
29	36	11335	11328	100.000	8	14.7	42	Exon_02|rel=5201-5304|len=104	NC_006088.5:172587582-172602052|strand=+|gene=STOML3
49	56	12124	12117	100.000	8	14.7	42	Exon_02|rel=5201-5304|len=104	NC_006088.5:172587582-172602052|strand=+|gene=STOML3
7	14	12447	12454	100.000	8	14.7	42	Exon_02|rel=5201-5304|len=104	NC_006088.5:172587582-172602052|strand=+|gene=STOML3
79	86	12713	12706	100.000	8	14.7	42	Exon_02|rel=5201-5304|len=104	NC_006088.5:172587582-172602052|strand=+|gene=STOML3
71	78	12817	12824	100.000	8	14.7	42	Exon_02|rel=5201-5304|len=104	NC_006088.5:172587582-172602052|strand=+|gene=STOML3
20	27	13192	13185	100.000	8	14.7	42	Exon_02|rel=5201-5304|len=104	NC_006088.5:172587582-172602052|strand=+|gene=STOML3
1	73	6119	6191	100.000	73	111	2.15e-28	Exon_03|rel=6119-6191|len=73	NC_006088.5:172587582-172602052|strand=+|gene=STOML3
22	40	1734	1752	84.211	19	19.9	1.2	Exon_03|rel=6119-6191|len=73	NC_006088.5:172587582-172602052|strand=+|gene=STOML3
15	39	6415	6438	77.778	27	19.9	1.2	Exon_03|rel=6119-6191|len=73	NC_006088.5:172587582-172602052|strand=+|gene=STOML3
2	26	8529	8554	77.778	27	18.4	3.3	Exon_03|rel=6119-6191|len=73	NC_006088.5:172587582-172602052|strand=+|gene=STOML3
8	30	13519	13537	78.261	23	18.4	3.3	Exon_03|rel=6119-6191|len=73	NC_006088.5:172587582-172602052|strand=+|gene=STOML3
3	12	6362	6371	100.000	10	17.7	3.3	Exon_03|rel=6119-6191|len=73	NC_006088.5:172587582-172602052|strand=+|gene=STOML3
24	37	2603	2616	85.714	14	16.2	9.1	Exon_03|rel=6119-6191|len=73	NC_006088.5:172587582-172602052|strand=+|gene=STOML3
21	31	4615	4604	91.667	12	16.2	9.1	Exon_03|rel=6119-6191|len=73	NC_006088.5:172587582-172602052|strand=+|gene=STOML3
27	38	5041	5051	91.667	12	16.2	9.1	Exon_03|rel=6119-6191|len=73	NC_006088.5:172587582-172602052|strand=+|gene=STOML3
57	65	5054	5046	100.000	9	16.2	9.1	Exon_03|rel=6119-6191|len=73	NC_006088.5:172587582-172602052|strand=+|gene=STOML3
9	17	8423	8431	100.000	9	16.2	9.1	Exon_03|rel=6119-6191|len=73	NC_006088.5:172587582-172602052|strand=+|gene=STOML3
6	14	10303	10311	100.000	9	16.2	9.1	Exon_03|rel=6119-6191|len=73	NC_006088.5:172587582-172602052|strand=+|gene=STOML3
13	36	10337	10360	76.000	25	16.2	9.1	Exon_03|rel=6119-6191|len=73	NC_006088.5:172587582-172602052|strand=+|gene=STOML3
50	58	10577	10569	100.000	9	16.2	9.1	Exon_03|rel=6119-6191|len=73	NC_006088.5:172587582-172602052|strand=+|gene=STOML3
23	31	11452	11444	100.000	9	16.2	9.1	Exon_03|rel=6119-6191|len=73	NC_006088.5:172587582-172602052|strand=+|gene=STOML3
52	60	11872	11880	100.000	9	16.2	9.1	Exon_03|rel=6119-6191|len=73	NC_006088.5:172587582-172602052|strand=+|gene=STOML3
1	9	12838	12846	100.000	9	16.2	9.1	Exon_03|rel=6119-6191|len=73	NC_006088.5:172587582-172602052|strand=+|gene=STOML3
56	69	13865	13852	85.714	14	16.2	9.1	Exon_03|rel=6119-6191|len=73	NC_006088.5:172587582-172602052|strand=+|gene=STOML3
24	34	616	606	90.909	11	15.5	26	Exon_03|rel=6119-6191|len=73	NC_006088.5:172587582-172602052|strand=+|gene=STOML3
23	33	2844	2854	90.909	11	15.5	26	Exon_03|rel=6119-6191|len=73	NC_006088.5:172587582-172602052|strand=+|gene=STOML3
21	33	4243	4230	85.714	14	15.5	26	Exon_03|rel=6119-6191|len=73	NC_006088.5:172587582-172602052|strand=+|gene=STOML3
60	70	7929	7939	90.909	11	15.5	26	Exon_03|rel=6119-6191|len=73	NC_006088.5:172587582-172602052|strand=+|gene=STOML3
29	39	10024	10014	90.909	11	15.5	26	Exon_03|rel=6119-6191|len=73	NC_006088.5:172587582-172602052|strand=+|gene=STOML3
46	59	13724	13712	85.714	14	15.5	26	Exon_03|rel=6119-6191|len=73	NC_006088.5:172587582-172602052|strand=+|gene=STOML3
9	16	2256	2263	100.000	8	14.7	26	Exon_03|rel=6119-6191|len=73	NC_006088.5:172587582-172602052|strand=+|gene=STOML3
20	27	2590	2597	100.000	8	14.7	26	Exon_03|rel=6119-6191|len=73	NC_006088.5:172587582-172602052|strand=+|gene=STOML3
14	26	3564	3574	84.615	13	14.7	26	Exon_03|rel=6119-6191|len=73	NC_006088.5:172587582-172602052|strand=+|gene=STOML3
4	11	4290	4297	100.000	8	14.7	26	Exon_03|rel=6119-6191|len=73	NC_006088.5:172587582-172602052|strand=+|gene=STOML3
5	15	4905	4893	84.615	13	14.7	26	Exon_03|rel=6119-6191|len=73	NC_006088.5:172587582-172602052|strand=+|gene=STOML3
21	28	5610	5603	100.000	8	14.7	26	Exon_03|rel=6119-6191|len=73	NC_006088.5:172587582-172602052|strand=+|gene=STOML3
20	27	6377	6370	100.000	8	14.7	26	Exon_03|rel=6119-6191|len=73	NC_006088.5:172587582-172602052|strand=+|gene=STOML3
3	12	6871	6861	90.909	11	14.7	26	Exon_03|rel=6119-6191|len=73	NC_006088.5:172587582-172602052|strand=+|gene=STOML3
60	67	7320	7313	100.000	8	14.7	26	Exon_03|rel=6119-6191|len=73	NC_006088.5:172587582-172602052|strand=+|gene=STOML3
28	35	7665	7658	100.000	8	14.7	26	Exon_03|rel=6119-6191|len=73	NC_006088.5:172587582-172602052|strand=+|gene=STOML3
64	71	8036	8043	100.000	8	14.7	26	Exon_03|rel=6119-6191|len=73	NC_006088.5:172587582-172602052|strand=+|gene=STOML3
60	67	9098	9091	100.000	8	14.7	26	Exon_03|rel=6119-6191|len=73	NC_006088.5:172587582-172602052|strand=+|gene=STOML3
8	15	9207	9200	100.000	8	14.7	26	Exon_03|rel=6119-6191|len=73	NC_006088.5:172587582-172602052|strand=+|gene=STOML3
54	61	9424	9431	100.000	8	14.7	26	Exon_03|rel=6119-6191|len=73	NC_006088.5:172587582-172602052|strand=+|gene=STOML3
1	8	9574	9567	100.000	8	14.7	26	Exon_03|rel=6119-6191|len=73	NC_006088.5:172587582-172602052|strand=+|gene=STOML3
23	32	11661	11651	90.909	11	14.7	26	Exon_03|rel=6119-6191|len=73	NC_006088.5:172587582-172602052|strand=+|gene=STOML3
27	39	11750	11740	84.615	13	14.7	26	Exon_03|rel=6119-6191|len=73	NC_006088.5:172587582-172602052|strand=+|gene=STOML3
36	43	13151	13158	100.000	8	14.7	26	Exon_03|rel=6119-6191|len=73	NC_006088.5:172587582-172602052|strand=+|gene=STOML3
26	33	13173	13180	100.000	8	14.7	26	Exon_03|rel=6119-6191|len=73	NC_006088.5:172587582-172602052|strand=+|gene=STOML3
6	13	13806	13799	100.000	8	14.7	26	Exon_03|rel=6119-6191|len=73	NC_006088.5:172587582-172602052|strand=+|gene=STOML3
4	18	1263	1281	73.684	19	14.0	72	Exon_03|rel=6119-6191|len=73	NC_006088.5:172587582-172602052|strand=+|gene=STOML3
20	33	7853	7868	81.250	16	14.0	72	Exon_03|rel=6119-6191|len=73	NC_006088.5:172587582-172602052|strand=+|gene=STOML3
22	33	11538	11526	84.615	13	14.0	72	Exon_03|rel=6119-6191|len=73	NC_006088.5:172587582-172602052|strand=+|gene=STOML3
5	11	6	12	100.000	7	13.2	72	Exon_03|rel=6119-6191|len=73	NC_006088.5:172587582-172602052|strand=+|gene=STOML3
36	42	482	476	100.000	7	13.2	72	Exon_03|rel=6119-6191|len=73	NC_006088.5:172587582-172602052|strand=+|gene=STOML3
26	32	575	569	100.000	7	13.2	72	Exon_03|rel=6119-6191|len=73	NC_006088.5:172587582-172602052|strand=+|gene=STOML3
21	27	680	674	100.000	7	13.2	72	Exon_03|rel=6119-6191|len=73	NC_006088.5:172587582-172602052|strand=+|gene=STOML3
11	17	816	822	100.000	7	13.2	72	Exon_03|rel=6119-6191|len=73	NC_006088.5:172587582-172602052|strand=+|gene=STOML3
24	30	1093	1099	100.000	7	13.2	72	Exon_03|rel=6119-6191|len=73	NC_006088.5:172587582-172602052|strand=+|gene=STOML3
37	43	1131	1137	100.000	7	13.2	72	Exon_03|rel=6119-6191|len=73	NC_006088.5:172587582-172602052|strand=+|gene=STOML3
66	72	1133	1139	100.000	7	13.2	72	Exon_03|rel=6119-6191|len=73	NC_006088.5:172587582-172602052|strand=+|gene=STOML3
2	8	1155	1149	100.000	7	13.2	72	Exon_03|rel=6119-6191|len=73	NC_006088.5:172587582-172602052|strand=+|gene=STOML3
27	33	1289	1283	100.000	7	13.2	72	Exon_03|rel=6119-6191|len=73	NC_006088.5:172587582-172602052|strand=+|gene=STOML3
67	73	1441	1435	100.000	7	13.2	72	Exon_03|rel=6119-6191|len=73	NC_006088.5:172587582-172602052|strand=+|gene=STOML3
21	27	1838	1832	100.000	7	13.2	72	Exon_03|rel=6119-6191|len=73	NC_006088.5:172587582-172602052|strand=+|gene=STOML3
20	26	2085	2091	100.000	7	13.2	72	Exon_03|rel=6119-6191|len=73	NC_006088.5:172587582-172602052|strand=+|gene=STOML3
63	69	2297	2291	100.000	7	13.2	72	Exon_03|rel=6119-6191|len=73	NC_006088.5:172587582-172602052|strand=+|gene=STOML3
55	61	2681	2687	100.000	7	13.2	72	Exon_03|rel=6119-6191|len=73	NC_006088.5:172587582-172602052|strand=+|gene=STOML3
63	69	2748	2754	100.000	7	13.2	72	Exon_03|rel=6119-6191|len=73	NC_006088.5:172587582-172602052|strand=+|gene=STOML3
48	54	3507	3501	100.000	7	13.2	72	Exon_03|rel=6119-6191|len=73	NC_006088.5:172587582-172602052|strand=+|gene=STOML3
37	43	3793	3787	100.000	7	13.2	72	Exon_03|rel=6119-6191|len=73	NC_006088.5:172587582-172602052|strand=+|gene=STOML3
21	27	3873	3867	100.000	7	13.2	72	Exon_03|rel=6119-6191|len=73	NC_006088.5:172587582-172602052|strand=+|gene=STOML3
67	73	4394	4388	100.000	7	13.2	72	Exon_03|rel=6119-6191|len=73	NC_006088.5:172587582-172602052|strand=+|gene=STOML3
65	71	4503	4497	100.000	7	13.2	72	Exon_03|rel=6119-6191|len=73	NC_006088.5:172587582-172602052|strand=+|gene=STOML3
67	73	4765	4759	100.000	7	13.2	72	Exon_03|rel=6119-6191|len=73	NC_006088.5:172587582-172602052|strand=+|gene=STOML3
54	60	4822	4816	100.000	7	13.2	72	Exon_03|rel=6119-6191|len=73	NC_006088.5:172587582-172602052|strand=+|gene=STOML3
12	18	4884	4878	100.000	7	13.2	72	Exon_03|rel=6119-6191|len=73	NC_006088.5:172587582-172602052|strand=+|gene=STOML3
56	62	4985	4979	100.000	7	13.2	72	Exon_03|rel=6119-6191|len=73	NC_006088.5:172587582-172602052|strand=+|gene=STOML3
8	14	5553	5559	100.000	7	13.2	72	Exon_03|rel=6119-6191|len=73	NC_006088.5:172587582-172602052|strand=+|gene=STOML3
64	70	5684	5678	100.000	7	13.2	72	Exon_03|rel=6119-6191|len=73	NC_006088.5:172587582-172602052|strand=+|gene=STOML3
25	31	5790	5796	100.000	7	13.2	72	Exon_03|rel=6119-6191|len=73	NC_006088.5:172587582-172602052|strand=+|gene=STOML3
43	49	5816	5810	100.000	7	13.2	72	Exon_03|rel=6119-6191|len=73	NC_006088.5:172587582-172602052|strand=+|gene=STOML3
6	12	6301	6295	100.000	7	13.2	72	Exon_03|rel=6119-6191|len=73	NC_006088.5:172587582-172602052|strand=+|gene=STOML3
58	64	6434	6428	100.000	7	13.2	72	Exon_03|rel=6119-6191|len=73	NC_006088.5:172587582-172602052|strand=+|gene=STOML3
21	27	6434	6440	100.000	7	13.2	72	Exon_03|rel=6119-6191|len=73	NC_006088.5:172587582-172602052|strand=+|gene=STOML3
56	62	7822	7828	100.000	7	13.2	72	Exon_03|rel=6119-6191|len=73	NC_006088.5:172587582-172602052|strand=+|gene=STOML3
42	48	8570	8576	100.000	7	13.2	72	Exon_03|rel=6119-6191|len=73	NC_006088.5:172587582-172602052|strand=+|gene=STOML3
53	59	8815	8809	100.000	7	13.2	72	Exon_03|rel=6119-6191|len=73	NC_006088.5:172587582-172602052|strand=+|gene=STOML3
21	27	8951	8957	100.000	7	13.2	72	Exon_03|rel=6119-6191|len=73	NC_006088.5:172587582-172602052|strand=+|gene=STOML3
46	52	9136	9130	100.000	7	13.2	72	Exon_03|rel=6119-6191|len=73	NC_006088.5:172587582-172602052|strand=+|gene=STOML3
35	41	9751	9757	100.000	7	13.2	72	Exon_03|rel=6119-6191|len=73	NC_006088.5:172587582-172602052|strand=+|gene=STOML3
27	33	9901	9907	100.000	7	13.2	72	Exon_03|rel=6119-6191|len=73	NC_006088.5:172587582-172602052|strand=+|gene=STOML3
55	61	10098	10092	100.000	7	13.2	72	Exon_03|rel=6119-6191|len=73	NC_006088.5:172587582-172602052|strand=+|gene=STOML3
1	7	10294	10288	100.000	7	13.2	72	Exon_03|rel=6119-6191|len=73	NC_006088.5:172587582-172602052|strand=+|gene=STOML3
62	68	10509	10515	100.000	7	13.2	72	Exon_03|rel=6119-6191|len=73	NC_006088.5:172587582-172602052|strand=+|gene=STOML3
55	61	10533	10539	100.000	7	13.2	72	Exon_03|rel=6119-6191|len=73	NC_006088.5:172587582-172602052|strand=+|gene=STOML3
17	23	10616	10610	100.000	7	13.2	72	Exon_03|rel=6119-6191|len=73	NC_006088.5:172587582-172602052|strand=+|gene=STOML3
54	60	10625	10631	100.000	7	13.2	72	Exon_03|rel=6119-6191|len=73	NC_006088.5:172587582-172602052|strand=+|gene=STOML3
55	61	10795	10801	100.000	7	13.2	72	Exon_03|rel=6119-6191|len=73	NC_006088.5:172587582-172602052|strand=+|gene=STOML3
8	14	11140	11146	100.000	7	13.2	72	Exon_03|rel=6119-6191|len=73	NC_006088.5:172587582-172602052|strand=+|gene=STOML3
54	60	11178	11172	100.000	7	13.2	72	Exon_03|rel=6119-6191|len=73	NC_006088.5:172587582-172602052|strand=+|gene=STOML3
12	18	11180	11186	100.000	7	13.2	72	Exon_03|rel=6119-6191|len=73	NC_006088.5:172587582-172602052|strand=+|gene=STOML3
54	60	11264	11258	100.000	7	13.2	72	Exon_03|rel=6119-6191|len=73	NC_006088.5:172587582-172602052|strand=+|gene=STOML3
12	18	11462	11468	100.000	7	13.2	72	Exon_03|rel=6119-6191|len=73	NC_006088.5:172587582-172602052|strand=+|gene=STOML3
5	11	11773	11779	100.000	7	13.2	72	Exon_03|rel=6119-6191|len=73	NC_006088.5:172587582-172602052|strand=+|gene=STOML3
2	8	11986	11980	100.000	7	13.2	72	Exon_03|rel=6119-6191|len=73	NC_006088.5:172587582-172602052|strand=+|gene=STOML3
55	61	12074	12068	100.000	7	13.2	72	Exon_03|rel=6119-6191|len=73	NC_006088.5:172587582-172602052|strand=+|gene=STOML3
45	51	12521	12515	100.000	7	13.2	72	Exon_03|rel=6119-6191|len=73	NC_006088.5:172587582-172602052|strand=+|gene=STOML3
11	17	12632	12626	100.000	7	13.2	72	Exon_03|rel=6119-6191|len=73	NC_006088.5:172587582-172602052|strand=+|gene=STOML3
5	11	12741	12735	100.000	7	13.2	72	Exon_03|rel=6119-6191|len=73	NC_006088.5:172587582-172602052|strand=+|gene=STOML3
44	50	13167	13173	100.000	7	13.2	72	Exon_03|rel=6119-6191|len=73	NC_006088.5:172587582-172602052|strand=+|gene=STOML3
58	64	13816	13822	100.000	7	13.2	72	Exon_03|rel=6119-6191|len=73	NC_006088.5:172587582-172602052|strand=+|gene=STOML3
60	66	14246	14240	100.000	7	13.2	72	Exon_03|rel=6119-6191|len=73	NC_006088.5:172587582-172602052|strand=+|gene=STOML3
52	58	14361	14355	100.000	7	13.2	72	Exon_03|rel=6119-6191|len=73	NC_006088.5:172587582-172602052|strand=+|gene=STOML3
1	83	7420	7502	100.000	83	126	8.59e-33	Exon_04|rel=7420-7502|len=83	NC_006088.5:172587582-172602052|strand=+|gene=STOML3
45	68	9592	9616	84.615	26	24.4	0.063	Exon_04|rel=7420-7502|len=83	NC_006088.5:172587582-172602052|strand=+|gene=STOML3
8	30	2343	2320	80.000	25	19.2	1.4	Exon_04|rel=7420-7502|len=83	NC_006088.5:172587582-172602052|strand=+|gene=STOML3
39	57	6459	6476	84.211	19	19.2	1.4	Exon_04|rel=7420-7502|len=83	NC_006088.5:172587582-172602052|strand=+|gene=STOML3
62	74	3211	3223	92.308	13	18.4	3.9	Exon_04|rel=7420-7502|len=83	NC_006088.5:172587582-172602052|strand=+|gene=STOML3
6	23	3228	3248	80.952	21	18.4	3.9	Exon_04|rel=7420-7502|len=83	NC_006088.5:172587582-172602052|strand=+|gene=STOML3
3	23	5260	5282	78.261	23	18.4	3.9	Exon_04|rel=7420-7502|len=83	NC_006088.5:172587582-172602052|strand=+|gene=STOML3
10	30	5506	5525	81.818	22	18.4	3.9	Exon_04|rel=7420-7502|len=83	NC_006088.5:172587582-172602052|strand=+|gene=STOML3
58	83	11229	11256	75.000	28	18.4	3.9	Exon_04|rel=7420-7502|len=83	NC_006088.5:172587582-172602052|strand=+|gene=STOML3
65	80	13463	13477	87.500	16	18.4	3.9	Exon_04|rel=7420-7502|len=83	NC_006088.5:172587582-172602052|strand=+|gene=STOML3
48	60	27	41	86.667	15	17.7	3.9	Exon_04|rel=7420-7502|len=83	NC_006088.5:172587582-172602052|strand=+|gene=STOML3
51	60	1317	1308	100.000	10	17.7	3.9	Exon_04|rel=7420-7502|len=83	NC_006088.5:172587582-172602052|strand=+|gene=STOML3
52	61	2554	2563	100.000	10	17.7	3.9	Exon_04|rel=7420-7502|len=83	NC_006088.5:172587582-172602052|strand=+|gene=STOML3
34	45	11057	11045	92.308	13	17.7	3.9	Exon_04|rel=7420-7502|len=83	NC_006088.5:172587582-172602052|strand=+|gene=STOML3
18	32	9504	9517	86.667	15	17.0	11	Exon_04|rel=7420-7502|len=83	NC_006088.5:172587582-172602052|strand=+|gene=STOML3
14	25	3519	3529	91.667	12	16.2	11	Exon_04|rel=7420-7502|len=83	NC_006088.5:172587582-172602052|strand=+|gene=STOML3
6	16	3836	3825	91.667	12	16.2	11	Exon_04|rel=7420-7502|len=83	NC_006088.5:172587582-172602052|strand=+|gene=STOML3
66	77	5377	5387	91.667	12	16.2	11	Exon_04|rel=7420-7502|len=83	NC_006088.5:172587582-172602052|strand=+|gene=STOML3
9	17	5583	5591	100.000	9	16.2	11	Exon_04|rel=7420-7502|len=83	NC_006088.5:172587582-172602052|strand=+|gene=STOML3
24	32	5615	5623	100.000	9	16.2	11	Exon_04|rel=7420-7502|len=83	NC_006088.5:172587582-172602052|strand=+|gene=STOML3
7	20	6552	6565	85.714	14	16.2	11	Exon_04|rel=7420-7502|len=83	NC_006088.5:172587582-172602052|strand=+|gene=STOML3
44	57	6981	6968	85.714	14	16.2	11	Exon_04|rel=7420-7502|len=83	NC_006088.5:172587582-172602052|strand=+|gene=STOML3
14	22	9173	9165	100.000	9	16.2	11	Exon_04|rel=7420-7502|len=83	NC_006088.5:172587582-172602052|strand=+|gene=STOML3
12	27	1805	1790	82.353	17	15.5	30	Exon_04|rel=7420-7502|len=83	NC_006088.5:172587582-172602052|strand=+|gene=STOML3
65	75	2478	2468	90.909	11	15.5	30	Exon_04|rel=7420-7502|len=83	NC_006088.5:172587582-172602052|strand=+|gene=STOML3
57	75	5126	5143	78.947	19	15.5	30	Exon_04|rel=7420-7502|len=83	NC_006088.5:172587582-172602052|strand=+|gene=STOML3
7	24	6292	6278	77.778	18	15.5	30	Exon_04|rel=7420-7502|len=83	NC_006088.5:172587582-172602052|strand=+|gene=STOML3
2	20	7631	7648	80.000	20	15.5	30	Exon_04|rel=7420-7502|len=83	NC_006088.5:172587582-172602052|strand=+|gene=STOML3
46	59	8713	8725	85.714	14	15.5	30	Exon_04|rel=7420-7502|len=83	NC_006088.5:172587582-172602052|strand=+|gene=STOML3
73	83	9970	9960	90.909	11	15.5	30	Exon_04|rel=7420-7502|len=83	NC_006088.5:172587582-172602052|strand=+|gene=STOML3
46	56	10612	10622	90.909	11	15.5	30	Exon_04|rel=7420-7502|len=83	NC_006088.5:172587582-172602052|strand=+|gene=STOML3
46	72	10814	10838	75.000	28	15.5	30	Exon_04|rel=7420-7502|len=83	NC_006088.5:172587582-172602052|strand=+|gene=STOML3
5	15	11721	11711	90.909	11	15.5	30	Exon_04|rel=7420-7502|len=83	NC_006088.5:172587582-172602052|strand=+|gene=STOML3
53	67	802	787	81.250	16	14.7	30	Exon_04|rel=7420-7502|len=83	NC_006088.5:172587582-172602052|strand=+|gene=STOML3
74	81	1957	1964	100.000	8	14.7	30	Exon_04|rel=7420-7502|len=83	NC_006088.5:172587582-172602052|strand=+|gene=STOML3
74	81	2680	2673	100.000	8	14.7	30	Exon_04|rel=7420-7502|len=83	NC_006088.5:172587582-172602052|strand=+|gene=STOML3
5	12	3020	3027	100.000	8	14.7	30	Exon_04|rel=7420-7502|len=83	NC_006088.5:172587582-172602052|strand=+|gene=STOML3
27	39	3429	3417	84.615	13	14.7	30	Exon_04|rel=7420-7502|len=83	NC_006088.5:172587582-172602052|strand=+|gene=STOML3
16	23	3607	3600	100.000	8	14.7	30	Exon_04|rel=7420-7502|len=83	NC_006088.5:172587582-172602052|strand=+|gene=STOML3
5	12	3855	3848	100.000	8	14.7	30	Exon_04|rel=7420-7502|len=83	NC_006088.5:172587582-172602052|strand=+|gene=STOML3
44	51	4189	4182	100.000	8	14.7	30	Exon_04|rel=7420-7502|len=83	NC_006088.5:172587582-172602052|strand=+|gene=STOML3
27	37	4904	4913	90.909	11	14.7	30	Exon_04|rel=7420-7502|len=83	NC_006088.5:172587582-172602052|strand=+|gene=STOML3
74	83	5098	5088	90.909	11	14.7	30	Exon_04|rel=7420-7502|len=83	NC_006088.5:172587582-172602052|strand=+|gene=STOML3
28	38	5896	5905	90.909	11	14.7	30	Exon_04|rel=7420-7502|len=83	NC_006088.5:172587582-172602052|strand=+|gene=STOML3
30	37	6069	6062	100.000	8	14.7	30	Exon_04|rel=7420-7502|len=83	NC_006088.5:172587582-172602052|strand=+|gene=STOML3
43	50	6387	6380	100.000	8	14.7	30	Exon_04|rel=7420-7502|len=83	NC_006088.5:172587582-172602052|strand=+|gene=STOML3
15	22	7105	7098	100.000	8	14.7	30	Exon_04|rel=7420-7502|len=83	NC_006088.5:172587582-172602052|strand=+|gene=STOML3
45	54	7651	7661	90.909	11	14.7	30	Exon_04|rel=7420-7502|len=83	NC_006088.5:172587582-172602052|strand=+|gene=STOML3
16	54	7908	7947	69.048	42	14.7	30	Exon_04|rel=7420-7502|len=83	NC_006088.5:172587582-172602052|strand=+|gene=STOML3
72	79	8092	8099	100.000	8	14.7	30	Exon_04|rel=7420-7502|len=83	NC_006088.5:172587582-172602052|strand=+|gene=STOML3
6	13	8737	8730	100.000	8	14.7	30	Exon_04|rel=7420-7502|len=83	NC_006088.5:172587582-172602052|strand=+|gene=STOML3
5	12	9466	9473	100.000	8	14.7	30	Exon_04|rel=7420-7502|len=83	NC_006088.5:172587582-172602052|strand=+|gene=STOML3
9	32	9736	9715	75.000	24	14.7	30	Exon_04|rel=7420-7502|len=83	NC_006088.5:172587582-172602052|strand=+|gene=STOML3
1	13	10119	10131	84.615	13	14.7	30	Exon_04|rel=7420-7502|len=83	NC_006088.5:172587582-172602052|strand=+|gene=STOML3
49	59	10490	10481	90.909	11	14.7	30	Exon_04|rel=7420-7502|len=83	NC_006088.5:172587582-172602052|strand=+|gene=STOML3
46	53	11047	11054	100.000	8	14.7	30	Exon_04|rel=7420-7502|len=83	NC_006088.5:172587582-172602052|strand=+|gene=STOML3
44	51	11081	11088	100.000	8	14.7	30	Exon_04|rel=7420-7502|len=83	NC_006088.5:172587582-172602052|strand=+|gene=STOML3
15	27	11551	11561	84.615	13	14.7	30	Exon_04|rel=7420-7502|len=83	NC_006088.5:172587582-172602052|strand=+|gene=STOML3
42	49	11729	11736	100.000	8	14.7	30	Exon_04|rel=7420-7502|len=83	NC_006088.5:172587582-172602052|strand=+|gene=STOML3
28	37	12348	12358	90.909	11	14.7	30	Exon_04|rel=7420-7502|len=83	NC_006088.5:172587582-172602052|strand=+|gene=STOML3
2	9	12503	12510	100.000	8	14.7	30	Exon_04|rel=7420-7502|len=83	NC_006088.5:172587582-172602052|strand=+|gene=STOML3
32	39	12621	12628	100.000	8	14.7	30	Exon_04|rel=7420-7502|len=83	NC_006088.5:172587582-172602052|strand=+|gene=STOML3
20	27	12741	12748	100.000	8	14.7	30	Exon_04|rel=7420-7502|len=83	NC_006088.5:172587582-172602052|strand=+|gene=STOML3
10	17	13507	13500	100.000	8	14.7	30	Exon_04|rel=7420-7502|len=83	NC_006088.5:172587582-172602052|strand=+|gene=STOML3
63	70	13547	13554	100.000	8	14.7	30	Exon_04|rel=7420-7502|len=83	NC_006088.5:172587582-172602052|strand=+|gene=STOML3
49	58	14037	14047	90.909	11	14.7	30	Exon_04|rel=7420-7502|len=83	NC_006088.5:172587582-172602052|strand=+|gene=STOML3
71	80	14306	14296	90.909	11	14.7	30	Exon_04|rel=7420-7502|len=83	NC_006088.5:172587582-172602052|strand=+|gene=STOML3
28	37	1652	1661	90.000	10	14.0	85	Exon_04|rel=7420-7502|len=83	NC_006088.5:172587582-172602052|strand=+|gene=STOML3
13	22	1938	1929	90.000	10	14.0	85	Exon_04|rel=7420-7502|len=83	NC_006088.5:172587582-172602052|strand=+|gene=STOML3
32	41	3325	3316	90.000	10	14.0	85	Exon_04|rel=7420-7502|len=83	NC_006088.5:172587582-172602052|strand=+|gene=STOML3
50	69	8543	8558	75.000	20	14.0	85	Exon_04|rel=7420-7502|len=83	NC_006088.5:172587582-172602052|strand=+|gene=STOML3
41	52	10059	10047	84.615	13	14.0	85	Exon_04|rel=7420-7502|len=83	NC_006088.5:172587582-172602052|strand=+|gene=STOML3
31	45	10168	10185	77.778	18	14.0	85	Exon_04|rel=7420-7502|len=83	NC_006088.5:172587582-172602052|strand=+|gene=STOML3
13	22	12954	12945	90.000	10	14.0	85	Exon_04|rel=7420-7502|len=83	NC_006088.5:172587582-172602052|strand=+|gene=STOML3
70	81	13026	13038	84.615	13	14.0	85	Exon_04|rel=7420-7502|len=83	NC_006088.5:172587582-172602052|strand=+|gene=STOML3
43	54	13708	13720	84.615	13	14.0	85	Exon_04|rel=7420-7502|len=83	NC_006088.5:172587582-172602052|strand=+|gene=STOML3
65	74	14232	14241	90.000	10	14.0	85	Exon_04|rel=7420-7502|len=83	NC_006088.5:172587582-172602052|strand=+|gene=STOML3
66	72	712	706	100.000	7	13.2	85	Exon_04|rel=7420-7502|len=83	NC_006088.5:172587582-172602052|strand=+|gene=STOML3
8	14	824	818	100.000	7	13.2	85	Exon_04|rel=7420-7502|len=83	NC_006088.5:172587582-172602052|strand=+|gene=STOML3
77	83	988	994	100.000	7	13.2	85	Exon_04|rel=7420-7502|len=83	NC_006088.5:172587582-172602052|strand=+|gene=STOML3
69	75	998	992	100.000	7	13.2	85	Exon_04|rel=7420-7502|len=83	NC_006088.5:172587582-172602052|strand=+|gene=STOML3
44	50	1505	1511	100.000	7	13.2	85	Exon_04|rel=7420-7502|len=83	NC_006088.5:172587582-172602052|strand=+|gene=STOML3
27	33	1806	1800	100.000	7	13.2	85	Exon_04|rel=7420-7502|len=83	NC_006088.5:172587582-172602052|strand=+|gene=STOML3
35	41	1803	1809	100.000	7	13.2	85	Exon_04|rel=7420-7502|len=83	NC_006088.5:172587582-172602052|strand=+|gene=STOML3
75	81	2300	2294	100.000	7	13.2	85	Exon_04|rel=7420-7502|len=83	NC_006088.5:172587582-172602052|strand=+|gene=STOML3
7	13	2472	2466	100.000	7	13.2	85	Exon_04|rel=7420-7502|len=83	NC_006088.5:172587582-172602052|strand=+|gene=STOML3
29	35	2806	2800	100.000	7	13.2	85	Exon_04|rel=7420-7502|len=83	NC_006088.5:172587582-172602052|strand=+|gene=STOML3
71	77	3046	3040	100.000	7	13.2	85	Exon_04|rel=7420-7502|len=83	NC_006088.5:172587582-172602052|strand=+|gene=STOML3
10	16	3052	3058	100.000	7	13.2	85	Exon_04|rel=7420-7502|len=83	NC_006088.5:172587582-172602052|strand=+|gene=STOML3
74	80	3465	3471	100.000	7	13.2	85	Exon_04|rel=7420-7502|len=83	NC_006088.5:172587582-172602052|strand=+|gene=STOML3
11	17	3813	3819	100.000	7	13.2	85	Exon_04|rel=7420-7502|len=83	NC_006088.5:172587582-172602052|strand=+|gene=STOML3
33	39	4157	4163	100.000	7	13.2	85	Exon_04|rel=7420-7502|len=83	NC_006088.5:172587582-172602052|strand=+|gene=STOML3
41	47	4422	4428	100.000	7	13.2	85	Exon_04|rel=7420-7502|len=83	NC_006088.5:172587582-172602052|strand=+|gene=STOML3
68	74	4468	4474	100.000	7	13.2	85	Exon_04|rel=7420-7502|len=83	NC_006088.5:172587582-172602052|strand=+|gene=STOML3
30	36	4595	4601	100.000	7	13.2	85	Exon_04|rel=7420-7502|len=83	NC_006088.5:172587582-172602052|strand=+|gene=STOML3
52	58	4703	4697	100.000	7	13.2	85	Exon_04|rel=7420-7502|len=83	NC_006088.5:172587582-172602052|strand=+|gene=STOML3
63	69	4857	4863	100.000	7	13.2	85	Exon_04|rel=7420-7502|len=83	NC_006088.5:172587582-172602052|strand=+|gene=STOML3
15	21	5105	5111	100.000	7	13.2	85	Exon_04|rel=7420-7502|len=83	NC_006088.5:172587582-172602052|strand=+|gene=STOML3
52	58	5829	5823	100.000	7	13.2	85	Exon_04|rel=7420-7502|len=83	NC_006088.5:172587582-172602052|strand=+|gene=STOML3
63	69	6669	6663	100.000	7	13.2	85	Exon_04|rel=7420-7502|len=83	NC_006088.5:172587582-172602052|strand=+|gene=STOML3
14	20	6778	6772	100.000	7	13.2	85	Exon_04|rel=7420-7502|len=83	NC_006088.5:172587582-172602052|strand=+|gene=STOML3
70	76	6985	6991	100.000	7	13.2	85	Exon_04|rel=7420-7502|len=83	NC_006088.5:172587582-172602052|strand=+|gene=STOML3
75	81	7115	7121	100.000	7	13.2	85	Exon_04|rel=7420-7502|len=83	NC_006088.5:172587582-172602052|strand=+|gene=STOML3
45	51	7191	7185	100.000	7	13.2	85	Exon_04|rel=7420-7502|len=83	NC_006088.5:172587582-172602052|strand=+|gene=STOML3
2	8	7567	7561	100.000	7	13.2	85	Exon_04|rel=7420-7502|len=83	NC_006088.5:172587582-172602052|strand=+|gene=STOML3
77	83	7774	7780	100.000	7	13.2	85	Exon_04|rel=7420-7502|len=83	NC_006088.5:172587582-172602052|strand=+|gene=STOML3
11	17	7846	7852	100.000	7	13.2	85	Exon_04|rel=7420-7502|len=83	NC_006088.5:172587582-172602052|strand=+|gene=STOML3
9	15	7864	7858	100.000	7	13.2	85	Exon_04|rel=7420-7502|len=83	NC_006088.5:172587582-172602052|strand=+|gene=STOML3
4	10	8053	8047	100.000	7	13.2	85	Exon_04|rel=7420-7502|len=83	NC_006088.5:172587582-172602052|strand=+|gene=STOML3
74	80	8168	8174	100.000	7	13.2	85	Exon_04|rel=7420-7502|len=83	NC_006088.5:172587582-172602052|strand=+|gene=STOML3
70	76	8251	8257	100.000	7	13.2	85	Exon_04|rel=7420-7502|len=83	NC_006088.5:172587582-172602052|strand=+|gene=STOML3
51	57	8587	8581	100.000	7	13.2	85	Exon_04|rel=7420-7502|len=83	NC_006088.5:172587582-172602052|strand=+|gene=STOML3
53	59	8682	8676	100.000	7	13.2	85	Exon_04|rel=7420-7502|len=83	NC_006088.5:172587582-172602052|strand=+|gene=STOML3
16	22	8817	8823	100.000	7	13.2	85	Exon_04|rel=7420-7502|len=83	NC_006088.5:172587582-172602052|strand=+|gene=STOML3
27	33	8901	8907	100.000	7	13.2	85	Exon_04|rel=7420-7502|len=83	NC_006088.5:172587582-172602052|strand=+|gene=STOML3
12	18	8902	8908	100.000	7	13.2	85	Exon_04|rel=7420-7502|len=83	NC_006088.5:172587582-172602052|strand=+|gene=STOML3
55	61	8953	8959	100.000	7	13.2	85	Exon_04|rel=7420-7502|len=83	NC_006088.5:172587582-172602052|strand=+|gene=STOML3
20	26	9028	9034	100.000	7	13.2	85	Exon_04|rel=7420-7502|len=83	NC_006088.5:172587582-172602052|strand=+|gene=STOML3
20	26	9035	9029	100.000	7	13.2	85	Exon_04|rel=7420-7502|len=83	NC_006088.5:172587582-172602052|strand=+|gene=STOML3
41	47	9151	9157	100.000	7	13.2	85	Exon_04|rel=7420-7502|len=83	NC_006088.5:172587582-172602052|strand=+|gene=STOML3
12	18	9260	9266	100.000	7	13.2	85	Exon_04|rel=7420-7502|len=83	NC_006088.5:172587582-172602052|strand=+|gene=STOML3
27	33	9710	9704	100.000	7	13.2	85	Exon_04|rel=7420-7502|len=83	NC_006088.5:172587582-172602052|strand=+|gene=STOML3
2	8	9976	9970	100.000	7	13.2	85	Exon_04|rel=7420-7502|len=83	NC_006088.5:172587582-172602052|strand=+|gene=STOML3
32	38	10564	10570	100.000	7	13.2	85	Exon_04|rel=7420-7502|len=83	NC_006088.5:172587582-172602052|strand=+|gene=STOML3
70	76	10597	10591	100.000	7	13.2	85	Exon_04|rel=7420-7502|len=83	NC_006088.5:172587582-172602052|strand=+|gene=STOML3
10	16	10834	10828	100.000	7	13.2	85	Exon_04|rel=7420-7502|len=83	NC_006088.5:172587582-172602052|strand=+|gene=STOML3
33	39	10893	10899	100.000	7	13.2	85	Exon_04|rel=7420-7502|len=83	NC_006088.5:172587582-172602052|strand=+|gene=STOML3
6	12	11728	11722	100.000	7	13.2	85	Exon_04|rel=7420-7502|len=83	NC_006088.5:172587582-172602052|strand=+|gene=STOML3
65	71	11847	11853	100.000	7	13.2	85	Exon_04|rel=7420-7502|len=83	NC_006088.5:172587582-172602052|strand=+|gene=STOML3
48	54	11877	11871	100.000	7	13.2	85	Exon_04|rel=7420-7502|len=83	NC_006088.5:172587582-172602052|strand=+|gene=STOML3
39	45	12822	12816	100.000	7	13.2	85	Exon_04|rel=7420-7502|len=83	NC_006088.5:172587582-172602052|strand=+|gene=STOML3
33	39	13255	13261	100.000	7	13.2	85	Exon_04|rel=7420-7502|len=83	NC_006088.5:172587582-172602052|strand=+|gene=STOML3
69	75	13415	13409	100.000	7	13.2	85	Exon_04|rel=7420-7502|len=83	NC_006088.5:172587582-172602052|strand=+|gene=STOML3
9	15	14093	14087	100.000	7	13.2	85	Exon_04|rel=7420-7502|len=83	NC_006088.5:172587582-172602052|strand=+|gene=STOML3
31	37	14163	14169	100.000	7	13.2	85	Exon_04|rel=7420-7502|len=83	NC_006088.5:172587582-172602052|strand=+|gene=STOML3
1	204	8937	9140	100.000	204	305	1.97e-86	Exon_05|rel=8937-9140|len=204	NC_006088.5:172587582-172602052|strand=+|gene=STOML3
74	101	3748	3720	79.310	29	22.9	0.54	Exon_05|rel=8937-9140|len=204	NC_006088.5:172587582-172602052|strand=+|gene=STOML3
27	44	4746	4763	88.889	18	22.2	0.54	Exon_05|rel=8937-9140|len=204	NC_006088.5:172587582-172602052|strand=+|gene=STOML3
63	75	7061	7049	100.000	13	22.2	0.54	Exon_05|rel=8937-9140|len=204	NC_006088.5:172587582-172602052|strand=+|gene=STOML3
5	45	4663	4619	71.739	46	21.4	1.5	Exon_05|rel=8937-9140|len=204	NC_006088.5:172587582-172602052|strand=+|gene=STOML3
110	164	14031	13986	68.966	58	19.9	4.2	Exon_05|rel=8937-9140|len=204	NC_006088.5:172587582-172602052|strand=+|gene=STOML3
181	198	1075	1093	84.211	19	19.2	4.2	Exon_05|rel=8937-9140|len=204	NC_006088.5:172587582-172602052|strand=+|gene=STOML3
32	45	11335	11323	92.857	14	19.2	4.2	Exon_05|rel=8937-9140|len=204	NC_006088.5:172587582-172602052|strand=+|gene=STOML3
39	49	12684	12674	100.000	11	19.2	4.2	Exon_05|rel=8937-9140|len=204	NC_006088.5:172587582-172602052|strand=+|gene=STOML3
192	204	9905	9893	92.308	13	18.4	12	Exon_05|rel=8937-9140|len=204	NC_006088.5:172587582-172602052|strand=+|gene=STOML3
170	188	10913	10932	80.952	21	18.4	12	Exon_05|rel=8937-9140|len=204	NC_006088.5:172587582-172602052|strand=+|gene=STOML3
107	135	13024	13050	75.862	29	18.4	12	Exon_05|rel=8937-9140|len=204	NC_006088.5:172587582-172602052|strand=+|gene=STOML3
116	135	1562	1543	80.000	20	17.7	12	Exon_05|rel=8937-9140|len=204	NC_006088.5:172587582-172602052|strand=+|gene=STOML3
130	141	4874	4862	92.308	13	17.7	12	Exon_05|rel=8937-9140|len=204	NC_006088.5:172587582-172602052|strand=+|gene=STOML3
82	163	7243	7321	65.556	90	17.7	12	Exon_05|rel=8937-9140|len=204	NC_006088.5:172587582-172602052|strand=+|gene=STOML3
149	158	7647	7656	100.000	10	17.7	12	Exon_05|rel=8937-9140|len=204	NC_006088.5:172587582-172602052|strand=+|gene=STOML3
116	135	8196	8177	80.000	20	17.7	12	Exon_05|rel=8937-9140|len=204	NC_006088.5:172587582-172602052|strand=+|gene=STOML3
91	100	9036	9027	100.000	10	17.7	12	Exon_05|rel=8937-9140|len=204	NC_006088.5:172587582-172602052|strand=+|gene=STOML3
82	112	11520	11555	70.270	37	17.7	12	Exon_05|rel=8937-9140|len=204	NC_006088.5:172587582-172602052|strand=+|gene=STOML3
161	170	12781	12772	100.000	10	17.7	12	Exon_05|rel=8937-9140|len=204	NC_006088.5:172587582-172602052|strand=+|gene=STOML3
158	167	13756	13765	100.000	10	17.7	12	Exon_05|rel=8937-9140|len=204	NC_006088.5:172587582-172602052|strand=+|gene=STOML3
2	13	2529	2518	91.667	12	17.0	33	Exon_05|rel=8937-9140|len=204	NC_006088.5:172587582-172602052|strand=+|gene=STOML3
87	110	2607	2585	76.000	25	17.0	33	Exon_05|rel=8937-9140|len=204	NC_006088.5:172587582-172602052|strand=+|gene=STOML3
133	153	4405	4388	80.952	21	17.0	33	Exon_05|rel=8937-9140|len=204	NC_006088.5:172587582-172602052|strand=+|gene=STOML3
156	167	7778	7767	91.667	12	17.0	33	Exon_05|rel=8937-9140|len=204	NC_006088.5:172587582-172602052|strand=+|gene=STOML3
2	13	9450	9439	91.667	12	17.0	33	Exon_05|rel=8937-9140|len=204	NC_006088.5:172587582-172602052|strand=+|gene=STOML3
190	201	9523	9512	91.667	12	17.0	33	Exon_05|rel=8937-9140|len=204	NC_006088.5:172587582-172602052|strand=+|gene=STOML3
130	141	9616	9627	91.667	12	17.0	33	Exon_05|rel=8937-9140|len=204	NC_006088.5:172587582-172602052|strand=+|gene=STOML3
86	100	11620	11607	86.667	15	17.0	33	Exon_05|rel=8937-9140|len=204	NC_006088.5:172587582-172602052|strand=+|gene=STOML3
174	187	14085	14099	86.667	15	17.0	33	Exon_05|rel=8937-9140|len=204	NC_006088.5:172587582-172602052|strand=+|gene=STOML3
169	177	280	272	100.000	9	16.2	33	Exon_05|rel=8937-9140|len=204	NC_006088.5:172587582-172602052|strand=+|gene=STOML3
191	204	468	455	85.714	14	16.2	33	Exon_05|rel=8937-9140|len=204	NC_006088.5:172587582-172602052|strand=+|gene=STOML3
109	117	997	989	100.000	9	16.2	33	Exon_05|rel=8937-9140|len=204	NC_006088.5:172587582-172602052|strand=+|gene=STOML3
20	41	1391	1411	77.273	22	16.2	33	Exon_05|rel=8937-9140|len=204	NC_006088.5:172587582-172602052|strand=+|gene=STOML3
160	171	1493	1480	85.714	14	16.2	33	Exon_05|rel=8937-9140|len=204	NC_006088.5:172587582-172602052|strand=+|gene=STOML3
133	144	1808	1818	91.667	12	16.2	33	Exon_05|rel=8937-9140|len=204	NC_006088.5:172587582-172602052|strand=+|gene=STOML3
51	67	3762	3777	82.353	17	16.2	33	Exon_05|rel=8937-9140|len=204	NC_006088.5:172587582-172602052|strand=+|gene=STOML3
109	117	3964	3956	100.000	9	16.2	33	Exon_05|rel=8937-9140|len=204	NC_006088.5:172587582-172602052|strand=+|gene=STOML3
39	47	4217	4209	100.000	9	16.2	33	Exon_05|rel=8937-9140|len=204	NC_006088.5:172587582-172602052|strand=+|gene=STOML3
121	129	4717	4725	100.000	9	16.2	33	Exon_05|rel=8937-9140|len=204	NC_006088.5:172587582-172602052|strand=+|gene=STOML3
31	39	5228	5236	100.000	9	16.2	33	Exon_05|rel=8937-9140|len=204	NC_006088.5:172587582-172602052|strand=+|gene=STOML3
94	105	5737	5727	91.667	12	16.2	33	Exon_05|rel=8937-9140|len=204	NC_006088.5:172587582-172602052|strand=+|gene=STOML3
2	10	8473	8481	100.000	9	16.2	33	Exon_05|rel=8937-9140|len=204	NC_006088.5:172587582-172602052|strand=+|gene=STOML3
88	96	8533	8525	100.000	9	16.2	33	Exon_05|rel=8937-9140|len=204	NC_006088.5:172587582-172602052|strand=+|gene=STOML3
138	146	9511	9503	100.000	9	16.2	33	Exon_05|rel=8937-9140|len=204	NC_006088.5:172587582-172602052|strand=+|gene=STOML3
47	55	9821	9813	100.000	9	16.2	33	Exon_05|rel=8937-9140|len=204	NC_006088.5:172587582-172602052|strand=+|gene=STOML3
63	71	10660	10652	100.000	9	16.2	33	Exon_05|rel=8937-9140|len=204	NC_006088.5:172587582-172602052|strand=+|gene=STOML3
116	124	11029	11037	100.000	9	16.2	33	Exon_05|rel=8937-9140|len=204	NC_006088.5:172587582-172602052|strand=+|gene=STOML3
133	141	11176	11168	100.000	9	16.2	33	Exon_05|rel=8937-9140|len=204	NC_006088.5:172587582-172602052|strand=+|gene=STOML3
1	45	11240	11293	68.519	54	16.2	33	Exon_05|rel=8937-9140|len=204	NC_006088.5:172587582-172602052|strand=+|gene=STOML3
63	74	11481	11494	85.714	14	16.2	33	Exon_05|rel=8937-9140|len=204	NC_006088.5:172587582-172602052|strand=+|gene=STOML3
111	124	11764	11777	85.714	14	16.2	33	Exon_05|rel=8937-9140|len=204	NC_006088.5:172587582-172602052|strand=+|gene=STOML3
136	144	12325	12333	100.000	9	16.2	33	Exon_05|rel=8937-9140|len=204	NC_006088.5:172587582-172602052|strand=+|gene=STOML3
189	197	13539	13531	100.000	9	16.2	33	Exon_05|rel=8937-9140|len=204	NC_006088.5:172587582-172602052|strand=+|gene=STOML3
78	88	60	70	90.909	11	15.5	93	Exon_05|rel=8937-9140|len=204	NC_006088.5:172587582-172602052|strand=+|gene=STOML3
140	155	483	468	81.250	16	15.5	93	Exon_05|rel=8937-9140|len=204	NC_006088.5:172587582-172602052|strand=+|gene=STOML3
179	189	8477	8467	90.909	11	15.5	93	Exon_05|rel=8937-9140|len=204	NC_006088.5:172587582-172602052|strand=+|gene=STOML3
116	126	9790	9780	90.909	11	15.5	93	Exon_05|rel=8937-9140|len=204	NC_006088.5:172587582-172602052|strand=+|gene=STOML3
95	111	11825	11845	76.190	21	15.5	93	Exon_05|rel=8937-9140|len=204	NC_006088.5:172587582-172602052|strand=+|gene=STOML3
88	100	12472	12485	85.714	14	15.5	93	Exon_05|rel=8937-9140|len=204	NC_006088.5:172587582-172602052|strand=+|gene=STOML3
172	182	12578	12568	90.909	11	15.5	93	Exon_05|rel=8937-9140|len=204	NC_006088.5:172587582-172602052|strand=+|gene=STOML3
141	156	13919	13904	82.353	17	15.5	93	Exon_05|rel=8937-9140|len=204	NC_006088.5:172587582-172602052|strand=+|gene=STOML3
151	165	13916	13932	82.353	17	15.5	93	Exon_05|rel=8937-9140|len=204	NC_006088.5:172587582-172602052|strand=+|gene=STOML3
8	18	14316	14306	90.909	11	15.5	93	Exon_05|rel=8937-9140|len=204	NC_006088.5:172587582-172602052|strand=+|gene=STOML3
95	102	291	298	100.000	8	14.7	93	Exon_05|rel=8937-9140|len=204	NC_006088.5:172587582-172602052|strand=+|gene=STOML3
132	139	493	500	100.000	8	14.7	93	Exon_05|rel=8937-9140|len=204	NC_006088.5:172587582-172602052|strand=+|gene=STOML3
46	53	757	750	100.000	8	14.7	93	Exon_05|rel=8937-9140|len=204	NC_006088.5:172587582-172602052|strand=+|gene=STOML3
11	18	1198	1205	100.000	8	14.7	93	Exon_05|rel=8937-9140|len=204	NC_006088.5:172587582-172602052|strand=+|gene=STOML3
153	160	1506	1513	100.000	8	14.7	93	Exon_05|rel=8937-9140|len=204	NC_006088.5:172587582-172602052|strand=+|gene=STOML3
38	45	1576	1569	100.000	8	14.7	93	Exon_05|rel=8937-9140|len=204	NC_006088.5:172587582-172602052|strand=+|gene=STOML3
162	169	1738	1731	100.000	8	14.7	93	Exon_05|rel=8937-9140|len=204	NC_006088.5:172587582-172602052|strand=+|gene=STOML3
14	21	1839	1832	100.000	8	14.7	93	Exon_05|rel=8937-9140|len=204	NC_006088.5:172587582-172602052|strand=+|gene=STOML3
72	79	2817	2810	100.000	8	14.7	93	Exon_05|rel=8937-9140|len=204	NC_006088.5:172587582-172602052|strand=+|gene=STOML3
192	199	2954	2947	100.000	8	14.7	93	Exon_05|rel=8937-9140|len=204	NC_006088.5:172587582-172602052|strand=+|gene=STOML3
51	58	3017	3024	100.000	8	14.7	93	Exon_05|rel=8937-9140|len=204	NC_006088.5:172587582-172602052|strand=+|gene=STOML3
145	152	3217	3210	100.000	8	14.7	93	Exon_05|rel=8937-9140|len=204	NC_006088.5:172587582-172602052|strand=+|gene=STOML3
114	121	3309	3316	100.000	8	14.7	93	Exon_05|rel=8937-9140|len=204	NC_006088.5:172587582-172602052|strand=+|gene=STOML3
66	73	3818	3811	100.000	8	14.7	93	Exon_05|rel=8937-9140|len=204	NC_006088.5:172587582-172602052|strand=+|gene=STOML3
164	176	3940	3928	84.615	13	14.7	93	Exon_05|rel=8937-9140|len=204	NC_006088.5:172587582-172602052|strand=+|gene=STOML3
97	104	4407	4414	100.000	8	14.7	93	Exon_05|rel=8937-9140|len=204	NC_006088.5:172587582-172602052|strand=+|gene=STOML3
163	170	4555	4562	100.000	8	14.7	93	Exon_05|rel=8937-9140|len=204	NC_006088.5:172587582-172602052|strand=+|gene=STOML3
43	50	4607	4600	100.000	8	14.7	93	Exon_05|rel=8937-9140|len=204	NC_006088.5:172587582-172602052|strand=+|gene=STOML3
179	186	4665	4672	100.000	8	14.7	93	Exon_05|rel=8937-9140|len=204	NC_006088.5:172587582-172602052|strand=+|gene=STOML3
119	126	5230	5223	100.000	8	14.7	93	Exon_05|rel=8937-9140|len=204	NC_006088.5:172587582-172602052|strand=+|gene=STOML3
51	58	5241	5234	100.000	8	14.7	93	Exon_05|rel=8937-9140|len=204	NC_006088.5:172587582-172602052|strand=+|gene=STOML3
182	189	5439	5446	100.000	8	14.7	93	Exon_05|rel=8937-9140|len=204	NC_006088.5:172587582-172602052|strand=+|gene=STOML3
66	73	5939	5946	100.000	8	14.7	93	Exon_05|rel=8937-9140|len=204	NC_006088.5:172587582-172602052|strand=+|gene=STOML3
2	9	5950	5943	100.000	8	14.7	93	Exon_05|rel=8937-9140|len=204	NC_006088.5:172587582-172602052|strand=+|gene=STOML3
155	162	6185	6178	100.000	8	14.7	93	Exon_05|rel=8937-9140|len=204	NC_006088.5:172587582-172602052|strand=+|gene=STOML3
140	147	6714	6707	100.000	8	14.7	93	Exon_05|rel=8937-9140|len=204	NC_006088.5:172587582-172602052|strand=+|gene=STOML3
60	67	6890	6897	100.000	8	14.7	93	Exon_05|rel=8937-9140|len=204	NC_006088.5:172587582-172602052|strand=+|gene=STOML3
102	114	7036	7024	84.615	13	14.7	93	Exon_05|rel=8937-9140|len=204	NC_006088.5:172587582-172602052|strand=+|gene=STOML3
46	53	7277	7270	100.000	8	14.7	93	Exon_05|rel=8937-9140|len=204	NC_006088.5:172587582-172602052|strand=+|gene=STOML3
125	132	8034	8027	100.000	8	14.7	93	Exon_05|rel=8937-9140|len=204	NC_006088.5:172587582-172602052|strand=+|gene=STOML3
196	203	8906	8899	100.000	8	14.7	93	Exon_05|rel=8937-9140|len=204	NC_006088.5:172587582-172602052|strand=+|gene=STOML3
77	84	9545	9552	100.000	8	14.7	93	Exon_05|rel=8937-9140|len=204	NC_006088.5:172587582-172602052|strand=+|gene=STOML3
191	198	9785	9778	100.000	8	14.7	93	Exon_05|rel=8937-9140|len=204	NC_006088.5:172587582-172602052|strand=+|gene=STOML3
183	190	10381	10388	100.000	8	14.7	93	Exon_05|rel=8937-9140|len=204	NC_006088.5:172587582-172602052|strand=+|gene=STOML3
26	33	10583	10576	100.000	8	14.7	93	Exon_05|rel=8937-9140|len=204	NC_006088.5:172587582-172602052|strand=+|gene=STOML3
164	171	10715	10722	100.000	8	14.7	93	Exon_05|rel=8937-9140|len=204	NC_006088.5:172587582-172602052|strand=+|gene=STOML3
4	11	10728	10735	100.000	8	14.7	93	Exon_05|rel=8937-9140|len=204	NC_006088.5:172587582-172602052|strand=+|gene=STOML3
139	151	11391	11379	84.615	13	14.7	93	Exon_05|rel=8937-9140|len=204	NC_006088.5:172587582-172602052|strand=+|gene=STOML3
160	167	11427	11420	100.000	8	14.7	93	Exon_05|rel=8937-9140|len=204	NC_006088.5:172587582-172602052|strand=+|gene=STOML3
82	89	11933	11926	100.000	8	14.7	93	Exon_05|rel=8937-9140|len=204	NC_006088.5:172587582-172602052|strand=+|gene=STOML3
46	53	11999	12006	100.000	8	14.7	93	Exon_05|rel=8937-9140|len=204	NC_006088.5:172587582-172602052|strand=+|gene=STOML3
132	139	12043	12050	100.000	8	14.7	93	Exon_05|rel=8937-9140|len=204	NC_006088.5:172587582-172602052|strand=+|gene=STOML3
59	66	12079	12086	100.000	8	14.7	93	Exon_05|rel=8937-9140|len=204	NC_006088.5:172587582-172602052|strand=+|gene=STOML3
116	123	12239	12232	100.000	8	14.7	93	Exon_05|rel=8937-9140|len=204	NC_006088.5:172587582-172602052|strand=+|gene=STOML3
88	95	12322	12329	100.000	8	14.7	93	Exon_05|rel=8937-9140|len=204	NC_006088.5:172587582-172602052|strand=+|gene=STOML3
62	69	12584	12591	100.000	8	14.7	93	Exon_05|rel=8937-9140|len=204	NC_006088.5:172587582-172602052|strand=+|gene=STOML3
49	56	12744	12751	100.000	8	14.7	93	Exon_05|rel=8937-9140|len=204	NC_006088.5:172587582-172602052|strand=+|gene=STOML3
33	40	13367	13360	100.000	8	14.7	93	Exon_05|rel=8937-9140|len=204	NC_006088.5:172587582-172602052|strand=+|gene=STOML3
107	114	13431	13438	100.000	8	14.7	93	Exon_05|rel=8937-9140|len=204	NC_006088.5:172587582-172602052|strand=+|gene=STOML3
1	8	13524	13517	100.000	8	14.7	93	Exon_05|rel=8937-9140|len=204	NC_006088.5:172587582-172602052|strand=+|gene=STOML3
118	125	13912	13905	100.000	8	14.7	93	Exon_05|rel=8937-9140|len=204	NC_006088.5:172587582-172602052|strand=+|gene=STOML3
133	140	14241	14234	100.000	8	14.7	93	Exon_05|rel=8937-9140|len=204	NC_006088.5:172587582-172602052|strand=+|gene=STOML3
1	135	9917	10051	100.000	135	203	8.92e-56	Exon_06|rel=9917-10051|len=135	NC_006088.5:172587582-172602052|strand=+|gene=STOML3
82	111	10173	10202	77.419	31	21.4	0.94	Exon_06|rel=9917-10051|len=135	NC_006088.5:172587582-172602052|strand=+|gene=STOML3
32	63	10902	10941	72.500	40	21.4	0.94	Exon_06|rel=9917-10051|len=135	NC_006088.5:172587582-172602052|strand=+|gene=STOML3
25	41	1671	1654	83.333	18	17.7	7.3	Exon_06|rel=9917-10051|len=135	NC_006088.5:172587582-172602052|strand=+|gene=STOML3
89	98	3249	3258	100.000	10	17.7	7.3	Exon_06|rel=9917-10051|len=135	NC_006088.5:172587582-172602052|strand=+|gene=STOML3
126	135	4668	4677	100.000	10	17.7	7.3	Exon_06|rel=9917-10051|len=135	NC_006088.5:172587582-172602052|strand=+|gene=STOML3
21	33	6938	6949	92.308	13	17.7	7.3	Exon_06|rel=9917-10051|len=135	NC_006088.5:172587582-172602052|strand=+|gene=STOML3
36	64	11787	11817	75.000	32	17.7	7.3	Exon_06|rel=9917-10051|len=135	NC_006088.5:172587582-172602052|strand=+|gene=STOML3
7	16	13151	13142	100.000	10	17.7	7.3	Exon_06|rel=9917-10051|len=135	NC_006088.5:172587582-172602052|strand=+|gene=STOML3
53	64	7560	7571	91.667	12	17.0	21	Exon_06|rel=9917-10051|len=135	NC_006088.5:172587582-172602052|strand=+|gene=STOML3
56	67	8748	8737	91.667	12	17.0	21	Exon_06|rel=9917-10051|len=135	NC_006088.5:172587582-172602052|strand=+|gene=STOML3
84	95	9659	9670	91.667	12	17.0	21	Exon_06|rel=9917-10051|len=135	NC_006088.5:172587582-172602052|strand=+|gene=STOML3
43	59	10400	10386	82.353	17	17.0	21	Exon_06|rel=9917-10051|len=135	NC_006088.5:172587582-172602052|strand=+|gene=STOML3
112	123	10697	10708	91.667	12	17.0	21	Exon_06|rel=9917-10051|len=135	NC_006088.5:172587582-172602052|strand=+|gene=STOML3
57	89	573	606	71.053	38	16.2	21	Exon_06|rel=9917-10051|len=135	NC_006088.5:172587582-172602052|strand=+|gene=STOML3
80	88	3351	3343	100.000	9	16.2	21	Exon_06|rel=9917-10051|len=135	NC_006088.5:172587582-172602052|strand=+|gene=STOML3
84	92	4484	4476	100.000	9	16.2	21	Exon_06|rel=9917-10051|len=135	NC_006088.5:172587582-172602052|strand=+|gene=STOML3
102	110	4831	4823	100.000	9	16.2	21	Exon_06|rel=9917-10051|len=135	NC_006088.5:172587582-172602052|strand=+|gene=STOML3
104	112	5837	5829	100.000	9	16.2	21	Exon_06|rel=9917-10051|len=135	NC_006088.5:172587582-172602052|strand=+|gene=STOML3
79	87	7311	7303	100.000	9	16.2	21	Exon_06|rel=9917-10051|len=135	NC_006088.5:172587582-172602052|strand=+|gene=STOML3
55	63	9725	9733	100.000	9	16.2	21	Exon_06|rel=9917-10051|len=135	NC_006088.5:172587582-172602052|strand=+|gene=STOML3
119	130	9729	9742	85.714	14	16.2	21	Exon_06|rel=9917-10051|len=135	NC_006088.5:172587582-172602052|strand=+|gene=STOML3
80	88	14342	14334	100.000	9	16.2	21	Exon_06|rel=9917-10051|len=135	NC_006088.5:172587582-172602052|strand=+|gene=STOML3
50	60	2303	2313	90.909	11	15.5	58	Exon_06|rel=9917-10051|len=135	NC_006088.5:172587582-172602052|strand=+|gene=STOML3
21	31	2629	2639	90.909	11	15.5	58	Exon_06|rel=9917-10051|len=135	NC_006088.5:172587582-172602052|strand=+|gene=STOML3
98	108	6157	6147	90.909	11	15.5	58	Exon_06|rel=9917-10051|len=135	NC_006088.5:172587582-172602052|strand=+|gene=STOML3
44	54	7502	7492	90.909	11	15.5	58	Exon_06|rel=9917-10051|len=135	NC_006088.5:172587582-172602052|strand=+|gene=STOML3
118	130	8599	8612	85.714	14	15.5	58	Exon_06|rel=9917-10051|len=135	NC_006088.5:172587582-172602052|strand=+|gene=STOML3
18	28	10554	10564	90.909	11	15.5	58	Exon_06|rel=9917-10051|len=135	NC_006088.5:172587582-172602052|strand=+|gene=STOML3
60	70	11276	11286	90.909	11	15.5	58	Exon_06|rel=9917-10051|len=135	NC_006088.5:172587582-172602052|strand=+|gene=STOML3
21	34	11330	11318	85.714	14	15.5	58	Exon_06|rel=9917-10051|len=135	NC_006088.5:172587582-172602052|strand=+|gene=STOML3
107	122	13924	13906	78.947	19	15.5	58	Exon_06|rel=9917-10051|len=135	NC_006088.5:172587582-172602052|strand=+|gene=STOML3
120	127	12	19	100.000	8	14.7	58	Exon_06|rel=9917-10051|len=135	NC_006088.5:172587582-172602052|strand=+|gene=STOML3
38	45	333	340	100.000	8	14.7	58	Exon_06|rel=9917-10051|len=135	NC_006088.5:172587582-172602052|strand=+|gene=STOML3
55	62	600	607	100.000	8	14.7	58	Exon_06|rel=9917-10051|len=135	NC_006088.5:172587582-172602052|strand=+|gene=STOML3
81	88	837	830	100.000	8	14.7	58	Exon_06|rel=9917-10051|len=135	NC_006088.5:172587582-172602052|strand=+|gene=STOML3
33	40	1232	1239	100.000	8	14.7	58	Exon_06|rel=9917-10051|len=135	NC_006088.5:172587582-172602052|strand=+|gene=STOML3
55	62	1233	1240	100.000	8	14.7	58	Exon_06|rel=9917-10051|len=135	NC_006088.5:172587582-172602052|strand=+|gene=STOML3
103	110	1643	1636	100.000	8	14.7	58	Exon_06|rel=9917-10051|len=135	NC_006088.5:172587582-172602052|strand=+|gene=STOML3
3	10	2967	2974	100.000	8	14.7	58	Exon_06|rel=9917-10051|len=135	NC_006088.5:172587582-172602052|strand=+|gene=STOML3
12	19	3318	3311	100.000	8	14.7	58	Exon_06|rel=9917-10051|len=135	NC_006088.5:172587582-172602052|strand=+|gene=STOML3
103	115	4487	4475	84.615	13	14.7	58	Exon_06|rel=9917-10051|len=135	NC_006088.5:172587582-172602052|strand=+|gene=STOML3
24	31	5119	5126	100.000	8	14.7	58	Exon_06|rel=9917-10051|len=135	NC_006088.5:172587582-172602052|strand=+|gene=STOML3
65	72	5156	5163	100.000	8	14.7	58	Exon_06|rel=9917-10051|len=135	NC_006088.5:172587582-172602052|strand=+|gene=STOML3
71	83	5276	5288	84.615	13	14.7	58	Exon_06|rel=9917-10051|len=135	NC_006088.5:172587582-172602052|strand=+|gene=STOML3
28	35	5387	5380	100.000	8	14.7	58	Exon_06|rel=9917-10051|len=135	NC_006088.5:172587582-172602052|strand=+|gene=STOML3
81	101	5838	5816	73.913	23	14.7	58	Exon_06|rel=9917-10051|len=135	NC_006088.5:172587582-172602052|strand=+|gene=STOML3
83	90	6246	6253	100.000	8	14.7	58	Exon_06|rel=9917-10051|len=135	NC_006088.5:172587582-172602052|strand=+|gene=STOML3
18	25	6853	6860	100.000	8	14.7	58	Exon_06|rel=9917-10051|len=135	NC_006088.5:172587582-172602052|strand=+|gene=STOML3
96	111	6878	6892	81.250	16	14.7	58	Exon_06|rel=9917-10051|len=135	NC_006088.5:172587582-172602052|strand=+|gene=STOML3
6	13	6920	6913	100.000	8	14.7	58	Exon_06|rel=9917-10051|len=135	NC_006088.5:172587582-172602052|strand=+|gene=STOML3
121	128	7358	7351	100.000	8	14.7	58	Exon_06|rel=9917-10051|len=135	NC_006088.5:172587582-172602052|strand=+|gene=STOML3
4	11	8051	8044	100.000	8	14.7	58	Exon_06|rel=9917-10051|len=135	NC_006088.5:172587582-172602052|strand=+|gene=STOML3
26	33	8209	8202	100.000	8	14.7	58	Exon_06|rel=9917-10051|len=135	NC_006088.5:172587582-172602052|strand=+|gene=STOML3
98	110	9455	9467	84.615	13	14.7	58	Exon_06|rel=9917-10051|len=135	NC_006088.5:172587582-172602052|strand=+|gene=STOML3
84	91	10335	10328	100.000	8	14.7	58	Exon_06|rel=9917-10051|len=135	NC_006088.5:172587582-172602052|strand=+|gene=STOML3
122	129	10700	10707	100.000	8	14.7	58	Exon_06|rel=9917-10051|len=135	NC_006088.5:172587582-172602052|strand=+|gene=STOML3
124	131	11483	11476	100.000	8	14.7	58	Exon_06|rel=9917-10051|len=135	NC_006088.5:172587582-172602052|strand=+|gene=STOML3
127	134	11578	11571	100.000	8	14.7	58	Exon_06|rel=9917-10051|len=135	NC_006088.5:172587582-172602052|strand=+|gene=STOML3
33	40	11807	11814	100.000	8	14.7	58	Exon_06|rel=9917-10051|len=135	NC_006088.5:172587582-172602052|strand=+|gene=STOML3
80	87	12184	12191	100.000	8	14.7	58	Exon_06|rel=9917-10051|len=135	NC_006088.5:172587582-172602052|strand=+|gene=STOML3
67	74	12271	12264	100.000	8	14.7	58	Exon_06|rel=9917-10051|len=135	NC_006088.5:172587582-172602052|strand=+|gene=STOML3
119	126	12827	12834	100.000	8	14.7	58	Exon_06|rel=9917-10051|len=135	NC_006088.5:172587582-172602052|strand=+|gene=STOML3
103	110	12829	12836	100.000	8	14.7	58	Exon_06|rel=9917-10051|len=135	NC_006088.5:172587582-172602052|strand=+|gene=STOML3
5	12	12950	12943	100.000	8	14.7	58	Exon_06|rel=9917-10051|len=135	NC_006088.5:172587582-172602052|strand=+|gene=STOML3
32	39	13714	13707	100.000	8	14.7	58	Exon_06|rel=9917-10051|len=135	NC_006088.5:172587582-172602052|strand=+|gene=STOML3
30	37	13725	13732	100.000	8	14.7	58	Exon_06|rel=9917-10051|len=135	NC_006088.5:172587582-172602052|strand=+|gene=STOML3
39	46	13754	13761	100.000	8	14.7	58	Exon_06|rel=9917-10051|len=135	NC_006088.5:172587582-172602052|strand=+|gene=STOML3
82	89	13809	13802	100.000	8	14.7	58	Exon_06|rel=9917-10051|len=135	NC_006088.5:172587582-172602052|strand=+|gene=STOML3
1	2290	10182	12471	100.000	2290	3405	0.0	Exon_07|rel=10182-12471|len=2290	NC_006088.5:172587582-172602052|strand=+|gene=STOML3
722	865	8013	8156	77.778	144	97.9	1.07e-22	Exon_07|rel=10182-12471|len=2290	NC_006088.5:172587582-172602052|strand=+|gene=STOML3
730	792	1400	1462	75.000	64	37.0	2.34e-04	Exon_07|rel=10182-12471|len=2290	NC_006088.5:172587582-172602052|strand=+|gene=STOML3
529	548	1492	1472	90.476	21	25.9	0.89	Exon_07|rel=10182-12471|len=2290	NC_006088.5:172587582-172602052|strand=+|gene=STOML3
530	552	10733	10711	86.957	23	25.9	0.89	Exon_07|rel=10182-12471|len=2290	NC_006088.5:172587582-172602052|strand=+|gene=STOML3
550	566	4272	4255	94.444	18	25.1	0.89	Exon_07|rel=10182-12471|len=2290	NC_006088.5:172587582-172602052|strand=+|gene=STOML3
1844	1860	1644	1628	94.118	17	24.4	2.5	Exon_07|rel=10182-12471|len=2290	NC_006088.5:172587582-172602052|strand=+|gene=STOML3
275	301	6036	6062	82.143	28	24.4	2.5	Exon_07|rel=10182-12471|len=2290	NC_006088.5:172587582-172602052|strand=+|gene=STOML3
1902	1940	6675	6636	75.610	41	24.4	2.5	Exon_07|rel=10182-12471|len=2290	NC_006088.5:172587582-172602052|strand=+|gene=STOML3
1026	1044	2266	2248	89.474	19	23.6	2.5	Exon_07|rel=10182-12471|len=2290	NC_006088.5:172587582-172602052|strand=+|gene=STOML3
285	303	4124	4106	89.474	19	23.6	2.5	Exon_07|rel=10182-12471|len=2290	NC_006088.5:172587582-172602052|strand=+|gene=STOML3
1114	1127	7684	7671	100.000	14	23.6	2.5	Exon_07|rel=10182-12471|len=2290	NC_006088.5:172587582-172602052|strand=+|gene=STOML3
448	471	4659	4639	83.333	24	22.9	7.0	Exon_07|rel=10182-12471|len=2290	NC_006088.5:172587582-172602052|strand=+|gene=STOML3
747	772	5433	5458	82.143	28	22.9	7.0	Exon_07|rel=10182-12471|len=2290	NC_006088.5:172587582-172602052|strand=+|gene=STOML3
284	312	6035	6058	79.310	29	22.9	7.0	Exon_07|rel=10182-12471|len=2290	NC_006088.5:172587582-172602052|strand=+|gene=STOML3
887	914	6198	6222	79.310	29	22.9	7.0	Exon_07|rel=10182-12471|len=2290	NC_006088.5:172587582-172602052|strand=+|gene=STOML3
309	321	2227	2215	100.000	13	22.2	7.0	Exon_07|rel=10182-12471|len=2290	NC_006088.5:172587582-172602052|strand=+|gene=STOML3
2148	2163	2376	2362	93.750	16	22.2	7.0	Exon_07|rel=10182-12471|len=2290	NC_006088.5:172587582-172602052|strand=+|gene=STOML3
734	767	4930	4898	75.000	36	22.2	7.0	Exon_07|rel=10182-12471|len=2290	NC_006088.5:172587582-172602052|strand=+|gene=STOML3
2274	2289	6428	6414	93.750	16	22.2	7.0	Exon_07|rel=10182-12471|len=2290	NC_006088.5:172587582-172602052|strand=+|gene=STOML3
1231	1248	6535	6518	88.889	18	22.2	7.0	Exon_07|rel=10182-12471|len=2290	NC_006088.5:172587582-172602052|strand=+|gene=STOML3
1050	1076	7254	7228	79.310	29	22.2	7.0	Exon_07|rel=10182-12471|len=2290	NC_006088.5:172587582-172602052|strand=+|gene=STOML3
1819	1841	12722	12700	82.609	23	22.2	7.0	Exon_07|rel=10182-12471|len=2290	NC_006088.5:172587582-172602052|strand=+|gene=STOML3
1234	1246	13770	13758	100.000	13	22.2	7.0	Exon_07|rel=10182-12471|len=2290	NC_006088.5:172587582-172602052|strand=+|gene=STOML3
841	877	1909	1944	73.684	38	21.4	20	Exon_07|rel=10182-12471|len=2290	NC_006088.5:172587582-172602052|strand=+|gene=STOML3
154	173	2720	2737	85.000	20	21.4	20	Exon_07|rel=10182-12471|len=2290	NC_006088.5:172587582-172602052|strand=+|gene=STOML3
1324	1340	2942	2959	88.889	18	21.4	20	Exon_07|rel=10182-12471|len=2290	NC_006088.5:172587582-172602052|strand=+|gene=STOML3
1861	1884	5144	5118	77.778	27	21.4	20	Exon_07|rel=10182-12471|len=2290	NC_006088.5:172587582-172602052|strand=+|gene=STOML3
89	115	7223	7196	78.571	28	21.4	20	Exon_07|rel=10182-12471|len=2290	NC_006088.5:172587582-172602052|strand=+|gene=STOML3
1048	1077	7477	7504	76.667	30	21.4	20	Exon_07|rel=10182-12471|len=2290	NC_006088.5:172587582-172602052|strand=+|gene=STOML3
1236	1250	11431	11417	93.333	15	21.4	20	Exon_07|rel=10182-12471|len=2290	NC_006088.5:172587582-172602052|strand=+|gene=STOML3
1208	1219	395	384	100.000	12	20.7	20	Exon_07|rel=10182-12471|len=2290	NC_006088.5:172587582-172602052|strand=+|gene=STOML3
2100	2111	1772	1783	100.000	12	20.7	20	Exon_07|rel=10182-12471|len=2290	NC_006088.5:172587582-172602052|strand=+|gene=STOML3
285	303	4117	4098	85.000	20	20.7	20	Exon_07|rel=10182-12471|len=2290	NC_006088.5:172587582-172602052|strand=+|gene=STOML3
2169	2180	4905	4916	100.000	12	20.7	20	Exon_07|rel=10182-12471|len=2290	NC_006088.5:172587582-172602052|strand=+|gene=STOML3
1433	1444	5478	5467	100.000	12	20.7	20	Exon_07|rel=10182-12471|len=2290	NC_006088.5:172587582-172602052|strand=+|gene=STOML3
286	299	6053	6067	93.333	15	20.7	20	Exon_07|rel=10182-12471|len=2290	NC_006088.5:172587582-172602052|strand=+|gene=STOML3
1612	1628	9559	9543	88.235	17	20.7	20	Exon_07|rel=10182-12471|len=2290	NC_006088.5:172587582-172602052|strand=+|gene=STOML3
1257	1271	9792	9779	93.333	15	20.7	20	Exon_07|rel=10182-12471|len=2290	NC_006088.5:172587582-172602052|strand=+|gene=STOML3
231	247	14166	14150	88.235	17	20.7	20	Exon_07|rel=10182-12471|len=2290	NC_006088.5:172587582-172602052|strand=+|gene=STOML3
815	833	1071	1089	84.211	19	19.9	55	Exon_07|rel=10182-12471|len=2290	NC_006088.5:172587582-172602052|strand=+|gene=STOML3
1118	1131	2246	2233	92.857	14	19.9	55	Exon_07|rel=10182-12471|len=2290	NC_006088.5:172587582-172602052|strand=+|gene=STOML3
1698	1711	3415	3402	92.857	14	19.9	55	Exon_07|rel=10182-12471|len=2290	NC_006088.5:172587582-172602052|strand=+|gene=STOML3
1244	1257	3592	3605	92.857	14	19.9	55	Exon_07|rel=10182-12471|len=2290	NC_006088.5:172587582-172602052|strand=+|gene=STOML3
1000	1013	4462	4449	92.857	14	19.9	55	Exon_07|rel=10182-12471|len=2290	NC_006088.5:172587582-172602052|strand=+|gene=STOML3
2212	2247	4969	5005	72.973	37	19.9	55	Exon_07|rel=10182-12471|len=2290	NC_006088.5:172587582-172602052|strand=+|gene=STOML3
1436	1449	5303	5290	92.857	14	19.9	55	Exon_07|rel=10182-12471|len=2290	NC_006088.5:172587582-172602052|strand=+|gene=STOML3
2239	2252	5446	5433	92.857	14	19.9	55	Exon_07|rel=10182-12471|len=2290	NC_006088.5:172587582-172602052|strand=+|gene=STOML3
124	137	5553	5566	92.857	14	19.9	55	Exon_07|rel=10182-12471|len=2290	NC_006088.5:172587582-172602052|strand=+|gene=STOML3
1402	1415	5871	5884	92.857	14	19.9	55	Exon_07|rel=10182-12471|len=2290	NC_006088.5:172587582-172602052|strand=+|gene=STOML3
1402	1418	6364	6379	88.235	17	19.9	55	Exon_07|rel=10182-12471|len=2290	NC_006088.5:172587582-172602052|strand=+|gene=STOML3
274	294	8517	8496	81.818	22	19.9	55	Exon_07|rel=10182-12471|len=2290	NC_006088.5:172587582-172602052|strand=+|gene=STOML3
50	65	9803	9787	88.235	17	19.9	55	Exon_07|rel=10182-12471|len=2290	NC_006088.5:172587582-172602052|strand=+|gene=STOML3
212	231	13187	13207	81.818	22	19.9	55	Exon_07|rel=10182-12471|len=2290	NC_006088.5:172587582-172602052|strand=+|gene=STOML3
605	618	14322	14309	92.857	14	19.9	55	Exon_07|rel=10182-12471|len=2290	NC_006088.5:172587582-172602052|strand=+|gene=STOML3
796	806	138	128	100.000	11	19.2	55	Exon_07|rel=10182-12471|len=2290	NC_006088.5:172587582-172602052|strand=+|gene=STOML3
852	862	2183	2193	100.000	11	19.2	55	Exon_07|rel=10182-12471|len=2290	NC_006088.5:172587582-172602052|strand=+|gene=STOML3
1782	1797	2409	2424	87.500	16	19.2	55	Exon_07|rel=10182-12471|len=2290	NC_006088.5:172587582-172602052|strand=+|gene=STOML3
726	736	3684	3694	100.000	11	19.2	55	Exon_07|rel=10182-12471|len=2290	NC_006088.5:172587582-172602052|strand=+|gene=STOML3
1114	1124	3992	4002	100.000	11	19.2	55	Exon_07|rel=10182-12471|len=2290	NC_006088.5:172587582-172602052|strand=+|gene=STOML3
1007	1017	4256	4246	100.000	11	19.2	55	Exon_07|rel=10182-12471|len=2290	NC_006088.5:172587582-172602052|strand=+|gene=STOML3
118	128	6305	6295	100.000	11	19.2	55	Exon_07|rel=10182-12471|len=2290	NC_006088.5:172587582-172602052|strand=+|gene=STOML3
924	934	6628	6618	100.000	11	19.2	55	Exon_07|rel=10182-12471|len=2290	NC_006088.5:172587582-172602052|strand=+|gene=STOML3
905	920	6702	6687	87.500	16	19.2	55	Exon_07|rel=10182-12471|len=2290	NC_006088.5:172587582-172602052|strand=+|gene=STOML3
1816	1826	7279	7269	100.000	11	19.2	55	Exon_07|rel=10182-12471|len=2290	NC_006088.5:172587582-172602052|strand=+|gene=STOML3
356	366	7897	7887	100.000	11	19.2	55	Exon_07|rel=10182-12471|len=2290	NC_006088.5:172587582-172602052|strand=+|gene=STOML3
1988	1998	11384	11394	100.000	11	19.2	55	Exon_07|rel=10182-12471|len=2290	NC_006088.5:172587582-172602052|strand=+|gene=STOML3
1203	1213	12169	12179	100.000	11	19.2	55	Exon_07|rel=10182-12471|len=2290	NC_006088.5:172587582-172602052|strand=+|gene=STOML3
944	964	13819	13799	80.952	21	19.2	55	Exon_07|rel=10182-12471|len=2290	NC_006088.5:172587582-172602052|strand=+|gene=STOML3
719	729	14418	14428	100.000	11	19.2	55	Exon_07|rel=10182-12471|len=2290	NC_006088.5:172587582-172602052|strand=+|gene=STOML3
