1	860	2001	2860	100.000	860	1280	0.0	Exon_01|rel=2001-2860|len=860	NC_006102.5:8084692-8113255|strand=-|gene=KREMEN1
420	461	4119	4163	77.778	45	30.3	0.029	Exon_01|rel=2001-2860|len=860	NC_006102.5:8084692-8113255|strand=-|gene=KREMEN1
57	186	2186	2057	66.197	142	29.6	0.029	Exon_01|rel=2001-2860|len=860	NC_006102.5:8084692-8113255|strand=-|gene=KREMEN1
643	665	9830	9808	91.304	23	29.6	0.029	Exon_01|rel=2001-2860|len=860	NC_006102.5:8084692-8113255|strand=-|gene=KREMEN1
417	445	2028	2003	82.759	29	28.1	0.082	Exon_01|rel=2001-2860|len=860	NC_006102.5:8084692-8113255|strand=-|gene=KREMEN1
3	28	2445	2417	82.759	29	28.1	0.082	Exon_01|rel=2001-2860|len=860	NC_006102.5:8084692-8113255|strand=-|gene=KREMEN1
423	453	10740	10709	81.250	32	27.4	0.23	Exon_01|rel=2001-2860|len=860	NC_006102.5:8084692-8113255|strand=-|gene=KREMEN1
153	189	5436	5406	78.378	37	26.6	0.23	Exon_01|rel=2001-2860|len=860	NC_006102.5:8084692-8113255|strand=-|gene=KREMEN1
158	220	9475	9532	71.212	66	25.1	0.64	Exon_01|rel=2001-2860|len=860	NC_006102.5:8084692-8113255|strand=-|gene=KREMEN1
150	225	9501	9584	67.816	87	25.1	0.64	Exon_01|rel=2001-2860|len=860	NC_006102.5:8084692-8113255|strand=-|gene=KREMEN1
12	26	22259	22273	100.000	15	25.1	0.64	Exon_01|rel=2001-2860|len=860	NC_006102.5:8084692-8113255|strand=-|gene=KREMEN1
1	19	2644	2663	90.000	20	24.4	1.8	Exon_01|rel=2001-2860|len=860	NC_006102.5:8084692-8113255|strand=-|gene=KREMEN1
6	22	10722	10738	94.118	17	24.4	1.8	Exon_01|rel=2001-2860|len=860	NC_006102.5:8084692-8113255|strand=-|gene=KREMEN1
7	23	10722	10738	94.118	17	24.4	1.8	Exon_01|rel=2001-2860|len=860	NC_006102.5:8084692-8113255|strand=-|gene=KREMEN1
825	854	15142	15114	80.000	30	24.4	1.8	Exon_01|rel=2001-2860|len=860	NC_006102.5:8084692-8113255|strand=-|gene=KREMEN1
825	854	25784	25812	80.000	30	24.4	1.8	Exon_01|rel=2001-2860|len=860	NC_006102.5:8084692-8113255|strand=-|gene=KREMEN1
634	663	1995	2021	77.419	31	23.6	1.8	Exon_01|rel=2001-2860|len=860	NC_006102.5:8084692-8113255|strand=-|gene=KREMEN1
14	27	5453	5466	100.000	14	23.6	1.8	Exon_01|rel=2001-2860|len=860	NC_006102.5:8084692-8113255|strand=-|gene=KREMEN1
10	43	9859	9828	76.471	34	23.6	1.8	Exon_01|rel=2001-2860|len=860	NC_006102.5:8084692-8113255|strand=-|gene=KREMEN1
826	851	12588	12618	77.419	31	23.6	1.8	Exon_01|rel=2001-2860|len=860	NC_006102.5:8084692-8113255|strand=-|gene=KREMEN1
2	23	15382	15402	86.364	22	23.6	1.8	Exon_01|rel=2001-2860|len=860	NC_006102.5:8084692-8113255|strand=-|gene=KREMEN1
11	24	22259	22272	100.000	14	23.6	1.8	Exon_01|rel=2001-2860|len=860	NC_006102.5:8084692-8113255|strand=-|gene=KREMEN1
718	743	22946	22972	81.481	27	23.6	1.8	Exon_01|rel=2001-2860|len=860	NC_006102.5:8084692-8113255|strand=-|gene=KREMEN1
6	21	2648	2663	93.750	16	22.9	5.0	Exon_01|rel=2001-2860|len=860	NC_006102.5:8084692-8113255|strand=-|gene=KREMEN1
13	28	5453	5468	93.750	16	22.9	5.0	Exon_01|rel=2001-2860|len=860	NC_006102.5:8084692-8113255|strand=-|gene=KREMEN1
295	307	1650	1662	100.000	13	22.2	5.0	Exon_01|rel=2001-2860|len=860	NC_006102.5:8084692-8113255|strand=-|gene=KREMEN1
353	436	5548	5452	65.686	102	22.2	5.0	Exon_01|rel=2001-2860|len=860	NC_006102.5:8084692-8113255|strand=-|gene=KREMEN1
779	799	6173	6198	80.769	26	22.2	5.0	Exon_01|rel=2001-2860|len=860	NC_006102.5:8084692-8113255|strand=-|gene=KREMEN1
655	667	19027	19015	100.000	13	22.2	5.0	Exon_01|rel=2001-2860|len=860	NC_006102.5:8084692-8113255|strand=-|gene=KREMEN1
421	436	22272	22258	93.750	16	22.2	5.0	Exon_01|rel=2001-2860|len=860	NC_006102.5:8084692-8113255|strand=-|gene=KREMEN1
763	787	22868	22843	80.769	26	22.2	5.0	Exon_01|rel=2001-2860|len=860	NC_006102.5:8084692-8113255|strand=-|gene=KREMEN1
114	131	24298	24315	88.889	18	22.2	5.0	Exon_01|rel=2001-2860|len=860	NC_006102.5:8084692-8113255|strand=-|gene=KREMEN1
603	618	25070	25053	88.889	18	22.2	5.0	Exon_01|rel=2001-2860|len=860	NC_006102.5:8084692-8113255|strand=-|gene=KREMEN1
650	684	5295	5325	74.286	35	21.4	14	Exon_01|rel=2001-2860|len=860	NC_006102.5:8084692-8113255|strand=-|gene=KREMEN1
217	231	5441	5427	93.333	15	21.4	14	Exon_01|rel=2001-2860|len=860	NC_006102.5:8084692-8113255|strand=-|gene=KREMEN1
4	28	9257	9281	80.000	25	21.4	14	Exon_01|rel=2001-2860|len=860	NC_006102.5:8084692-8113255|strand=-|gene=KREMEN1
1	26	10722	10752	74.194	31	21.4	14	Exon_01|rel=2001-2860|len=860	NC_006102.5:8084692-8113255|strand=-|gene=KREMEN1
420	437	11264	11283	85.000	20	21.4	14	Exon_01|rel=2001-2860|len=860	NC_006102.5:8084692-8113255|strand=-|gene=KREMEN1
217	255	16322	16361	72.093	43	21.4	14	Exon_01|rel=2001-2860|len=860	NC_006102.5:8084692-8113255|strand=-|gene=KREMEN1
564	586	18510	18491	82.609	23	21.4	14	Exon_01|rel=2001-2860|len=860	NC_006102.5:8084692-8113255|strand=-|gene=KREMEN1
796	813	21451	21432	85.000	20	21.4	14	Exon_01|rel=2001-2860|len=860	NC_006102.5:8084692-8113255|strand=-|gene=KREMEN1
419	433	22273	22259	93.333	15	21.4	14	Exon_01|rel=2001-2860|len=860	NC_006102.5:8084692-8113255|strand=-|gene=KREMEN1
776	798	23341	23365	80.769	26	21.4	14	Exon_01|rel=2001-2860|len=860	NC_006102.5:8084692-8113255|strand=-|gene=KREMEN1
420	441	2022	2001	81.818	22	20.7	14	Exon_01|rel=2001-2860|len=860	NC_006102.5:8084692-8113255|strand=-|gene=KREMEN1
1	22	2441	2420	81.818	22	20.7	14	Exon_01|rel=2001-2860|len=860	NC_006102.5:8084692-8113255|strand=-|gene=KREMEN1
8	22	4135	4119	88.235	17	20.7	14	Exon_01|rel=2001-2860|len=860	NC_006102.5:8084692-8113255|strand=-|gene=KREMEN1
11	22	5453	5464	100.000	12	20.7	14	Exon_01|rel=2001-2860|len=860	NC_006102.5:8084692-8113255|strand=-|gene=KREMEN1
12	23	5453	5464	100.000	12	20.7	14	Exon_01|rel=2001-2860|len=860	NC_006102.5:8084692-8113255|strand=-|gene=KREMEN1
520	531	5660	5649	100.000	12	20.7	14	Exon_01|rel=2001-2860|len=860	NC_006102.5:8084692-8113255|strand=-|gene=KREMEN1
420	436	9810	9826	88.235	17	20.7	14	Exon_01|rel=2001-2860|len=860	NC_006102.5:8084692-8113255|strand=-|gene=KREMEN1
426	439	10107	10093	93.333	15	20.7	14	Exon_01|rel=2001-2860|len=860	NC_006102.5:8084692-8113255|strand=-|gene=KREMEN1
8	24	15382	15398	88.235	17	20.7	14	Exon_01|rel=2001-2860|len=860	NC_006102.5:8084692-8113255|strand=-|gene=KREMEN1
595	606	16983	16972	100.000	12	20.7	14	Exon_01|rel=2001-2860|len=860	NC_006102.5:8084692-8113255|strand=-|gene=KREMEN1
359	370	18077	18066	100.000	12	20.7	14	Exon_01|rel=2001-2860|len=860	NC_006102.5:8084692-8113255|strand=-|gene=KREMEN1
201	228	18931	18953	75.000	28	20.7	14	Exon_01|rel=2001-2860|len=860	NC_006102.5:8084692-8113255|strand=-|gene=KREMEN1
623	639	20296	20312	88.235	17	20.7	14	Exon_01|rel=2001-2860|len=860	NC_006102.5:8084692-8113255|strand=-|gene=KREMEN1
5	19	22259	22272	93.333	15	20.7	14	Exon_01|rel=2001-2860|len=860	NC_006102.5:8084692-8113255|strand=-|gene=KREMEN1
6	20	22259	22272	93.333	15	20.7	14	Exon_01|rel=2001-2860|len=860	NC_006102.5:8084692-8113255|strand=-|gene=KREMEN1
7	21	22259	22272	93.333	15	20.7	14	Exon_01|rel=2001-2860|len=860	NC_006102.5:8084692-8113255|strand=-|gene=KREMEN1
450	466	24339	24355	88.235	17	20.7	14	Exon_01|rel=2001-2860|len=860	NC_006102.5:8084692-8113255|strand=-|gene=KREMEN1
825	854	27359	27387	76.667	30	20.7	14	Exon_01|rel=2001-2860|len=860	NC_006102.5:8084692-8113255|strand=-|gene=KREMEN1
644	662	2007	2025	84.211	19	19.9	40	Exon_01|rel=2001-2860|len=860	NC_006102.5:8084692-8113255|strand=-|gene=KREMEN1
354	370	2121	2136	88.235	17	19.9	40	Exon_01|rel=2001-2860|len=860	NC_006102.5:8084692-8113255|strand=-|gene=KREMEN1
121	136	2354	2370	88.235	17	19.9	40	Exon_01|rel=2001-2860|len=860	NC_006102.5:8084692-8113255|strand=-|gene=KREMEN1
7	25	2644	2662	84.211	19	19.9	40	Exon_01|rel=2001-2860|len=860	NC_006102.5:8084692-8113255|strand=-|gene=KREMEN1
633	651	8533	8551	84.211	19	19.9	40	Exon_01|rel=2001-2860|len=860	NC_006102.5:8084692-8113255|strand=-|gene=KREMEN1
620	633	9255	9268	92.857	14	19.9	40	Exon_01|rel=2001-2860|len=860	NC_006102.5:8084692-8113255|strand=-|gene=KREMEN1
421	434	9841	9854	92.857	14	19.9	40	Exon_01|rel=2001-2860|len=860	NC_006102.5:8084692-8113255|strand=-|gene=KREMEN1
7	20	9858	9845	92.857	14	19.9	40	Exon_01|rel=2001-2860|len=860	NC_006102.5:8084692-8113255|strand=-|gene=KREMEN1
655	670	9881	9865	88.235	17	19.9	40	Exon_01|rel=2001-2860|len=860	NC_006102.5:8084692-8113255|strand=-|gene=KREMEN1
525	538	10024	10011	92.857	14	19.9	40	Exon_01|rel=2001-2860|len=860	NC_006102.5:8084692-8113255|strand=-|gene=KREMEN1
2	25	10706	10736	74.194	31	19.9	40	Exon_01|rel=2001-2860|len=860	NC_006102.5:8084692-8113255|strand=-|gene=KREMEN1
649	670	10722	10748	77.778	27	19.9	40	Exon_01|rel=2001-2860|len=860	NC_006102.5:8084692-8113255|strand=-|gene=KREMEN1
501	514	11092	11105	92.857	14	19.9	40	Exon_01|rel=2001-2860|len=860	NC_006102.5:8084692-8113255|strand=-|gene=KREMEN1
758	771	15236	15249	92.857	14	19.9	40	Exon_01|rel=2001-2860|len=860	NC_006102.5:8084692-8113255|strand=-|gene=KREMEN1
835	859	19495	19516	76.923	26	19.9	40	Exon_01|rel=2001-2860|len=860	NC_006102.5:8084692-8113255|strand=-|gene=KREMEN1
359	372	23843	23856	92.857	14	19.9	40	Exon_01|rel=2001-2860|len=860	NC_006102.5:8084692-8113255|strand=-|gene=KREMEN1
635	656	25180	25160	81.818	22	19.9	40	Exon_01|rel=2001-2860|len=860	NC_006102.5:8084692-8113255|strand=-|gene=KREMEN1
42	60	27766	27784	84.211	19	19.9	40	Exon_01|rel=2001-2860|len=860	NC_006102.5:8084692-8113255|strand=-|gene=KREMEN1
98	108	1573	1583	100.000	11	19.2	40	Exon_01|rel=2001-2860|len=860	NC_006102.5:8084692-8113255|strand=-|gene=KREMEN1
648	663	2442	2427	87.500	16	19.2	40	Exon_01|rel=2001-2860|len=860	NC_006102.5:8084692-8113255|strand=-|gene=KREMEN1
427	442	2663	2648	87.500	16	19.2	40	Exon_01|rel=2001-2860|len=860	NC_006102.5:8084692-8113255|strand=-|gene=KREMEN1
170	180	6367	6377	100.000	11	19.2	40	Exon_01|rel=2001-2860|len=860	NC_006102.5:8084692-8113255|strand=-|gene=KREMEN1
335	350	7159	7174	87.500	16	19.2	40	Exon_01|rel=2001-2860|len=860	NC_006102.5:8084692-8113255|strand=-|gene=KREMEN1
806	816	8376	8386	100.000	11	19.2	40	Exon_01|rel=2001-2860|len=860	NC_006102.5:8084692-8113255|strand=-|gene=KREMEN1
658	668	8756	8746	100.000	11	19.2	40	Exon_01|rel=2001-2860|len=860	NC_006102.5:8084692-8113255|strand=-|gene=KREMEN1
417	427	9280	9290	100.000	11	19.2	40	Exon_01|rel=2001-2860|len=860	NC_006102.5:8084692-8113255|strand=-|gene=KREMEN1
426	436	9845	9855	100.000	11	19.2	40	Exon_01|rel=2001-2860|len=860	NC_006102.5:8084692-8113255|strand=-|gene=KREMEN1
424	434	10108	10098	100.000	11	19.2	40	Exon_01|rel=2001-2860|len=860	NC_006102.5:8084692-8113255|strand=-|gene=KREMEN1
648	663	10722	10737	87.500	16	19.2	40	Exon_01|rel=2001-2860|len=860	NC_006102.5:8084692-8113255|strand=-|gene=KREMEN1
646	666	11281	11261	80.952	21	19.2	40	Exon_01|rel=2001-2860|len=860	NC_006102.5:8084692-8113255|strand=-|gene=KREMEN1
833	848	12063	12048	87.500	16	19.2	40	Exon_01|rel=2001-2860|len=860	NC_006102.5:8084692-8113255|strand=-|gene=KREMEN1
734	744	14626	14616	100.000	11	19.2	40	Exon_01|rel=2001-2860|len=860	NC_006102.5:8084692-8113255|strand=-|gene=KREMEN1
330	340	15255	15245	100.000	11	19.2	40	Exon_01|rel=2001-2860|len=860	NC_006102.5:8084692-8113255|strand=-|gene=KREMEN1
1	22	15611	15633	79.167	24	19.2	40	Exon_01|rel=2001-2860|len=860	NC_006102.5:8084692-8113255|strand=-|gene=KREMEN1
739	749	17545	17555	100.000	11	19.2	40	Exon_01|rel=2001-2860|len=860	NC_006102.5:8084692-8113255|strand=-|gene=KREMEN1
563	573	17938	17928	100.000	11	19.2	40	Exon_01|rel=2001-2860|len=860	NC_006102.5:8084692-8113255|strand=-|gene=KREMEN1
283	293	18833	18843	100.000	11	19.2	40	Exon_01|rel=2001-2860|len=860	NC_006102.5:8084692-8113255|strand=-|gene=KREMEN1
379	389	19394	19404	100.000	11	19.2	40	Exon_01|rel=2001-2860|len=860	NC_006102.5:8084692-8113255|strand=-|gene=KREMEN1
418	428	23632	23622	100.000	11	19.2	40	Exon_01|rel=2001-2860|len=860	NC_006102.5:8084692-8113255|strand=-|gene=KREMEN1
414	424	28281	28291	100.000	11	19.2	40	Exon_01|rel=2001-2860|len=860	NC_006102.5:8084692-8113255|strand=-|gene=KREMEN1
798	813	28378	28393	87.500	16	19.2	40	Exon_01|rel=2001-2860|len=860	NC_006102.5:8084692-8113255|strand=-|gene=KREMEN1
1	1728	3422	5149	100.000	1728	2570	0.0	Exon_02|rel=3422-5149|len=1728	NC_006102.5:8084692-8113255|strand=-|gene=KREMEN1
698	742	2420	2461	77.778	45	30.3	0.060	Exon_02|rel=3422-5149|len=1728	NC_006102.5:8084692-8113255|strand=-|gene=KREMEN1
359	392	12438	12468	79.412	34	28.1	0.17	Exon_02|rel=3422-5149|len=1728	NC_006102.5:8084692-8113255|strand=-|gene=KREMEN1
1467	1499	12891	12924	80.000	35	28.1	0.17	Exon_02|rel=3422-5149|len=1728	NC_006102.5:8084692-8113255|strand=-|gene=KREMEN1
1000	1044	15948	15904	75.510	49	26.6	0.47	Exon_02|rel=3422-5149|len=1728	NC_006102.5:8084692-8113255|strand=-|gene=KREMEN1
97	113	9553	9537	94.118	17	24.4	3.7	Exon_02|rel=3422-5149|len=1728	NC_006102.5:8084692-8113255|strand=-|gene=KREMEN1
1415	1436	22306	22327	86.364	22	24.4	3.7	Exon_02|rel=3422-5149|len=1728	NC_006102.5:8084692-8113255|strand=-|gene=KREMEN1
1283	1316	1933	1964	77.143	35	23.6	3.7	Exon_02|rel=3422-5149|len=1728	NC_006102.5:8084692-8113255|strand=-|gene=KREMEN1
734	754	18229	18249	85.714	21	22.9	10	Exon_02|rel=3422-5149|len=1728	NC_006102.5:8084692-8113255|strand=-|gene=KREMEN1
438	465	3886	3859	78.571	28	22.2	10	Exon_02|rel=3422-5149|len=1728	NC_006102.5:8084692-8113255|strand=-|gene=KREMEN1
1133	1152	7599	7579	85.714	21	22.2	10	Exon_02|rel=3422-5149|len=1728	NC_006102.5:8084692-8113255|strand=-|gene=KREMEN1
1670	1687	9993	9976	88.889	18	22.2	10	Exon_02|rel=3422-5149|len=1728	NC_006102.5:8084692-8113255|strand=-|gene=KREMEN1
1353	1370	13805	13822	88.889	18	22.2	10	Exon_02|rel=3422-5149|len=1728	NC_006102.5:8084692-8113255|strand=-|gene=KREMEN1
83	110	17849	17822	78.571	28	22.2	10	Exon_02|rel=3422-5149|len=1728	NC_006102.5:8084692-8113255|strand=-|gene=KREMEN1
1414	1442	19436	19407	77.419	31	22.2	10	Exon_02|rel=3422-5149|len=1728	NC_006102.5:8084692-8113255|strand=-|gene=KREMEN1
698	720	27690	27712	82.609	23	22.2	10	Exon_02|rel=3422-5149|len=1728	NC_006102.5:8084692-8113255|strand=-|gene=KREMEN1
1606	1620	4901	4887	93.333	15	21.4	29	Exon_02|rel=3422-5149|len=1728	NC_006102.5:8084692-8113255|strand=-|gene=KREMEN1
1466	1480	5041	5027	93.333	15	21.4	29	Exon_02|rel=3422-5149|len=1728	NC_006102.5:8084692-8113255|strand=-|gene=KREMEN1
1143	1164	9986	9960	77.778	27	21.4	29	Exon_02|rel=3422-5149|len=1728	NC_006102.5:8084692-8113255|strand=-|gene=KREMEN1
265	279	15135	15121	93.333	15	21.4	29	Exon_02|rel=3422-5149|len=1728	NC_006102.5:8084692-8113255|strand=-|gene=KREMEN1
712	728	17956	17939	88.889	18	21.4	29	Exon_02|rel=3422-5149|len=1728	NC_006102.5:8084692-8113255|strand=-|gene=KREMEN1
1639	1673	18363	18400	73.684	38	21.4	29	Exon_02|rel=3422-5149|len=1728	NC_006102.5:8084692-8113255|strand=-|gene=KREMEN1
1456	1478	19401	19422	82.609	23	21.4	29	Exon_02|rel=3422-5149|len=1728	NC_006102.5:8084692-8113255|strand=-|gene=KREMEN1
1249	1268	24048	24031	85.000	20	21.4	29	Exon_02|rel=3422-5149|len=1728	NC_006102.5:8084692-8113255|strand=-|gene=KREMEN1
265	279	25791	25805	93.333	15	21.4	29	Exon_02|rel=3422-5149|len=1728	NC_006102.5:8084692-8113255|strand=-|gene=KREMEN1
1519	1530	790	801	100.000	12	20.7	29	Exon_02|rel=3422-5149|len=1728	NC_006102.5:8084692-8113255|strand=-|gene=KREMEN1
698	714	2022	2008	88.235	17	20.7	29	Exon_02|rel=3422-5149|len=1728	NC_006102.5:8084692-8113255|strand=-|gene=KREMEN1
1299	1312	3063	3049	93.333	15	20.7	29	Exon_02|rel=3422-5149|len=1728	NC_006102.5:8084692-8113255|strand=-|gene=KREMEN1
1216	1239	3447	3423	80.000	25	20.7	29	Exon_02|rel=3422-5149|len=1728	NC_006102.5:8084692-8113255|strand=-|gene=KREMEN1
2	26	4660	4637	80.000	25	20.7	29	Exon_02|rel=3422-5149|len=1728	NC_006102.5:8084692-8113255|strand=-|gene=KREMEN1
106	137	11898	11869	75.758	33	20.7	29	Exon_02|rel=3422-5149|len=1728	NC_006102.5:8084692-8113255|strand=-|gene=KREMEN1
92	110	11982	12001	85.000	20	20.7	29	Exon_02|rel=3422-5149|len=1728	NC_006102.5:8084692-8113255|strand=-|gene=KREMEN1
1102	1138	14013	13977	72.973	37	20.7	29	Exon_02|rel=3422-5149|len=1728	NC_006102.5:8084692-8113255|strand=-|gene=KREMEN1
39	57	16083	16102	85.000	20	20.7	29	Exon_02|rel=3422-5149|len=1728	NC_006102.5:8084692-8113255|strand=-|gene=KREMEN1
1446	1462	21906	21922	88.235	17	20.7	29	Exon_02|rel=3422-5149|len=1728	NC_006102.5:8084692-8113255|strand=-|gene=KREMEN1
1244	1260	23861	23845	88.235	17	20.7	29	Exon_02|rel=3422-5149|len=1728	NC_006102.5:8084692-8113255|strand=-|gene=KREMEN1
1369	1382	24898	24884	93.333	15	20.7	29	Exon_02|rel=3422-5149|len=1728	NC_006102.5:8084692-8113255|strand=-|gene=KREMEN1
829	842	224	237	92.857	14	19.9	81	Exon_02|rel=3422-5149|len=1728	NC_006102.5:8084692-8113255|strand=-|gene=KREMEN1
624	640	9574	9589	88.235	17	19.9	81	Exon_02|rel=3422-5149|len=1728	NC_006102.5:8084692-8113255|strand=-|gene=KREMEN1
97	110	11935	11948	92.857	14	19.9	81	Exon_02|rel=3422-5149|len=1728	NC_006102.5:8084692-8113255|strand=-|gene=KREMEN1
1689	1702	17154	17141	92.857	14	19.9	81	Exon_02|rel=3422-5149|len=1728	NC_006102.5:8084692-8113255|strand=-|gene=KREMEN1
695	713	23204	23222	84.211	19	19.9	81	Exon_02|rel=3422-5149|len=1728	NC_006102.5:8084692-8113255|strand=-|gene=KREMEN1
429	452	25568	25547	79.167	24	19.9	81	Exon_02|rel=3422-5149|len=1728	NC_006102.5:8084692-8113255|strand=-|gene=KREMEN1
404	417	25975	25962	92.857	14	19.9	81	Exon_02|rel=3422-5149|len=1728	NC_006102.5:8084692-8113255|strand=-|gene=KREMEN1
694	710	27562	27547	88.235	17	19.9	81	Exon_02|rel=3422-5149|len=1728	NC_006102.5:8084692-8113255|strand=-|gene=KREMEN1
1412	1427	679	664	87.500	16	19.2	81	Exon_02|rel=3422-5149|len=1728	NC_006102.5:8084692-8113255|strand=-|gene=KREMEN1
271	281	2964	2974	100.000	11	19.2	81	Exon_02|rel=3422-5149|len=1728	NC_006102.5:8084692-8113255|strand=-|gene=KREMEN1
928	938	6214	6224	100.000	11	19.2	81	Exon_02|rel=3422-5149|len=1728	NC_006102.5:8084692-8113255|strand=-|gene=KREMEN1
1352	1362	6837	6847	100.000	11	19.2	81	Exon_02|rel=3422-5149|len=1728	NC_006102.5:8084692-8113255|strand=-|gene=KREMEN1
177	187	6907	6917	100.000	11	19.2	81	Exon_02|rel=3422-5149|len=1728	NC_006102.5:8084692-8113255|strand=-|gene=KREMEN1
1260	1275	7652	7637	87.500	16	19.2	81	Exon_02|rel=3422-5149|len=1728	NC_006102.5:8084692-8113255|strand=-|gene=KREMEN1
267	277	10042	10032	100.000	11	19.2	81	Exon_02|rel=3422-5149|len=1728	NC_006102.5:8084692-8113255|strand=-|gene=KREMEN1
177	187	11963	11973	100.000	11	19.2	81	Exon_02|rel=3422-5149|len=1728	NC_006102.5:8084692-8113255|strand=-|gene=KREMEN1
274	289	12270	12285	87.500	16	19.2	81	Exon_02|rel=3422-5149|len=1728	NC_006102.5:8084692-8113255|strand=-|gene=KREMEN1
1559	1569	12947	12957	100.000	11	19.2	81	Exon_02|rel=3422-5149|len=1728	NC_006102.5:8084692-8113255|strand=-|gene=KREMEN1
275	290	15421	15436	87.500	16	19.2	81	Exon_02|rel=3422-5149|len=1728	NC_006102.5:8084692-8113255|strand=-|gene=KREMEN1
1587	1602	15737	15752	87.500	16	19.2	81	Exon_02|rel=3422-5149|len=1728	NC_006102.5:8084692-8113255|strand=-|gene=KREMEN1
1596	1611	15972	15987	87.500	16	19.2	81	Exon_02|rel=3422-5149|len=1728	NC_006102.5:8084692-8113255|strand=-|gene=KREMEN1
353	363	19604	19614	100.000	11	19.2	81	Exon_02|rel=3422-5149|len=1728	NC_006102.5:8084692-8113255|strand=-|gene=KREMEN1
1508	1523	19694	19709	87.500	16	19.2	81	Exon_02|rel=3422-5149|len=1728	NC_006102.5:8084692-8113255|strand=-|gene=KREMEN1
433	443	21433	21423	100.000	11	19.2	81	Exon_02|rel=3422-5149|len=1728	NC_006102.5:8084692-8113255|strand=-|gene=KREMEN1
728	738	23648	23658	100.000	11	19.2	81	Exon_02|rel=3422-5149|len=1728	NC_006102.5:8084692-8113255|strand=-|gene=KREMEN1
23	38	24051	24066	87.500	16	19.2	81	Exon_02|rel=3422-5149|len=1728	NC_006102.5:8084692-8113255|strand=-|gene=KREMEN1
926	936	25951	25941	100.000	11	19.2	81	Exon_02|rel=3422-5149|len=1728	NC_006102.5:8084692-8113255|strand=-|gene=KREMEN1
1292	1302	27834	27824	100.000	11	19.2	81	Exon_02|rel=3422-5149|len=1728	NC_006102.5:8084692-8113255|strand=-|gene=KREMEN1
1408	1418	28063	28073	100.000	11	19.2	81	Exon_02|rel=3422-5149|len=1728	NC_006102.5:8084692-8113255|strand=-|gene=KREMEN1
646	656	28131	28121	100.000	11	19.2	81	Exon_02|rel=3422-5149|len=1728	NC_006102.5:8084692-8113255|strand=-|gene=KREMEN1
515	525	28525	28535	100.000	11	19.2	81	Exon_02|rel=3422-5149|len=1728	NC_006102.5:8084692-8113255|strand=-|gene=KREMEN1
1	3664	5316	8979	100.000	3664	5447	0.0	Exon_03|rel=5316-8979|len=3664	NC_006102.5:8084692-8113255|strand=-|gene=KREMEN1
324	476	27800	27945	74.691	162	89.0	1.64e-19	Exon_03|rel=5316-8979|len=3664	NC_006102.5:8084692-8113255|strand=-|gene=KREMEN1
326	463	12858	12993	74.126	143	73.4	1.37e-14	Exon_03|rel=5316-8979|len=3664	NC_006102.5:8084692-8113255|strand=-|gene=KREMEN1
370	431	23315	23258	90.323	62	72.7	1.37e-14	Exon_03|rel=5316-8979|len=3664	NC_006102.5:8084692-8113255|strand=-|gene=KREMEN1
324	471	20630	20783	70.886	158	65.2	2.36e-12	Exon_03|rel=5316-8979|len=3664	NC_006102.5:8084692-8113255|strand=-|gene=KREMEN1
324	471	22078	21925	70.000	160	62.3	1.85e-11	Exon_03|rel=5316-8979|len=3664	NC_006102.5:8084692-8113255|strand=-|gene=KREMEN1
408	469	15146	15210	76.471	68	45.2	4.32e-06	Exon_03|rel=5316-8979|len=3664	NC_006102.5:8084692-8113255|strand=-|gene=KREMEN1
324	394	26091	26160	76.056	71	44.4	4.32e-06	Exon_03|rel=5316-8979|len=3664	NC_006102.5:8084692-8113255|strand=-|gene=KREMEN1
324	465	9473	9332	66.892	148	40.7	9.49e-05	Exon_03|rel=5316-8979|len=3664	NC_006102.5:8084692-8113255|strand=-|gene=KREMEN1
408	474	25780	25708	73.333	75	40.0	9.49e-05	Exon_03|rel=5316-8979|len=3664	NC_006102.5:8084692-8113255|strand=-|gene=KREMEN1
2614	2639	7449	7424	92.308	26	34.0	0.006	Exon_03|rel=5316-8979|len=3664	NC_006102.5:8084692-8113255|strand=-|gene=KREMEN1
2109	2134	7954	7929	92.308	26	34.0	0.006	Exon_03|rel=5316-8979|len=3664	NC_006102.5:8084692-8113255|strand=-|gene=KREMEN1
408	480	19912	19834	69.512	82	31.8	0.046	Exon_03|rel=5316-8979|len=3664	NC_006102.5:8084692-8113255|strand=-|gene=KREMEN1
324	377	20513	20567	74.545	55	31.8	0.046	Exon_03|rel=5316-8979|len=3664	NC_006102.5:8084692-8113255|strand=-|gene=KREMEN1
104	128	11935	11959	88.462	26	28.8	0.36	Exon_03|rel=5316-8979|len=3664	NC_006102.5:8084692-8113255|strand=-|gene=KREMEN1
83	127	11967	12011	76.596	47	28.8	0.36	Exon_03|rel=5316-8979|len=3664	NC_006102.5:8084692-8113255|strand=-|gene=KREMEN1
324	363	20496	20457	77.500	40	28.8	0.36	Exon_03|rel=5316-8979|len=3664	NC_006102.5:8084692-8113255|strand=-|gene=KREMEN1
259	288	5603	5574	78.788	33	27.4	1.0	Exon_03|rel=5316-8979|len=3664	NC_006102.5:8084692-8113255|strand=-|gene=KREMEN1
103	134	11957	11929	81.250	32	27.4	1.0	Exon_03|rel=5316-8979|len=3664	NC_006102.5:8084692-8113255|strand=-|gene=KREMEN1
1334	1405	27494	27562	68.354	79	26.6	1.0	Exon_03|rel=5316-8979|len=3664	NC_006102.5:8084692-8113255|strand=-|gene=KREMEN1
864	889	20551	20527	84.615	26	25.9	2.8	Exon_03|rel=5316-8979|len=3664	NC_006102.5:8084692-8113255|strand=-|gene=KREMEN1
1589	1603	11960	11974	100.000	15	25.1	2.8	Exon_03|rel=5316-8979|len=3664	NC_006102.5:8084692-8113255|strand=-|gene=KREMEN1
103	128	12014	11991	84.615	26	25.1	2.8	Exon_03|rel=5316-8979|len=3664	NC_006102.5:8084692-8113255|strand=-|gene=KREMEN1
2965	3005	13504	13471	73.171	41	25.1	2.8	Exon_03|rel=5316-8979|len=3664	NC_006102.5:8084692-8113255|strand=-|gene=KREMEN1
92	124	17013	16980	77.143	35	24.4	7.9	Exon_03|rel=5316-8979|len=3664	NC_006102.5:8084692-8113255|strand=-|gene=KREMEN1
126	150	22250	22273	84.000	25	24.4	7.9	Exon_03|rel=5316-8979|len=3664	NC_006102.5:8084692-8113255|strand=-|gene=KREMEN1
901	929	24033	24004	80.000	30	24.4	7.9	Exon_03|rel=5316-8979|len=3664	NC_006102.5:8084692-8113255|strand=-|gene=KREMEN1
320	349	27439	27411	80.000	30	24.4	7.9	Exon_03|rel=5316-8979|len=3664	NC_006102.5:8084692-8113255|strand=-|gene=KREMEN1
138	151	2014	2027	100.000	14	23.6	7.9	Exon_03|rel=5316-8979|len=3664	NC_006102.5:8084692-8113255|strand=-|gene=KREMEN1
23	57	11604	11636	77.143	35	23.6	7.9	Exon_03|rel=5316-8979|len=3664	NC_006102.5:8084692-8113255|strand=-|gene=KREMEN1
103	121	11940	11958	89.474	19	23.6	7.9	Exon_03|rel=5316-8979|len=3664	NC_006102.5:8084692-8113255|strand=-|gene=KREMEN1
103	121	11995	12013	89.474	19	23.6	7.9	Exon_03|rel=5316-8979|len=3664	NC_006102.5:8084692-8113255|strand=-|gene=KREMEN1
440	468	14857	14885	79.310	29	23.6	7.9	Exon_03|rel=5316-8979|len=3664	NC_006102.5:8084692-8113255|strand=-|gene=KREMEN1
138	153	2013	2028	93.750	16	22.9	22	Exon_03|rel=5316-8979|len=3664	NC_006102.5:8084692-8113255|strand=-|gene=KREMEN1
2670	2701	7435	7467	76.471	34	22.9	22	Exon_03|rel=5316-8979|len=3664	NC_006102.5:8084692-8113255|strand=-|gene=KREMEN1
2120	2152	7985	8016	76.471	34	22.9	22	Exon_03|rel=5316-8979|len=3664	NC_006102.5:8084692-8113255|strand=-|gene=KREMEN1
88	120	11981	12014	77.143	35	22.9	22	Exon_03|rel=5316-8979|len=3664	NC_006102.5:8084692-8113255|strand=-|gene=KREMEN1
120	143	13690	13668	83.333	24	22.9	22	Exon_03|rel=5316-8979|len=3664	NC_006102.5:8084692-8113255|strand=-|gene=KREMEN1
104	119	16336	16321	93.750	16	22.9	22	Exon_03|rel=5316-8979|len=3664	NC_006102.5:8084692-8113255|strand=-|gene=KREMEN1
3417	3443	18591	18567	81.481	27	22.9	22	Exon_03|rel=5316-8979|len=3664	NC_006102.5:8084692-8113255|strand=-|gene=KREMEN1
3254	3266	450	438	100.000	13	22.2	22	Exon_03|rel=5316-8979|len=3664	NC_006102.5:8084692-8113255|strand=-|gene=KREMEN1
137	233	2436	2353	65.686	102	22.2	22	Exon_03|rel=5316-8979|len=3664	NC_006102.5:8084692-8113255|strand=-|gene=KREMEN1
2264	2284	4573	4554	85.714	21	22.2	22	Exon_03|rel=5316-8979|len=3664	NC_006102.5:8084692-8113255|strand=-|gene=KREMEN1
771	791	9333	9352	85.714	21	22.2	22	Exon_03|rel=5316-8979|len=3664	NC_006102.5:8084692-8113255|strand=-|gene=KREMEN1
788	800	12064	12052	100.000	13	22.2	22	Exon_03|rel=5316-8979|len=3664	NC_006102.5:8084692-8113255|strand=-|gene=KREMEN1
1765	1779	17092	17077	93.750	16	22.2	22	Exon_03|rel=5316-8979|len=3664	NC_006102.5:8084692-8113255|strand=-|gene=KREMEN1
327	349	25858	25836	82.609	23	22.2	22	Exon_03|rel=5316-8979|len=3664	NC_006102.5:8084692-8113255|strand=-|gene=KREMEN1
1283	1295	28474	28462	100.000	13	22.2	22	Exon_03|rel=5316-8979|len=3664	NC_006102.5:8084692-8113255|strand=-|gene=KREMEN1
949	968	977	958	85.000	20	21.4	62	Exon_03|rel=5316-8979|len=3664	NC_006102.5:8084692-8113255|strand=-|gene=KREMEN1
112	126	2231	2217	93.333	15	21.4	62	Exon_03|rel=5316-8979|len=3664	NC_006102.5:8084692-8113255|strand=-|gene=KREMEN1
2510	2524	6429	6415	93.333	15	21.4	62	Exon_03|rel=5316-8979|len=3664	NC_006102.5:8084692-8113255|strand=-|gene=KREMEN1
1100	1114	7839	7825	93.333	15	21.4	62	Exon_03|rel=5316-8979|len=3664	NC_006102.5:8084692-8113255|strand=-|gene=KREMEN1
182	203	9276	9254	82.609	23	21.4	62	Exon_03|rel=5316-8979|len=3664	NC_006102.5:8084692-8113255|strand=-|gene=KREMEN1
569	583	9695	9681	93.333	15	21.4	62	Exon_03|rel=5316-8979|len=3664	NC_006102.5:8084692-8113255|strand=-|gene=KREMEN1
3228	3242	11282	11268	93.333	15	21.4	62	Exon_03|rel=5316-8979|len=3664	NC_006102.5:8084692-8113255|strand=-|gene=KREMEN1
109	128	16339	16320	85.000	20	21.4	62	Exon_03|rel=5316-8979|len=3664	NC_006102.5:8084692-8113255|strand=-|gene=KREMEN1
140	157	17664	17680	88.889	18	21.4	62	Exon_03|rel=5316-8979|len=3664	NC_006102.5:8084692-8113255|strand=-|gene=KREMEN1
3319	3333	22222	22208	93.333	15	21.4	62	Exon_03|rel=5316-8979|len=3664	NC_006102.5:8084692-8113255|strand=-|gene=KREMEN1
3062	3079	24098	24114	88.889	18	21.4	62	Exon_03|rel=5316-8979|len=3664	NC_006102.5:8084692-8113255|strand=-|gene=KREMEN1
2457	2468	1480	1469	100.000	12	20.7	62	Exon_03|rel=5316-8979|len=3664	NC_006102.5:8084692-8113255|strand=-|gene=KREMEN1
138	149	2011	2022	100.000	12	20.7	62	Exon_03|rel=5316-8979|len=3664	NC_006102.5:8084692-8113255|strand=-|gene=KREMEN1
138	149	2012	2023	100.000	12	20.7	62	Exon_03|rel=5316-8979|len=3664	NC_006102.5:8084692-8113255|strand=-|gene=KREMEN1
334	345	2531	2520	100.000	12	20.7	62	Exon_03|rel=5316-8979|len=3664	NC_006102.5:8084692-8113255|strand=-|gene=KREMEN1
3029	3045	5237	5253	88.235	17	20.7	62	Exon_03|rel=5316-8979|len=3664	NC_006102.5:8084692-8113255|strand=-|gene=KREMEN1
2436	2452	5298	5282	88.235	17	20.7	62	Exon_03|rel=5316-8979|len=3664	NC_006102.5:8084692-8113255|strand=-|gene=KREMEN1
2923	2934	8249	8238	100.000	12	20.7	62	Exon_03|rel=5316-8979|len=3664	NC_006102.5:8084692-8113255|strand=-|gene=KREMEN1
1525	1536	9122	9111	100.000	12	20.7	62	Exon_03|rel=5316-8979|len=3664	NC_006102.5:8084692-8113255|strand=-|gene=KREMEN1
1784	1795	10330	10341	100.000	12	20.7	62	Exon_03|rel=5316-8979|len=3664	NC_006102.5:8084692-8113255|strand=-|gene=KREMEN1
138	149	10727	10738	100.000	12	20.7	62	Exon_03|rel=5316-8979|len=3664	NC_006102.5:8084692-8113255|strand=-|gene=KREMEN1
1430	1446	10873	10857	88.235	17	20.7	62	Exon_03|rel=5316-8979|len=3664	NC_006102.5:8084692-8113255|strand=-|gene=KREMEN1
2083	2094	11160	11149	100.000	12	20.7	62	Exon_03|rel=5316-8979|len=3664	NC_006102.5:8084692-8113255|strand=-|gene=KREMEN1
716	737	13514	13535	81.818	22	20.7	62	Exon_03|rel=5316-8979|len=3664	NC_006102.5:8084692-8113255|strand=-|gene=KREMEN1
413	424	14896	14885	100.000	12	20.7	62	Exon_03|rel=5316-8979|len=3664	NC_006102.5:8084692-8113255|strand=-|gene=KREMEN1
1192	1208	21547	21531	88.235	17	20.7	62	Exon_03|rel=5316-8979|len=3664	NC_006102.5:8084692-8113255|strand=-|gene=KREMEN1
2509	2525	21610	21626	88.235	17	20.7	62	Exon_03|rel=5316-8979|len=3664	NC_006102.5:8084692-8113255|strand=-|gene=KREMEN1
1648	1659	23348	23359	100.000	12	20.7	62	Exon_03|rel=5316-8979|len=3664	NC_006102.5:8084692-8113255|strand=-|gene=KREMEN1
3312	3323	24334	24323	100.000	12	20.7	62	Exon_03|rel=5316-8979|len=3664	NC_006102.5:8084692-8113255|strand=-|gene=KREMEN1
2724	2740	24690	24674	88.235	17	20.7	62	Exon_03|rel=5316-8979|len=3664	NC_006102.5:8084692-8113255|strand=-|gene=KREMEN1
3037	3053	28142	28126	88.235	17	20.7	62	Exon_03|rel=5316-8979|len=3664	NC_006102.5:8084692-8113255|strand=-|gene=KREMEN1
1	85	9677	9761	100.000	85	129	2.16e-33	Exon_04|rel=9677-9761|len=85	NC_006102.5:8084692-8113255|strand=-|gene=KREMEN1
43	72	19881	19909	80.645	31	24.4	0.12	Exon_04|rel=9677-9761|len=85	NC_006102.5:8084692-8113255|strand=-|gene=KREMEN1
57	72	12044	12060	94.118	17	23.6	0.12	Exon_04|rel=9677-9761|len=85	NC_006102.5:8084692-8113255|strand=-|gene=KREMEN1
31	51	6943	6962	85.714	21	22.2	0.35	Exon_04|rel=9677-9761|len=85	NC_006102.5:8084692-8113255|strand=-|gene=KREMEN1
5	19	5898	5884	93.333	15	21.4	0.98	Exon_04|rel=9677-9761|len=85	NC_006102.5:8084692-8113255|strand=-|gene=KREMEN1
59	72	9375	9389	93.333	15	20.7	0.98	Exon_04|rel=9677-9761|len=85	NC_006102.5:8084692-8113255|strand=-|gene=KREMEN1
51	64	13398	13412	93.333	15	20.7	0.98	Exon_04|rel=9677-9761|len=85	NC_006102.5:8084692-8113255|strand=-|gene=KREMEN1
59	72	15163	15149	93.333	15	20.7	0.98	Exon_04|rel=9677-9761|len=85	NC_006102.5:8084692-8113255|strand=-|gene=KREMEN1
59	72	25763	25777	93.333	15	20.7	0.98	Exon_04|rel=9677-9761|len=85	NC_006102.5:8084692-8113255|strand=-|gene=KREMEN1
59	72	27338	27352	93.333	15	20.7	0.98	Exon_04|rel=9677-9761|len=85	NC_006102.5:8084692-8113255|strand=-|gene=KREMEN1
62	75	22887	22900	92.857	14	19.9	2.7	Exon_04|rel=9677-9761|len=85	NC_006102.5:8084692-8113255|strand=-|gene=KREMEN1
56	73	8338	8352	83.333	18	19.2	2.7	Exon_04|rel=9677-9761|len=85	NC_006102.5:8084692-8113255|strand=-|gene=KREMEN1
56	66	22357	22347	100.000	11	19.2	2.7	Exon_04|rel=9677-9761|len=85	NC_006102.5:8084692-8113255|strand=-|gene=KREMEN1
69	81	8125	8137	92.308	13	18.4	7.7	Exon_04|rel=9677-9761|len=85	NC_006102.5:8084692-8113255|strand=-|gene=KREMEN1
58	70	11238	11250	92.308	13	18.4	7.7	Exon_04|rel=9677-9761|len=85	NC_006102.5:8084692-8113255|strand=-|gene=KREMEN1
53	68	12059	12073	87.500	16	18.4	7.7	Exon_04|rel=9677-9761|len=85	NC_006102.5:8084692-8113255|strand=-|gene=KREMEN1
8	23	14989	15003	87.500	16	18.4	7.7	Exon_04|rel=9677-9761|len=85	NC_006102.5:8084692-8113255|strand=-|gene=KREMEN1
58	70	25685	25697	92.308	13	18.4	7.7	Exon_04|rel=9677-9761|len=85	NC_006102.5:8084692-8113255|strand=-|gene=KREMEN1
66	78	5477	5466	92.308	13	17.7	7.7	Exon_04|rel=9677-9761|len=85	NC_006102.5:8084692-8113255|strand=-|gene=KREMEN1
70	79	8172	8181	100.000	10	17.7	7.7	Exon_04|rel=9677-9761|len=85	NC_006102.5:8084692-8113255|strand=-|gene=KREMEN1
56	65	27031	27022	100.000	10	17.7	7.7	Exon_04|rel=9677-9761|len=85	NC_006102.5:8084692-8113255|strand=-|gene=KREMEN1
59	73	27429	27443	86.667	15	17.7	7.7	Exon_04|rel=9677-9761|len=85	NC_006102.5:8084692-8113255|strand=-|gene=KREMEN1
1	20	524	540	80.000	20	17.0	21	Exon_04|rel=9677-9761|len=85	NC_006102.5:8084692-8113255|strand=-|gene=KREMEN1
18	36	3816	3797	80.000	20	17.0	21	Exon_04|rel=9677-9761|len=85	NC_006102.5:8084692-8113255|strand=-|gene=KREMEN1
49	63	4040	4027	86.667	15	17.0	21	Exon_04|rel=9677-9761|len=85	NC_006102.5:8084692-8113255|strand=-|gene=KREMEN1
69	80	6016	6027	91.667	12	17.0	21	Exon_04|rel=9677-9761|len=85	NC_006102.5:8084692-8113255|strand=-|gene=KREMEN1
56	72	8343	8359	82.353	17	17.0	21	Exon_04|rel=9677-9761|len=85	NC_006102.5:8084692-8113255|strand=-|gene=KREMEN1
57	68	12329	12340	91.667	12	17.0	21	Exon_04|rel=9677-9761|len=85	NC_006102.5:8084692-8113255|strand=-|gene=KREMEN1
5	41	23255	23220	70.000	40	17.0	21	Exon_04|rel=9677-9761|len=85	NC_006102.5:8084692-8113255|strand=-|gene=KREMEN1
10	23	25441	25427	86.667	15	17.0	21	Exon_04|rel=9677-9761|len=85	NC_006102.5:8084692-8113255|strand=-|gene=KREMEN1
34	47	527	544	77.778	18	16.2	21	Exon_04|rel=9677-9761|len=85	NC_006102.5:8084692-8113255|strand=-|gene=KREMEN1
53	61	2844	2836	100.000	9	16.2	21	Exon_04|rel=9677-9761|len=85	NC_006102.5:8084692-8113255|strand=-|gene=KREMEN1
47	55	4523	4515	100.000	9	16.2	21	Exon_04|rel=9677-9761|len=85	NC_006102.5:8084692-8113255|strand=-|gene=KREMEN1
58	69	8021	8011	91.667	12	16.2	21	Exon_04|rel=9677-9761|len=85	NC_006102.5:8084692-8113255|strand=-|gene=KREMEN1
40	48	8997	8989	100.000	9	16.2	21	Exon_04|rel=9677-9761|len=85	NC_006102.5:8084692-8113255|strand=-|gene=KREMEN1
22	35	9711	9698	85.714	14	16.2	21	Exon_04|rel=9677-9761|len=85	NC_006102.5:8084692-8113255|strand=-|gene=KREMEN1
1	9	11531	11523	100.000	9	16.2	21	Exon_04|rel=9677-9761|len=85	NC_006102.5:8084692-8113255|strand=-|gene=KREMEN1
60	73	15070	15057	85.714	14	16.2	21	Exon_04|rel=9677-9761|len=85	NC_006102.5:8084692-8113255|strand=-|gene=KREMEN1
36	44	16142	16134	100.000	9	16.2	21	Exon_04|rel=9677-9761|len=85	NC_006102.5:8084692-8113255|strand=-|gene=KREMEN1
50	58	20670	20662	100.000	9	16.2	21	Exon_04|rel=9677-9761|len=85	NC_006102.5:8084692-8113255|strand=-|gene=KREMEN1
30	38	22219	22227	100.000	9	16.2	21	Exon_04|rel=9677-9761|len=85	NC_006102.5:8084692-8113255|strand=-|gene=KREMEN1
15	36	23116	23144	75.862	29	16.2	21	Exon_04|rel=9677-9761|len=85	NC_006102.5:8084692-8113255|strand=-|gene=KREMEN1
31	39	24281	24289	100.000	9	16.2	21	Exon_04|rel=9677-9761|len=85	NC_006102.5:8084692-8113255|strand=-|gene=KREMEN1
56	71	25450	25466	82.353	17	16.2	21	Exon_04|rel=9677-9761|len=85	NC_006102.5:8084692-8113255|strand=-|gene=KREMEN1
42	58	25881	25896	82.353	17	16.2	21	Exon_04|rel=9677-9761|len=85	NC_006102.5:8084692-8113255|strand=-|gene=KREMEN1
2	22	27609	27588	77.273	22	16.2	21	Exon_04|rel=9677-9761|len=85	NC_006102.5:8084692-8113255|strand=-|gene=KREMEN1
37	52	4106	4119	81.250	16	15.5	60	Exon_04|rel=9677-9761|len=85	NC_006102.5:8084692-8113255|strand=-|gene=KREMEN1
19	37	12669	12654	78.947	19	15.5	60	Exon_04|rel=9677-9761|len=85	NC_006102.5:8084692-8113255|strand=-|gene=KREMEN1
34	44	17191	17181	90.909	11	15.5	60	Exon_04|rel=9677-9761|len=85	NC_006102.5:8084692-8113255|strand=-|gene=KREMEN1
12	22	18520	18530	90.909	11	15.5	60	Exon_04|rel=9677-9761|len=85	NC_006102.5:8084692-8113255|strand=-|gene=KREMEN1
55	75	20687	20667	76.190	21	15.5	60	Exon_04|rel=9677-9761|len=85	NC_006102.5:8084692-8113255|strand=-|gene=KREMEN1
59	69	27233	27243	90.909	11	15.5	60	Exon_04|rel=9677-9761|len=85	NC_006102.5:8084692-8113255|strand=-|gene=KREMEN1
22	29	481	488	100.000	8	14.7	60	Exon_04|rel=9677-9761|len=85	NC_006102.5:8084692-8113255|strand=-|gene=KREMEN1
57	69	526	538	84.615	13	14.7	60	Exon_04|rel=9677-9761|len=85	NC_006102.5:8084692-8113255|strand=-|gene=KREMEN1
75	82	562	555	100.000	8	14.7	60	Exon_04|rel=9677-9761|len=85	NC_006102.5:8084692-8113255|strand=-|gene=KREMEN1
70	77	2149	2156	100.000	8	14.7	60	Exon_04|rel=9677-9761|len=85	NC_006102.5:8084692-8113255|strand=-|gene=KREMEN1
70	77	2160	2167	100.000	8	14.7	60	Exon_04|rel=9677-9761|len=85	NC_006102.5:8084692-8113255|strand=-|gene=KREMEN1
61	68	2848	2841	100.000	8	14.7	60	Exon_04|rel=9677-9761|len=85	NC_006102.5:8084692-8113255|strand=-|gene=KREMEN1
75	82	3250	3257	100.000	8	14.7	60	Exon_04|rel=9677-9761|len=85	NC_006102.5:8084692-8113255|strand=-|gene=KREMEN1
47	54	5109	5116	100.000	8	14.7	60	Exon_04|rel=9677-9761|len=85	NC_006102.5:8084692-8113255|strand=-|gene=KREMEN1
37	44	5621	5628	100.000	8	14.7	60	Exon_04|rel=9677-9761|len=85	NC_006102.5:8084692-8113255|strand=-|gene=KREMEN1
2	9	6170	6163	100.000	8	14.7	60	Exon_04|rel=9677-9761|len=85	NC_006102.5:8084692-8113255|strand=-|gene=KREMEN1
26	33	6778	6771	100.000	8	14.7	60	Exon_04|rel=9677-9761|len=85	NC_006102.5:8084692-8113255|strand=-|gene=KREMEN1
51	58	7573	7580	100.000	8	14.7	60	Exon_04|rel=9677-9761|len=85	NC_006102.5:8084692-8113255|strand=-|gene=KREMEN1
2	9	7929	7922	100.000	8	14.7	60	Exon_04|rel=9677-9761|len=85	NC_006102.5:8084692-8113255|strand=-|gene=KREMEN1
18	25	8626	8619	100.000	8	14.7	60	Exon_04|rel=9677-9761|len=85	NC_006102.5:8084692-8113255|strand=-|gene=KREMEN1
70	77	9477	9484	100.000	8	14.7	60	Exon_04|rel=9677-9761|len=85	NC_006102.5:8084692-8113255|strand=-|gene=KREMEN1
73	80	9505	9512	100.000	8	14.7	60	Exon_04|rel=9677-9761|len=85	NC_006102.5:8084692-8113255|strand=-|gene=KREMEN1
13	20	10743	10736	100.000	8	14.7	60	Exon_04|rel=9677-9761|len=85	NC_006102.5:8084692-8113255|strand=-|gene=KREMEN1
13	20	12288	12295	100.000	8	14.7	60	Exon_04|rel=9677-9761|len=85	NC_006102.5:8084692-8113255|strand=-|gene=KREMEN1
2	9	12457	12464	100.000	8	14.7	60	Exon_04|rel=9677-9761|len=85	NC_006102.5:8084692-8113255|strand=-|gene=KREMEN1
59	66	12730	12737	100.000	8	14.7	60	Exon_04|rel=9677-9761|len=85	NC_006102.5:8084692-8113255|strand=-|gene=KREMEN1
37	44	13070	13063	100.000	8	14.7	60	Exon_04|rel=9677-9761|len=85	NC_006102.5:8084692-8113255|strand=-|gene=KREMEN1
75	82	13183	13190	100.000	8	14.7	60	Exon_04|rel=9677-9761|len=85	NC_006102.5:8084692-8113255|strand=-|gene=KREMEN1
12	19	13205	13198	100.000	8	14.7	60	Exon_04|rel=9677-9761|len=85	NC_006102.5:8084692-8113255|strand=-|gene=KREMEN1
23	30	13578	13571	100.000	8	14.7	60	Exon_04|rel=9677-9761|len=85	NC_006102.5:8084692-8113255|strand=-|gene=KREMEN1
30	37	13625	13632	100.000	8	14.7	60	Exon_04|rel=9677-9761|len=85	NC_006102.5:8084692-8113255|strand=-|gene=KREMEN1
34	41	15176	15183	100.000	8	14.7	60	Exon_04|rel=9677-9761|len=85	NC_006102.5:8084692-8113255|strand=-|gene=KREMEN1
1	8	15440	15433	100.000	8	14.7	60	Exon_04|rel=9677-9761|len=85	NC_006102.5:8084692-8113255|strand=-|gene=KREMEN1
57	64	15731	15724	100.000	8	14.7	60	Exon_04|rel=9677-9761|len=85	NC_006102.5:8084692-8113255|strand=-|gene=KREMEN1
16	23	17004	17011	100.000	8	14.7	60	Exon_04|rel=9677-9761|len=85	NC_006102.5:8084692-8113255|strand=-|gene=KREMEN1
16	23	17015	17008	100.000	8	14.7	60	Exon_04|rel=9677-9761|len=85	NC_006102.5:8084692-8113255|strand=-|gene=KREMEN1
28	35	17389	17382	100.000	8	14.7	60	Exon_04|rel=9677-9761|len=85	NC_006102.5:8084692-8113255|strand=-|gene=KREMEN1
78	85	18424	18431	100.000	8	14.7	60	Exon_04|rel=9677-9761|len=85	NC_006102.5:8084692-8113255|strand=-|gene=KREMEN1
78	85	19163	19156	100.000	8	14.7	60	Exon_04|rel=9677-9761|len=85	NC_006102.5:8084692-8113255|strand=-|gene=KREMEN1
1	8	19311	19318	100.000	8	14.7	60	Exon_04|rel=9677-9761|len=85	NC_006102.5:8084692-8113255|strand=-|gene=KREMEN1
62	69	20506	20499	100.000	8	14.7	60	Exon_04|rel=9677-9761|len=85	NC_006102.5:8084692-8113255|strand=-|gene=KREMEN1
40	47	20950	20943	100.000	8	14.7	60	Exon_04|rel=9677-9761|len=85	NC_006102.5:8084692-8113255|strand=-|gene=KREMEN1
13	20	22160	22167	100.000	8	14.7	60	Exon_04|rel=9677-9761|len=85	NC_006102.5:8084692-8113255|strand=-|gene=KREMEN1
13	25	22653	22665	84.615	13	14.7	60	Exon_04|rel=9677-9761|len=85	NC_006102.5:8084692-8113255|strand=-|gene=KREMEN1
77	84	22716	22723	100.000	8	14.7	60	Exon_04|rel=9677-9761|len=85	NC_006102.5:8084692-8113255|strand=-|gene=KREMEN1
33	40	22898	22905	100.000	8	14.7	60	Exon_04|rel=9677-9761|len=85	NC_006102.5:8084692-8113255|strand=-|gene=KREMEN1
4	11	23959	23966	100.000	8	14.7	60	Exon_04|rel=9677-9761|len=85	NC_006102.5:8084692-8113255|strand=-|gene=KREMEN1
49	56	24454	24461	100.000	8	14.7	60	Exon_04|rel=9677-9761|len=85	NC_006102.5:8084692-8113255|strand=-|gene=KREMEN1
45	57	24681	24669	84.615	13	14.7	60	Exon_04|rel=9677-9761|len=85	NC_006102.5:8084692-8113255|strand=-|gene=KREMEN1
59	66	24698	24691	100.000	8	14.7	60	Exon_04|rel=9677-9761|len=85	NC_006102.5:8084692-8113255|strand=-|gene=KREMEN1
52	59	24965	24972	100.000	8	14.7	60	Exon_04|rel=9677-9761|len=85	NC_006102.5:8084692-8113255|strand=-|gene=KREMEN1
36	43	27234	27241	100.000	8	14.7	60	Exon_04|rel=9677-9761|len=85	NC_006102.5:8084692-8113255|strand=-|gene=KREMEN1
1	159	10226	10384	100.000	159	239	3.87e-66	Exon_05|rel=10226-10384|len=159	NC_006102.5:8084692-8113255|strand=-|gene=KREMEN1
39	56	9236	9217	85.000	20	21.4	2.2	Exon_05|rel=10226-10384|len=159	NC_006102.5:8084692-8113255|strand=-|gene=KREMEN1
10	41	4719	4750	76.471	34	20.7	2.2	Exon_05|rel=10226-10384|len=159	NC_006102.5:8084692-8113255|strand=-|gene=KREMEN1
105	116	7099	7110	100.000	12	20.7	2.2	Exon_05|rel=10226-10384|len=159	NC_006102.5:8084692-8113255|strand=-|gene=KREMEN1
134	159	1172	1197	76.923	26	19.2	6.2	Exon_05|rel=10226-10384|len=159	NC_006102.5:8084692-8113255|strand=-|gene=KREMEN1
39	56	15016	14998	84.211	19	19.2	6.2	Exon_05|rel=10226-10384|len=159	NC_006102.5:8084692-8113255|strand=-|gene=KREMEN1
6	19	15148	15136	92.857	14	19.2	6.2	Exon_05|rel=10226-10384|len=159	NC_006102.5:8084692-8113255|strand=-|gene=KREMEN1
83	93	19249	19259	100.000	11	19.2	6.2	Exon_05|rel=10226-10384|len=159	NC_006102.5:8084692-8113255|strand=-|gene=KREMEN1
97	114	4082	4065	83.333	18	18.4	17	Exon_05|rel=10226-10384|len=159	NC_006102.5:8084692-8113255|strand=-|gene=KREMEN1
64	78	4550	4565	87.500	16	18.4	17	Exon_05|rel=10226-10384|len=159	NC_006102.5:8084692-8113255|strand=-|gene=KREMEN1
65	81	8034	8052	84.211	19	18.4	17	Exon_05|rel=10226-10384|len=159	NC_006102.5:8084692-8113255|strand=-|gene=KREMEN1
76	93	9029	9046	83.333	18	18.4	17	Exon_05|rel=10226-10384|len=159	NC_006102.5:8084692-8113255|strand=-|gene=KREMEN1
93	109	9610	9592	84.211	19	18.4	17	Exon_05|rel=10226-10384|len=159	NC_006102.5:8084692-8113255|strand=-|gene=KREMEN1
17	29	14803	14791	92.308	13	18.4	17	Exon_05|rel=10226-10384|len=159	NC_006102.5:8084692-8113255|strand=-|gene=KREMEN1
94	116	28113	28135	78.261	23	18.4	17	Exon_05|rel=10226-10384|len=159	NC_006102.5:8084692-8113255|strand=-|gene=KREMEN1
71	83	28442	28454	92.308	13	18.4	17	Exon_05|rel=10226-10384|len=159	NC_006102.5:8084692-8113255|strand=-|gene=KREMEN1
20	29	3460	3469	100.000	10	17.7	17	Exon_05|rel=10226-10384|len=159	NC_006102.5:8084692-8113255|strand=-|gene=KREMEN1
94	103	9808	9799	100.000	10	17.7	17	Exon_05|rel=10226-10384|len=159	NC_006102.5:8084692-8113255|strand=-|gene=KREMEN1
8	22	9966	9952	86.667	15	17.7	17	Exon_05|rel=10226-10384|len=159	NC_006102.5:8084692-8113255|strand=-|gene=KREMEN1
1	10	14262	14253	100.000	10	17.7	17	Exon_05|rel=10226-10384|len=159	NC_006102.5:8084692-8113255|strand=-|gene=KREMEN1
5	23	15175	15195	80.952	21	17.7	17	Exon_05|rel=10226-10384|len=159	NC_006102.5:8084692-8113255|strand=-|gene=KREMEN1
20	29	16083	16092	100.000	10	17.7	17	Exon_05|rel=10226-10384|len=159	NC_006102.5:8084692-8113255|strand=-|gene=KREMEN1
11	20	22476	22467	100.000	10	17.7	17	Exon_05|rel=10226-10384|len=159	NC_006102.5:8084692-8113255|strand=-|gene=KREMEN1
15	27	22707	22718	92.308	13	17.7	17	Exon_05|rel=10226-10384|len=159	NC_006102.5:8084692-8113255|strand=-|gene=KREMEN1
62	82	24700	24676	76.000	25	17.7	17	Exon_05|rel=10226-10384|len=159	NC_006102.5:8084692-8113255|strand=-|gene=KREMEN1
40	51	93	104	91.667	12	17.0	49	Exon_05|rel=10226-10384|len=159	NC_006102.5:8084692-8113255|strand=-|gene=KREMEN1
2	22	111	134	75.000	24	17.0	49	Exon_05|rel=10226-10384|len=159	NC_006102.5:8084692-8113255|strand=-|gene=KREMEN1
102	121	1419	1401	80.000	20	17.0	49	Exon_05|rel=10226-10384|len=159	NC_006102.5:8084692-8113255|strand=-|gene=KREMEN1
102	113	1499	1510	91.667	12	17.0	49	Exon_05|rel=10226-10384|len=159	NC_006102.5:8084692-8113255|strand=-|gene=KREMEN1
97	121	4425	4446	76.000	25	17.0	49	Exon_05|rel=10226-10384|len=159	NC_006102.5:8084692-8113255|strand=-|gene=KREMEN1
7	23	5761	5742	80.000	20	17.0	49	Exon_05|rel=10226-10384|len=159	NC_006102.5:8084692-8113255|strand=-|gene=KREMEN1
132	145	13792	13778	86.667	15	17.0	49	Exon_05|rel=10226-10384|len=159	NC_006102.5:8084692-8113255|strand=-|gene=KREMEN1
12	23	14859	14870	91.667	12	17.0	49	Exon_05|rel=10226-10384|len=159	NC_006102.5:8084692-8113255|strand=-|gene=KREMEN1
97	113	16031	16045	82.353	17	17.0	49	Exon_05|rel=10226-10384|len=159	NC_006102.5:8084692-8113255|strand=-|gene=KREMEN1
116	127	16829	16840	91.667	12	17.0	49	Exon_05|rel=10226-10384|len=159	NC_006102.5:8084692-8113255|strand=-|gene=KREMEN1
12	23	19874	19863	91.667	12	17.0	49	Exon_05|rel=10226-10384|len=159	NC_006102.5:8084692-8113255|strand=-|gene=KREMEN1
12	23	20753	20764	91.667	12	17.0	49	Exon_05|rel=10226-10384|len=159	NC_006102.5:8084692-8113255|strand=-|gene=KREMEN1
12	23	21955	21944	91.667	12	17.0	49	Exon_05|rel=10226-10384|len=159	NC_006102.5:8084692-8113255|strand=-|gene=KREMEN1
10	32	25452	25472	78.261	23	17.0	49	Exon_05|rel=10226-10384|len=159	NC_006102.5:8084692-8113255|strand=-|gene=KREMEN1
12	23	25742	25731	91.667	12	17.0	49	Exon_05|rel=10226-10384|len=159	NC_006102.5:8084692-8113255|strand=-|gene=KREMEN1
85	93	1154	1162	100.000	9	16.2	49	Exon_05|rel=10226-10384|len=159	NC_006102.5:8084692-8113255|strand=-|gene=KREMEN1
84	92	2331	2323	100.000	9	16.2	49	Exon_05|rel=10226-10384|len=159	NC_006102.5:8084692-8113255|strand=-|gene=KREMEN1
133	146	3269	3282	85.714	14	16.2	49	Exon_05|rel=10226-10384|len=159	NC_006102.5:8084692-8113255|strand=-|gene=KREMEN1
134	142	3896	3904	100.000	9	16.2	49	Exon_05|rel=10226-10384|len=159	NC_006102.5:8084692-8113255|strand=-|gene=KREMEN1
91	106	5249	5265	82.353	17	16.2	49	Exon_05|rel=10226-10384|len=159	NC_006102.5:8084692-8113255|strand=-|gene=KREMEN1
92	105	5263	5276	85.714	14	16.2	49	Exon_05|rel=10226-10384|len=159	NC_006102.5:8084692-8113255|strand=-|gene=KREMEN1
46	54	6067	6075	100.000	9	16.2	49	Exon_05|rel=10226-10384|len=159	NC_006102.5:8084692-8113255|strand=-|gene=KREMEN1
147	155	6827	6835	100.000	9	16.2	49	Exon_05|rel=10226-10384|len=159	NC_006102.5:8084692-8113255|strand=-|gene=KREMEN1
37	45	7130	7138	100.000	9	16.2	49	Exon_05|rel=10226-10384|len=159	NC_006102.5:8084692-8113255|strand=-|gene=KREMEN1
6	14	7375	7383	100.000	9	16.2	49	Exon_05|rel=10226-10384|len=159	NC_006102.5:8084692-8113255|strand=-|gene=KREMEN1
104	112	7426	7434	100.000	9	16.2	49	Exon_05|rel=10226-10384|len=159	NC_006102.5:8084692-8113255|strand=-|gene=KREMEN1
84	92	7605	7597	100.000	9	16.2	49	Exon_05|rel=10226-10384|len=159	NC_006102.5:8084692-8113255|strand=-|gene=KREMEN1
95	103	8470	8462	100.000	9	16.2	49	Exon_05|rel=10226-10384|len=159	NC_006102.5:8084692-8113255|strand=-|gene=KREMEN1
93	106	9845	9832	85.714	14	16.2	49	Exon_05|rel=10226-10384|len=159	NC_006102.5:8084692-8113255|strand=-|gene=KREMEN1
8	16	12827	12819	100.000	9	16.2	49	Exon_05|rel=10226-10384|len=159	NC_006102.5:8084692-8113255|strand=-|gene=KREMEN1
11	24	13089	13076	85.714	14	16.2	49	Exon_05|rel=10226-10384|len=159	NC_006102.5:8084692-8113255|strand=-|gene=KREMEN1
98	106	13194	13202	100.000	9	16.2	49	Exon_05|rel=10226-10384|len=159	NC_006102.5:8084692-8113255|strand=-|gene=KREMEN1
100	108	13833	13841	100.000	9	16.2	49	Exon_05|rel=10226-10384|len=159	NC_006102.5:8084692-8113255|strand=-|gene=KREMEN1
39	62	13994	13968	74.074	27	16.2	49	Exon_05|rel=10226-10384|len=159	NC_006102.5:8084692-8113255|strand=-|gene=KREMEN1
43	56	13974	13987	85.714	14	16.2	49	Exon_05|rel=10226-10384|len=159	NC_006102.5:8084692-8113255|strand=-|gene=KREMEN1
131	139	15381	15389	100.000	9	16.2	49	Exon_05|rel=10226-10384|len=159	NC_006102.5:8084692-8113255|strand=-|gene=KREMEN1
44	52	20007	19999	100.000	9	16.2	49	Exon_05|rel=10226-10384|len=159	NC_006102.5:8084692-8113255|strand=-|gene=KREMEN1
148	156	21333	21341	100.000	9	16.2	49	Exon_05|rel=10226-10384|len=159	NC_006102.5:8084692-8113255|strand=-|gene=KREMEN1
90	98	24971	24963	100.000	9	16.2	49	Exon_05|rel=10226-10384|len=159	NC_006102.5:8084692-8113255|strand=-|gene=KREMEN1
61	69	26041	26049	100.000	9	16.2	49	Exon_05|rel=10226-10384|len=159	NC_006102.5:8084692-8113255|strand=-|gene=KREMEN1
9	17	26402	26394	100.000	9	16.2	49	Exon_05|rel=10226-10384|len=159	NC_006102.5:8084692-8113255|strand=-|gene=KREMEN1
83	91	27099	27091	100.000	9	16.2	49	Exon_05|rel=10226-10384|len=159	NC_006102.5:8084692-8113255|strand=-|gene=KREMEN1
131	139	27771	27779	100.000	9	16.2	49	Exon_05|rel=10226-10384|len=159	NC_006102.5:8084692-8113255|strand=-|gene=KREMEN1
47	55	28315	28307	100.000	9	16.2	49	Exon_05|rel=10226-10384|len=159	NC_006102.5:8084692-8113255|strand=-|gene=KREMEN1
1	333	10909	11241	100.000	333	497	1.32e-143	Exon_06|rel=10909-11241|len=333	NC_006102.5:8084692-8113255|strand=-|gene=KREMEN1
30	63	6861	6822	75.000	40	23.6	0.65	Exon_06|rel=10909-11241|len=333	NC_006102.5:8084692-8113255|strand=-|gene=KREMEN1
39	68	2030	2006	80.000	30	22.9	1.8	Exon_06|rel=10909-11241|len=333	NC_006102.5:8084692-8113255|strand=-|gene=KREMEN1
149	193	27418	27460	72.340	47	22.9	1.8	Exon_06|rel=10909-11241|len=333	NC_006102.5:8084692-8113255|strand=-|gene=KREMEN1
49	66	4119	4135	88.889	18	21.4	5.1	Exon_06|rel=10909-11241|len=333	NC_006102.5:8084692-8113255|strand=-|gene=KREMEN1
241	252	7409	7398	100.000	12	20.7	5.1	Exon_06|rel=10909-11241|len=333	NC_006102.5:8084692-8113255|strand=-|gene=KREMEN1
168	184	14284	14268	88.235	17	20.7	5.1	Exon_06|rel=10909-11241|len=333	NC_006102.5:8084692-8113255|strand=-|gene=KREMEN1
278	300	15878	15901	80.000	25	20.7	5.1	Exon_06|rel=10909-11241|len=333	NC_006102.5:8084692-8113255|strand=-|gene=KREMEN1
259	276	20144	20129	88.889	18	20.7	5.1	Exon_06|rel=10909-11241|len=333	NC_006102.5:8084692-8113255|strand=-|gene=KREMEN1
21	34	1834	1847	92.857	14	19.9	14	Exon_06|rel=10909-11241|len=333	NC_006102.5:8084692-8113255|strand=-|gene=KREMEN1
184	197	2501	2514	92.857	14	19.9	14	Exon_06|rel=10909-11241|len=333	NC_006102.5:8084692-8113255|strand=-|gene=KREMEN1
270	303	14446	14477	73.529	34	19.9	14	Exon_06|rel=10909-11241|len=333	NC_006102.5:8084692-8113255|strand=-|gene=KREMEN1
289	302	22804	22817	92.857	14	19.9	14	Exon_06|rel=10909-11241|len=333	NC_006102.5:8084692-8113255|strand=-|gene=KREMEN1
164	184	13539	13519	80.952	21	19.2	14	Exon_06|rel=10909-11241|len=333	NC_006102.5:8084692-8113255|strand=-|gene=KREMEN1
100	110	15961	15951	100.000	11	19.2	14	Exon_06|rel=10909-11241|len=333	NC_006102.5:8084692-8113255|strand=-|gene=KREMEN1
107	117	17589	17579	100.000	11	19.2	14	Exon_06|rel=10909-11241|len=333	NC_006102.5:8084692-8113255|strand=-|gene=KREMEN1
6	16	21026	21036	100.000	11	19.2	14	Exon_06|rel=10909-11241|len=333	NC_006102.5:8084692-8113255|strand=-|gene=KREMEN1
295	314	967	985	80.952	21	18.4	40	Exon_06|rel=10909-11241|len=333	NC_006102.5:8084692-8113255|strand=-|gene=KREMEN1
46	63	2662	2645	83.333	18	18.4	40	Exon_06|rel=10909-11241|len=333	NC_006102.5:8084692-8113255|strand=-|gene=KREMEN1
76	88	2881	2893	92.308	13	18.4	40	Exon_06|rel=10909-11241|len=333	NC_006102.5:8084692-8113255|strand=-|gene=KREMEN1
213	225	4035	4047	92.308	13	18.4	40	Exon_06|rel=10909-11241|len=333	NC_006102.5:8084692-8113255|strand=-|gene=KREMEN1
148	160	6450	6438	92.308	13	18.4	40	Exon_06|rel=10909-11241|len=333	NC_006102.5:8084692-8113255|strand=-|gene=KREMEN1
182	204	21729	21707	78.261	23	18.4	40	Exon_06|rel=10909-11241|len=333	NC_006102.5:8084692-8113255|strand=-|gene=KREMEN1
259	271	26612	26624	92.308	13	18.4	40	Exon_06|rel=10909-11241|len=333	NC_006102.5:8084692-8113255|strand=-|gene=KREMEN1
314	328	937	923	86.667	15	17.7	40	Exon_06|rel=10909-11241|len=333	NC_006102.5:8084692-8113255|strand=-|gene=KREMEN1
258	272	1524	1538	86.667	15	17.7	40	Exon_06|rel=10909-11241|len=333	NC_006102.5:8084692-8113255|strand=-|gene=KREMEN1
60	69	1927	1936	100.000	10	17.7	40	Exon_06|rel=10909-11241|len=333	NC_006102.5:8084692-8113255|strand=-|gene=KREMEN1
293	307	4292	4278	86.667	15	17.7	40	Exon_06|rel=10909-11241|len=333	NC_006102.5:8084692-8113255|strand=-|gene=KREMEN1
295	309	7274	7260	86.667	15	17.7	40	Exon_06|rel=10909-11241|len=333	NC_006102.5:8084692-8113255|strand=-|gene=KREMEN1
296	305	7616	7625	100.000	10	17.7	40	Exon_06|rel=10909-11241|len=333	NC_006102.5:8084692-8113255|strand=-|gene=KREMEN1
43	52	10110	10101	100.000	10	17.7	40	Exon_06|rel=10909-11241|len=333	NC_006102.5:8084692-8113255|strand=-|gene=KREMEN1
50	59	10454	10445	100.000	10	17.7	40	Exon_06|rel=10909-11241|len=333	NC_006102.5:8084692-8113255|strand=-|gene=KREMEN1
1	10	14963	14972	100.000	10	17.7	40	Exon_06|rel=10909-11241|len=333	NC_006102.5:8084692-8113255|strand=-|gene=KREMEN1
173	199	16549	16522	75.000	28	17.7	40	Exon_06|rel=10909-11241|len=333	NC_006102.5:8084692-8113255|strand=-|gene=KREMEN1
277	286	18421	18412	100.000	10	17.7	40	Exon_06|rel=10909-11241|len=333	NC_006102.5:8084692-8113255|strand=-|gene=KREMEN1
69	78	20378	20369	100.000	10	17.7	40	Exon_06|rel=10909-11241|len=333	NC_006102.5:8084692-8113255|strand=-|gene=KREMEN1
19	33	20928	20942	86.667	15	17.7	40	Exon_06|rel=10909-11241|len=333	NC_006102.5:8084692-8113255|strand=-|gene=KREMEN1
46	55	22265	22256	100.000	10	17.7	40	Exon_06|rel=10909-11241|len=333	NC_006102.5:8084692-8113255|strand=-|gene=KREMEN1
300	309	22447	22438	100.000	10	17.7	40	Exon_06|rel=10909-11241|len=333	NC_006102.5:8084692-8113255|strand=-|gene=KREMEN1
250	271	23130	23155	76.923	26	17.7	40	Exon_06|rel=10909-11241|len=333	NC_006102.5:8084692-8113255|strand=-|gene=KREMEN1
43	52	23535	23544	100.000	10	17.7	40	Exon_06|rel=10909-11241|len=333	NC_006102.5:8084692-8113255|strand=-|gene=KREMEN1
19	28	24124	24115	100.000	10	17.7	40	Exon_06|rel=10909-11241|len=333	NC_006102.5:8084692-8113255|strand=-|gene=KREMEN1
37	46	24163	24154	100.000	10	17.7	40	Exon_06|rel=10909-11241|len=333	NC_006102.5:8084692-8113255|strand=-|gene=KREMEN1
263	272	24395	24404	100.000	10	17.7	40	Exon_06|rel=10909-11241|len=333	NC_006102.5:8084692-8113255|strand=-|gene=KREMEN1
1	154	14113	14266	100.000	154	231	6.41e-64	Exon_07|rel=14113-14266|len=154	NC_006102.5:8084692-8113255|strand=-|gene=KREMEN1
62	84	21602	21579	83.333	24	22.9	0.76	Exon_07|rel=14113-14266|len=154	NC_006102.5:8084692-8113255|strand=-|gene=KREMEN1
114	127	939	925	93.333	15	20.7	2.1	Exon_07|rel=14113-14266|len=154	NC_006102.5:8084692-8113255|strand=-|gene=KREMEN1
52	72	10448	10427	81.818	22	19.9	5.9	Exon_07|rel=14113-14266|len=154	NC_006102.5:8084692-8113255|strand=-|gene=KREMEN1
16	29	19633	19646	92.857	14	19.9	5.9	Exon_07|rel=14113-14266|len=154	NC_006102.5:8084692-8113255|strand=-|gene=KREMEN1
31	59	21564	21533	75.000	32	19.9	5.9	Exon_07|rel=14113-14266|len=154	NC_006102.5:8084692-8113255|strand=-|gene=KREMEN1
16	31	231	246	87.500	16	19.2	5.9	Exon_07|rel=14113-14266|len=154	NC_006102.5:8084692-8113255|strand=-|gene=KREMEN1
119	131	3205	3192	92.857	14	19.2	5.9	Exon_07|rel=14113-14266|len=154	NC_006102.5:8084692-8113255|strand=-|gene=KREMEN1
78	91	5703	5715	92.857	14	19.2	5.9	Exon_07|rel=14113-14266|len=154	NC_006102.5:8084692-8113255|strand=-|gene=KREMEN1
18	33	5707	5720	87.500	16	19.2	5.9	Exon_07|rel=14113-14266|len=154	NC_006102.5:8084692-8113255|strand=-|gene=KREMEN1
1	21	5959	5979	81.818	22	19.2	5.9	Exon_07|rel=14113-14266|len=154	NC_006102.5:8084692-8113255|strand=-|gene=KREMEN1
111	126	7448	7463	87.500	16	19.2	5.9	Exon_07|rel=14113-14266|len=154	NC_006102.5:8084692-8113255|strand=-|gene=KREMEN1
35	56	14098	14079	81.818	22	19.2	5.9	Exon_07|rel=14113-14266|len=154	NC_006102.5:8084692-8113255|strand=-|gene=KREMEN1
48	58	14374	14364	100.000	11	19.2	5.9	Exon_07|rel=14113-14266|len=154	NC_006102.5:8084692-8113255|strand=-|gene=KREMEN1
21	31	14797	14807	100.000	11	19.2	5.9	Exon_07|rel=14113-14266|len=154	NC_006102.5:8084692-8113255|strand=-|gene=KREMEN1
144	154	22578	22588	100.000	11	19.2	5.9	Exon_07|rel=14113-14266|len=154	NC_006102.5:8084692-8113255|strand=-|gene=KREMEN1
52	62	23212	23222	100.000	11	19.2	5.9	Exon_07|rel=14113-14266|len=154	NC_006102.5:8084692-8113255|strand=-|gene=KREMEN1
78	91	23298	23286	92.857	14	19.2	5.9	Exon_07|rel=14113-14266|len=154	NC_006102.5:8084692-8113255|strand=-|gene=KREMEN1
53	63	27705	27715	100.000	11	19.2	5.9	Exon_07|rel=14113-14266|len=154	NC_006102.5:8084692-8113255|strand=-|gene=KREMEN1
94	106	6947	6935	92.308	13	18.4	17	Exon_07|rel=14113-14266|len=154	NC_006102.5:8084692-8113255|strand=-|gene=KREMEN1
119	134	13254	13268	87.500	16	18.4	17	Exon_07|rel=14113-14266|len=154	NC_006102.5:8084692-8113255|strand=-|gene=KREMEN1
114	150	15469	15431	71.795	39	18.4	17	Exon_07|rel=14113-14266|len=154	NC_006102.5:8084692-8113255|strand=-|gene=KREMEN1
62	87	22886	22908	76.923	26	18.4	17	Exon_07|rel=14113-14266|len=154	NC_006102.5:8084692-8113255|strand=-|gene=KREMEN1
16	28	26860	26872	92.308	13	18.4	17	Exon_07|rel=14113-14266|len=154	NC_006102.5:8084692-8113255|strand=-|gene=KREMEN1
75	90	27857	27871	87.500	16	18.4	17	Exon_07|rel=14113-14266|len=154	NC_006102.5:8084692-8113255|strand=-|gene=KREMEN1
47	56	2676	2667	100.000	10	17.7	17	Exon_07|rel=14113-14266|len=154	NC_006102.5:8084692-8113255|strand=-|gene=KREMEN1
53	67	7026	7038	86.667	15	17.7	17	Exon_07|rel=14113-14266|len=154	NC_006102.5:8084692-8113255|strand=-|gene=KREMEN1
5	19	7119	7105	86.667	15	17.7	17	Exon_07|rel=14113-14266|len=154	NC_006102.5:8084692-8113255|strand=-|gene=KREMEN1
141	150	10235	10226	100.000	10	17.7	17	Exon_07|rel=14113-14266|len=154	NC_006102.5:8084692-8113255|strand=-|gene=KREMEN1
118	127	13089	13098	100.000	10	17.7	17	Exon_07|rel=14113-14266|len=154	NC_006102.5:8084692-8113255|strand=-|gene=KREMEN1
133	142	16826	16835	100.000	10	17.7	17	Exon_07|rel=14113-14266|len=154	NC_006102.5:8084692-8113255|strand=-|gene=KREMEN1
41	50	18591	18582	100.000	10	17.7	17	Exon_07|rel=14113-14266|len=154	NC_006102.5:8084692-8113255|strand=-|gene=KREMEN1
107	116	22630	22621	100.000	10	17.7	17	Exon_07|rel=14113-14266|len=154	NC_006102.5:8084692-8113255|strand=-|gene=KREMEN1
45	54	23429	23420	100.000	10	17.7	17	Exon_07|rel=14113-14266|len=154	NC_006102.5:8084692-8113255|strand=-|gene=KREMEN1
13	24	4254	4265	91.667	12	17.0	47	Exon_07|rel=14113-14266|len=154	NC_006102.5:8084692-8113255|strand=-|gene=KREMEN1
77	93	6084	6100	82.353	17	17.0	47	Exon_07|rel=14113-14266|len=154	NC_006102.5:8084692-8113255|strand=-|gene=KREMEN1
121	137	8983	8999	82.353	17	17.0	47	Exon_07|rel=14113-14266|len=154	NC_006102.5:8084692-8113255|strand=-|gene=KREMEN1
107	123	10007	9991	82.353	17	17.0	47	Exon_07|rel=14113-14266|len=154	NC_006102.5:8084692-8113255|strand=-|gene=KREMEN1
140	151	13160	13171	91.667	12	17.0	47	Exon_07|rel=14113-14266|len=154	NC_006102.5:8084692-8113255|strand=-|gene=KREMEN1
3	14	15880	15869	91.667	12	17.0	47	Exon_07|rel=14113-14266|len=154	NC_006102.5:8084692-8113255|strand=-|gene=KREMEN1
27	43	17533	17549	82.353	17	17.0	47	Exon_07|rel=14113-14266|len=154	NC_006102.5:8084692-8113255|strand=-|gene=KREMEN1
38	49	20395	20406	91.667	12	17.0	47	Exon_07|rel=14113-14266|len=154	NC_006102.5:8084692-8113255|strand=-|gene=KREMEN1
44	55	27293	27304	91.667	12	17.0	47	Exon_07|rel=14113-14266|len=154	NC_006102.5:8084692-8113255|strand=-|gene=KREMEN1
51	62	27731	27742	91.667	12	17.0	47	Exon_07|rel=14113-14266|len=154	NC_006102.5:8084692-8113255|strand=-|gene=KREMEN1
123	131	2830	2822	100.000	9	16.2	47	Exon_07|rel=14113-14266|len=154	NC_006102.5:8084692-8113255|strand=-|gene=KREMEN1
35	43	5247	5255	100.000	9	16.2	47	Exon_07|rel=14113-14266|len=154	NC_006102.5:8084692-8113255|strand=-|gene=KREMEN1
116	124	5618	5610	100.000	9	16.2	47	Exon_07|rel=14113-14266|len=154	NC_006102.5:8084692-8113255|strand=-|gene=KREMEN1
61	69	7629	7637	100.000	9	16.2	47	Exon_07|rel=14113-14266|len=154	NC_006102.5:8084692-8113255|strand=-|gene=KREMEN1
55	63	7704	7712	100.000	9	16.2	47	Exon_07|rel=14113-14266|len=154	NC_006102.5:8084692-8113255|strand=-|gene=KREMEN1
52	60	10181	10189	100.000	9	16.2	47	Exon_07|rel=14113-14266|len=154	NC_006102.5:8084692-8113255|strand=-|gene=KREMEN1
60	68	10402	10394	100.000	9	16.2	47	Exon_07|rel=14113-14266|len=154	NC_006102.5:8084692-8113255|strand=-|gene=KREMEN1
115	123	11333	11325	100.000	9	16.2	47	Exon_07|rel=14113-14266|len=154	NC_006102.5:8084692-8113255|strand=-|gene=KREMEN1
47	60	11474	11461	85.714	14	16.2	47	Exon_07|rel=14113-14266|len=154	NC_006102.5:8084692-8113255|strand=-|gene=KREMEN1
12	20	11870	11862	100.000	9	16.2	47	Exon_07|rel=14113-14266|len=154	NC_006102.5:8084692-8113255|strand=-|gene=KREMEN1
78	86	12920	12928	100.000	9	16.2	47	Exon_07|rel=14113-14266|len=154	NC_006102.5:8084692-8113255|strand=-|gene=KREMEN1
9	17	13446	13454	100.000	9	16.2	47	Exon_07|rel=14113-14266|len=154	NC_006102.5:8084692-8113255|strand=-|gene=KREMEN1
122	130	14103	14095	100.000	9	16.2	47	Exon_07|rel=14113-14266|len=154	NC_006102.5:8084692-8113255|strand=-|gene=KREMEN1
25	33	14874	14882	100.000	9	16.2	47	Exon_07|rel=14113-14266|len=154	NC_006102.5:8084692-8113255|strand=-|gene=KREMEN1
122	153	15054	15090	71.795	39	16.2	47	Exon_07|rel=14113-14266|len=154	NC_006102.5:8084692-8113255|strand=-|gene=KREMEN1
52	60	15619	15611	100.000	9	16.2	47	Exon_07|rel=14113-14266|len=154	NC_006102.5:8084692-8113255|strand=-|gene=KREMEN1
119	127	15661	15653	100.000	9	16.2	47	Exon_07|rel=14113-14266|len=154	NC_006102.5:8084692-8113255|strand=-|gene=KREMEN1
94	102	16590	16598	100.000	9	16.2	47	Exon_07|rel=14113-14266|len=154	NC_006102.5:8084692-8113255|strand=-|gene=KREMEN1
139	147	17211	17219	100.000	9	16.2	47	Exon_07|rel=14113-14266|len=154	NC_006102.5:8084692-8113255|strand=-|gene=KREMEN1
76	84	18693	18685	100.000	9	16.2	47	Exon_07|rel=14113-14266|len=154	NC_006102.5:8084692-8113255|strand=-|gene=KREMEN1
123	141	20269	20287	78.947	19	16.2	47	Exon_07|rel=14113-14266|len=154	NC_006102.5:8084692-8113255|strand=-|gene=KREMEN1
144	152	20749	20757	100.000	9	16.2	47	Exon_07|rel=14113-14266|len=154	NC_006102.5:8084692-8113255|strand=-|gene=KREMEN1
8	21	21872	21859	85.714	14	16.2	47	Exon_07|rel=14113-14266|len=154	NC_006102.5:8084692-8113255|strand=-|gene=KREMEN1
144	152	21959	21951	100.000	9	16.2	47	Exon_07|rel=14113-14266|len=154	NC_006102.5:8084692-8113255|strand=-|gene=KREMEN1
111	119	23158	23150	100.000	9	16.2	47	Exon_07|rel=14113-14266|len=154	NC_006102.5:8084692-8113255|strand=-|gene=KREMEN1
39	47	23232	23224	100.000	9	16.2	47	Exon_07|rel=14113-14266|len=154	NC_006102.5:8084692-8113255|strand=-|gene=KREMEN1
1	125	14593	14717	100.000	125	188	4.66e-51	Exon_08|rel=14593-14717|len=125	NC_006102.5:8084692-8113255|strand=-|gene=KREMEN1
12	24	26099	26111	100.000	13	22.2	0.59	Exon_08|rel=14593-14717|len=125	NC_006102.5:8084692-8113255|strand=-|gene=KREMEN1
50	83	11750	11720	74.286	35	20.7	1.6	Exon_08|rel=14593-14717|len=125	NC_006102.5:8084692-8113255|strand=-|gene=KREMEN1
13	24	18914	18925	100.000	12	20.7	1.6	Exon_08|rel=14593-14717|len=125	NC_006102.5:8084692-8113255|strand=-|gene=KREMEN1
49	62	12356	12343	92.857	14	19.9	4.6	Exon_08|rel=14593-14717|len=125	NC_006102.5:8084692-8113255|strand=-|gene=KREMEN1
29	42	16067	16080	92.857	14	19.9	4.6	Exon_08|rel=14593-14717|len=125	NC_006102.5:8084692-8113255|strand=-|gene=KREMEN1
70	85	22551	22535	88.235	17	19.9	4.6	Exon_08|rel=14593-14717|len=125	NC_006102.5:8084692-8113255|strand=-|gene=KREMEN1
24	34	2744	2734	100.000	11	19.2	4.6	Exon_08|rel=14593-14717|len=125	NC_006102.5:8084692-8113255|strand=-|gene=KREMEN1
55	70	15755	15770	87.500	16	19.2	4.6	Exon_08|rel=14593-14717|len=125	NC_006102.5:8084692-8113255|strand=-|gene=KREMEN1
71	83	6092	6080	92.308	13	18.4	13	Exon_08|rel=14593-14717|len=125	NC_006102.5:8084692-8113255|strand=-|gene=KREMEN1
68	80	6099	6111	92.308	13	18.4	13	Exon_08|rel=14593-14717|len=125	NC_006102.5:8084692-8113255|strand=-|gene=KREMEN1
32	48	4175	4192	83.333	18	17.7	13	Exon_08|rel=14593-14717|len=125	NC_006102.5:8084692-8113255|strand=-|gene=KREMEN1
82	98	7682	7699	83.333	18	17.7	13	Exon_08|rel=14593-14717|len=125	NC_006102.5:8084692-8113255|strand=-|gene=KREMEN1
27	36	12135	12144	100.000	10	17.7	13	Exon_08|rel=14593-14717|len=125	NC_006102.5:8084692-8113255|strand=-|gene=KREMEN1
93	114	14430	14412	77.273	22	17.7	13	Exon_08|rel=14593-14717|len=125	NC_006102.5:8084692-8113255|strand=-|gene=KREMEN1
31	40	14526	14517	100.000	10	17.7	13	Exon_08|rel=14593-14717|len=125	NC_006102.5:8084692-8113255|strand=-|gene=KREMEN1
7	16	16656	16647	100.000	10	17.7	13	Exon_08|rel=14593-14717|len=125	NC_006102.5:8084692-8113255|strand=-|gene=KREMEN1
97	106	17916	17907	100.000	10	17.7	13	Exon_08|rel=14593-14717|len=125	NC_006102.5:8084692-8113255|strand=-|gene=KREMEN1
17	31	21397	21411	86.667	15	17.7	13	Exon_08|rel=14593-14717|len=125	NC_006102.5:8084692-8113255|strand=-|gene=KREMEN1
73	86	13268	13282	86.667	15	17.0	36	Exon_08|rel=14593-14717|len=125	NC_006102.5:8084692-8113255|strand=-|gene=KREMEN1
27	40	579	592	85.714	14	16.2	36	Exon_08|rel=14593-14717|len=125	NC_006102.5:8084692-8113255|strand=-|gene=KREMEN1
34	42	1624	1632	100.000	9	16.2	36	Exon_08|rel=14593-14717|len=125	NC_006102.5:8084692-8113255|strand=-|gene=KREMEN1
30	38	2731	2723	100.000	9	16.2	36	Exon_08|rel=14593-14717|len=125	NC_006102.5:8084692-8113255|strand=-|gene=KREMEN1
20	28	3076	3068	100.000	9	16.2	36	Exon_08|rel=14593-14717|len=125	NC_006102.5:8084692-8113255|strand=-|gene=KREMEN1
72	80	7067	7059	100.000	9	16.2	36	Exon_08|rel=14593-14717|len=125	NC_006102.5:8084692-8113255|strand=-|gene=KREMEN1
79	87	7895	7887	100.000	9	16.2	36	Exon_08|rel=14593-14717|len=125	NC_006102.5:8084692-8113255|strand=-|gene=KREMEN1
32	40	10233	10225	100.000	9	16.2	36	Exon_08|rel=14593-14717|len=125	NC_006102.5:8084692-8113255|strand=-|gene=KREMEN1
69	82	16764	16751	85.714	14	16.2	36	Exon_08|rel=14593-14717|len=125	NC_006102.5:8084692-8113255|strand=-|gene=KREMEN1
91	99	18179	18187	100.000	9	16.2	36	Exon_08|rel=14593-14717|len=125	NC_006102.5:8084692-8113255|strand=-|gene=KREMEN1
77	85	24623	24631	100.000	9	16.2	36	Exon_08|rel=14593-14717|len=125	NC_006102.5:8084692-8113255|strand=-|gene=KREMEN1
73	81	27218	27226	100.000	9	16.2	36	Exon_08|rel=14593-14717|len=125	NC_006102.5:8084692-8113255|strand=-|gene=KREMEN1
78	86	27721	27713	100.000	9	16.2	36	Exon_08|rel=14593-14717|len=125	NC_006102.5:8084692-8113255|strand=-|gene=KREMEN1
1	92	18916	19007	100.000	92	139	1.79e-36	Exon_09|rel=18916-19007|len=92	NC_006102.5:8084692-8113255|strand=-|gene=KREMEN1
38	85	15104	15149	71.154	52	21.4	1.1	Exon_09|rel=18916-19007|len=92	NC_006102.5:8084692-8113255|strand=-|gene=KREMEN1
32	52	25427	25445	85.714	21	21.4	1.1	Exon_09|rel=18916-19007|len=92	NC_006102.5:8084692-8113255|strand=-|gene=KREMEN1
16	38	2201	2228	75.000	28	20.7	1.1	Exon_09|rel=18916-19007|len=92	NC_006102.5:8084692-8113255|strand=-|gene=KREMEN1
27	45	6232	6253	81.818	22	19.9	3.1	Exon_09|rel=18916-19007|len=92	NC_006102.5:8084692-8113255|strand=-|gene=KREMEN1
7	45	18960	18922	66.667	45	19.9	3.1	Exon_09|rel=18916-19007|len=92	NC_006102.5:8084692-8113255|strand=-|gene=KREMEN1
44	62	6029	6046	84.211	19	19.2	3.1	Exon_09|rel=18916-19007|len=92	NC_006102.5:8084692-8113255|strand=-|gene=KREMEN1
58	79	10531	10512	81.818	22	19.2	3.1	Exon_09|rel=18916-19007|len=92	NC_006102.5:8084692-8113255|strand=-|gene=KREMEN1
5	17	14263	14250	92.857	14	19.2	3.1	Exon_09|rel=18916-19007|len=92	NC_006102.5:8084692-8113255|strand=-|gene=KREMEN1
7	24	6253	6236	84.211	19	18.4	8.6	Exon_09|rel=18916-19007|len=92	NC_006102.5:8084692-8113255|strand=-|gene=KREMEN1
14	42	17025	16995	73.529	34	18.4	8.6	Exon_09|rel=18916-19007|len=92	NC_006102.5:8084692-8113255|strand=-|gene=KREMEN1
61	82	21556	21577	79.167	24	18.4	8.6	Exon_09|rel=18916-19007|len=92	NC_006102.5:8084692-8113255|strand=-|gene=KREMEN1
31	62	22817	22854	71.053	38	18.4	8.6	Exon_09|rel=18916-19007|len=92	NC_006102.5:8084692-8113255|strand=-|gene=KREMEN1
1	13	26102	26114	92.308	13	18.4	8.6	Exon_09|rel=18916-19007|len=92	NC_006102.5:8084692-8113255|strand=-|gene=KREMEN1
13	35	617	596	78.261	23	17.7	8.6	Exon_09|rel=18916-19007|len=92	NC_006102.5:8084692-8113255|strand=-|gene=KREMEN1
61	75	1196	1208	86.667	15	17.7	8.6	Exon_09|rel=18916-19007|len=92	NC_006102.5:8084692-8113255|strand=-|gene=KREMEN1
14	31	4959	4982	75.000	24	17.7	8.6	Exon_09|rel=18916-19007|len=92	NC_006102.5:8084692-8113255|strand=-|gene=KREMEN1
76	85	5101	5092	100.000	10	17.7	8.6	Exon_09|rel=18916-19007|len=92	NC_006102.5:8084692-8113255|strand=-|gene=KREMEN1
65	74	5696	5705	100.000	10	17.7	8.6	Exon_09|rel=18916-19007|len=92	NC_006102.5:8084692-8113255|strand=-|gene=KREMEN1
27	41	7251	7265	86.667	15	17.7	8.6	Exon_09|rel=18916-19007|len=92	NC_006102.5:8084692-8113255|strand=-|gene=KREMEN1
10	22	8005	8016	92.308	13	17.7	8.6	Exon_09|rel=18916-19007|len=92	NC_006102.5:8084692-8113255|strand=-|gene=KREMEN1
24	44	12845	12830	76.190	21	17.7	8.6	Exon_09|rel=18916-19007|len=92	NC_006102.5:8084692-8113255|strand=-|gene=KREMEN1
1	10	14607	14616	100.000	10	17.7	8.6	Exon_09|rel=18916-19007|len=92	NC_006102.5:8084692-8113255|strand=-|gene=KREMEN1
47	56	15891	15900	100.000	10	17.7	8.6	Exon_09|rel=18916-19007|len=92	NC_006102.5:8084692-8113255|strand=-|gene=KREMEN1
22	38	22296	22279	83.333	18	17.7	8.6	Exon_09|rel=18916-19007|len=92	NC_006102.5:8084692-8113255|strand=-|gene=KREMEN1
65	74	23305	23296	100.000	10	17.7	8.6	Exon_09|rel=18916-19007|len=92	NC_006102.5:8084692-8113255|strand=-|gene=KREMEN1
70	89	26929	26912	80.000	20	17.7	8.6	Exon_09|rel=18916-19007|len=92	NC_006102.5:8084692-8113255|strand=-|gene=KREMEN1
77	88	27562	27574	92.308	13	17.7	8.6	Exon_09|rel=18916-19007|len=92	NC_006102.5:8084692-8113255|strand=-|gene=KREMEN1
23	37	2198	2185	86.667	15	17.0	24	Exon_09|rel=18916-19007|len=92	NC_006102.5:8084692-8113255|strand=-|gene=KREMEN1
73	84	3312	3301	91.667	12	17.0	24	Exon_09|rel=18916-19007|len=92	NC_006102.5:8084692-8113255|strand=-|gene=KREMEN1
55	71	5323	5309	82.353	17	17.0	24	Exon_09|rel=18916-19007|len=92	NC_006102.5:8084692-8113255|strand=-|gene=KREMEN1
28	42	6224	6237	86.667	15	17.0	24	Exon_09|rel=18916-19007|len=92	NC_006102.5:8084692-8113255|strand=-|gene=KREMEN1
47	61	7423	7436	86.667	15	17.0	24	Exon_09|rel=18916-19007|len=92	NC_006102.5:8084692-8113255|strand=-|gene=KREMEN1
29	49	7859	7836	76.000	25	17.0	24	Exon_09|rel=18916-19007|len=92	NC_006102.5:8084692-8113255|strand=-|gene=KREMEN1
43	54	11486	11497	91.667	12	17.0	24	Exon_09|rel=18916-19007|len=92	NC_006102.5:8084692-8113255|strand=-|gene=KREMEN1
10	21	22160	22149	91.667	12	17.0	24	Exon_09|rel=18916-19007|len=92	NC_006102.5:8084692-8113255|strand=-|gene=KREMEN1
4	20	24975	24991	82.353	17	17.0	24	Exon_09|rel=18916-19007|len=92	NC_006102.5:8084692-8113255|strand=-|gene=KREMEN1
49	60	2613	2603	91.667	12	16.2	24	Exon_09|rel=18916-19007|len=92	NC_006102.5:8084692-8113255|strand=-|gene=KREMEN1
47	55	2991	2999	100.000	9	16.2	24	Exon_09|rel=18916-19007|len=92	NC_006102.5:8084692-8113255|strand=-|gene=KREMEN1
6	24	4716	4698	78.947	19	16.2	24	Exon_09|rel=18916-19007|len=92	NC_006102.5:8084692-8113255|strand=-|gene=KREMEN1
45	53	7486	7478	100.000	9	16.2	24	Exon_09|rel=18916-19007|len=92	NC_006102.5:8084692-8113255|strand=-|gene=KREMEN1
6	16	7838	7849	91.667	12	16.2	24	Exon_09|rel=18916-19007|len=92	NC_006102.5:8084692-8113255|strand=-|gene=KREMEN1
43	65	9023	9001	76.000	25	16.2	24	Exon_09|rel=18916-19007|len=92	NC_006102.5:8084692-8113255|strand=-|gene=KREMEN1
24	37	9517	9504	85.714	14	16.2	24	Exon_09|rel=18916-19007|len=92	NC_006102.5:8084692-8113255|strand=-|gene=KREMEN1
54	70	11443	11458	82.353	17	16.2	24	Exon_09|rel=18916-19007|len=92	NC_006102.5:8084692-8113255|strand=-|gene=KREMEN1
8	16	12830	12838	100.000	9	16.2	24	Exon_09|rel=18916-19007|len=92	NC_006102.5:8084692-8113255|strand=-|gene=KREMEN1
71	79	18085	18093	100.000	9	16.2	24	Exon_09|rel=18916-19007|len=92	NC_006102.5:8084692-8113255|strand=-|gene=KREMEN1
53	64	19359	19346	85.714	14	16.2	24	Exon_09|rel=18916-19007|len=92	NC_006102.5:8084692-8113255|strand=-|gene=KREMEN1
3	11	21397	21405	100.000	9	16.2	24	Exon_09|rel=18916-19007|len=92	NC_006102.5:8084692-8113255|strand=-|gene=KREMEN1
67	75	21653	21645	100.000	9	16.2	24	Exon_09|rel=18916-19007|len=92	NC_006102.5:8084692-8113255|strand=-|gene=KREMEN1
4	21	21884	21903	80.000	20	16.2	24	Exon_09|rel=18916-19007|len=92	NC_006102.5:8084692-8113255|strand=-|gene=KREMEN1
4	15	27178	27191	85.714	14	16.2	24	Exon_09|rel=18916-19007|len=92	NC_006102.5:8084692-8113255|strand=-|gene=KREMEN1
53	61	28067	28075	100.000	9	16.2	24	Exon_09|rel=18916-19007|len=92	NC_006102.5:8084692-8113255|strand=-|gene=KREMEN1
15	23	28281	28273	100.000	9	16.2	24	Exon_09|rel=18916-19007|len=92	NC_006102.5:8084692-8113255|strand=-|gene=KREMEN1
11	24	1220	1208	85.714	14	15.5	67	Exon_09|rel=18916-19007|len=92	NC_006102.5:8084692-8113255|strand=-|gene=KREMEN1
53	63	3021	3031	90.909	11	15.5	67	Exon_09|rel=18916-19007|len=92	NC_006102.5:8084692-8113255|strand=-|gene=KREMEN1
36	46	3593	3603	90.909	11	15.5	67	Exon_09|rel=18916-19007|len=92	NC_006102.5:8084692-8113255|strand=-|gene=KREMEN1
53	63	4562	4552	90.909	11	15.5	67	Exon_09|rel=18916-19007|len=92	NC_006102.5:8084692-8113255|strand=-|gene=KREMEN1
33	43	8907	8897	90.909	11	15.5	67	Exon_09|rel=18916-19007|len=92	NC_006102.5:8084692-8113255|strand=-|gene=KREMEN1
42	81	11625	11662	69.048	42	15.5	67	Exon_09|rel=18916-19007|len=92	NC_006102.5:8084692-8113255|strand=-|gene=KREMEN1
22	37	12184	12169	81.250	16	15.5	67	Exon_09|rel=18916-19007|len=92	NC_006102.5:8084692-8113255|strand=-|gene=KREMEN1
14	27	16646	16631	81.250	16	15.5	67	Exon_09|rel=18916-19007|len=92	NC_006102.5:8084692-8113255|strand=-|gene=KREMEN1
64	74	16958	16948	90.909	11	15.5	67	Exon_09|rel=18916-19007|len=92	NC_006102.5:8084692-8113255|strand=-|gene=KREMEN1
11	28	18792	18774	78.947	19	15.5	67	Exon_09|rel=18916-19007|len=92	NC_006102.5:8084692-8113255|strand=-|gene=KREMEN1
25	35	21256	21266	90.909	11	15.5	67	Exon_09|rel=18916-19007|len=92	NC_006102.5:8084692-8113255|strand=-|gene=KREMEN1
43	56	21865	21853	85.714	14	15.5	67	Exon_09|rel=18916-19007|len=92	NC_006102.5:8084692-8113255|strand=-|gene=KREMEN1
62	72	26446	26456	90.909	11	15.5	67	Exon_09|rel=18916-19007|len=92	NC_006102.5:8084692-8113255|strand=-|gene=KREMEN1
37	50	27191	27179	85.714	14	15.5	67	Exon_09|rel=18916-19007|len=92	NC_006102.5:8084692-8113255|strand=-|gene=KREMEN1
40	47	1880	1887	100.000	8	14.7	67	Exon_09|rel=18916-19007|len=92	NC_006102.5:8084692-8113255|strand=-|gene=KREMEN1
32	39	2153	2160	100.000	8	14.7	67	Exon_09|rel=18916-19007|len=92	NC_006102.5:8084692-8113255|strand=-|gene=KREMEN1
31	38	2228	2221	100.000	8	14.7	67	Exon_09|rel=18916-19007|len=92	NC_006102.5:8084692-8113255|strand=-|gene=KREMEN1
13	20	5193	5186	100.000	8	14.7	67	Exon_09|rel=18916-19007|len=92	NC_006102.5:8084692-8113255|strand=-|gene=KREMEN1
31	38	5430	5437	100.000	8	14.7	67	Exon_09|rel=18916-19007|len=92	NC_006102.5:8084692-8113255|strand=-|gene=KREMEN1
31	38	5437	5430	100.000	8	14.7	67	Exon_09|rel=18916-19007|len=92	NC_006102.5:8084692-8113255|strand=-|gene=KREMEN1
42	49	6430	6437	100.000	8	14.7	67	Exon_09|rel=18916-19007|len=92	NC_006102.5:8084692-8113255|strand=-|gene=KREMEN1
24	31	7449	7456	100.000	8	14.7	67	Exon_09|rel=18916-19007|len=92	NC_006102.5:8084692-8113255|strand=-|gene=KREMEN1
20	27	8136	8129	100.000	8	14.7	67	Exon_09|rel=18916-19007|len=92	NC_006102.5:8084692-8113255|strand=-|gene=KREMEN1
70	77	8355	8362	100.000	8	14.7	67	Exon_09|rel=18916-19007|len=92	NC_006102.5:8084692-8113255|strand=-|gene=KREMEN1
56	63	8536	8543	100.000	8	14.7	67	Exon_09|rel=18916-19007|len=92	NC_006102.5:8084692-8113255|strand=-|gene=KREMEN1
13	20	10196	10203	100.000	8	14.7	67	Exon_09|rel=18916-19007|len=92	NC_006102.5:8084692-8113255|strand=-|gene=KREMEN1
26	33	10650	10643	100.000	8	14.7	67	Exon_09|rel=18916-19007|len=92	NC_006102.5:8084692-8113255|strand=-|gene=KREMEN1
26	33	10754	10761	100.000	8	14.7	67	Exon_09|rel=18916-19007|len=92	NC_006102.5:8084692-8113255|strand=-|gene=KREMEN1
75	82	10989	10982	100.000	8	14.7	67	Exon_09|rel=18916-19007|len=92	NC_006102.5:8084692-8113255|strand=-|gene=KREMEN1
33	40	11842	11849	100.000	8	14.7	67	Exon_09|rel=18916-19007|len=92	NC_006102.5:8084692-8113255|strand=-|gene=KREMEN1
25	32	13300	13293	100.000	8	14.7	67	Exon_09|rel=18916-19007|len=92	NC_006102.5:8084692-8113255|strand=-|gene=KREMEN1
60	67	13923	13930	100.000	8	14.7	67	Exon_09|rel=18916-19007|len=92	NC_006102.5:8084692-8113255|strand=-|gene=KREMEN1
24	31	14224	14231	100.000	8	14.7	67	Exon_09|rel=18916-19007|len=92	NC_006102.5:8084692-8113255|strand=-|gene=KREMEN1
64	71	14548	14541	100.000	8	14.7	67	Exon_09|rel=18916-19007|len=92	NC_006102.5:8084692-8113255|strand=-|gene=KREMEN1
22	29	15004	14997	100.000	8	14.7	67	Exon_09|rel=18916-19007|len=92	NC_006102.5:8084692-8113255|strand=-|gene=KREMEN1
25	32	16165	16158	100.000	8	14.7	67	Exon_09|rel=18916-19007|len=92	NC_006102.5:8084692-8113255|strand=-|gene=KREMEN1
67	74	16812	16819	100.000	8	14.7	67	Exon_09|rel=18916-19007|len=92	NC_006102.5:8084692-8113255|strand=-|gene=KREMEN1
22	29	17007	17014	100.000	8	14.7	67	Exon_09|rel=18916-19007|len=92	NC_006102.5:8084692-8113255|strand=-|gene=KREMEN1
4	16	17223	17211	84.615	13	14.7	67	Exon_09|rel=18916-19007|len=92	NC_006102.5:8084692-8113255|strand=-|gene=KREMEN1
29	36	17388	17381	100.000	8	14.7	67	Exon_09|rel=18916-19007|len=92	NC_006102.5:8084692-8113255|strand=-|gene=KREMEN1
14	21	17902	17895	100.000	8	14.7	67	Exon_09|rel=18916-19007|len=92	NC_006102.5:8084692-8113255|strand=-|gene=KREMEN1
14	21	19076	19083	100.000	8	14.7	67	Exon_09|rel=18916-19007|len=92	NC_006102.5:8084692-8113255|strand=-|gene=KREMEN1
85	92	19272	19279	100.000	8	14.7	67	Exon_09|rel=18916-19007|len=92	NC_006102.5:8084692-8113255|strand=-|gene=KREMEN1
4	11	19284	19291	100.000	8	14.7	67	Exon_09|rel=18916-19007|len=92	NC_006102.5:8084692-8113255|strand=-|gene=KREMEN1
77	84	20615	20622	100.000	8	14.7	67	Exon_09|rel=18916-19007|len=92	NC_006102.5:8084692-8113255|strand=-|gene=KREMEN1
14	21	20817	20824	100.000	8	14.7	67	Exon_09|rel=18916-19007|len=92	NC_006102.5:8084692-8113255|strand=-|gene=KREMEN1
54	61	21581	21588	100.000	8	14.7	67	Exon_09|rel=18916-19007|len=92	NC_006102.5:8084692-8113255|strand=-|gene=KREMEN1
52	59	21658	21651	100.000	8	14.7	67	Exon_09|rel=18916-19007|len=92	NC_006102.5:8084692-8113255|strand=-|gene=KREMEN1
62	74	21987	21999	84.615	13	14.7	67	Exon_09|rel=18916-19007|len=92	NC_006102.5:8084692-8113255|strand=-|gene=KREMEN1
15	22	22748	22741	100.000	8	14.7	67	Exon_09|rel=18916-19007|len=92	NC_006102.5:8084692-8113255|strand=-|gene=KREMEN1
24	31	23157	23150	100.000	8	14.7	67	Exon_09|rel=18916-19007|len=92	NC_006102.5:8084692-8113255|strand=-|gene=KREMEN1
6	13	23444	23451	100.000	8	14.7	67	Exon_09|rel=18916-19007|len=92	NC_006102.5:8084692-8113255|strand=-|gene=KREMEN1
8	15	24121	24128	100.000	8	14.7	67	Exon_09|rel=18916-19007|len=92	NC_006102.5:8084692-8113255|strand=-|gene=KREMEN1
37	44	24128	24121	100.000	8	14.7	67	Exon_09|rel=18916-19007|len=92	NC_006102.5:8084692-8113255|strand=-|gene=KREMEN1
22	34	24313	24301	84.615	13	14.7	67	Exon_09|rel=18916-19007|len=92	NC_006102.5:8084692-8113255|strand=-|gene=KREMEN1
80	87	24683	24690	100.000	8	14.7	67	Exon_09|rel=18916-19007|len=92	NC_006102.5:8084692-8113255|strand=-|gene=KREMEN1
45	52	25080	25073	100.000	8	14.7	67	Exon_09|rel=18916-19007|len=92	NC_006102.5:8084692-8113255|strand=-|gene=KREMEN1
82	89	25090	25083	100.000	8	14.7	67	Exon_09|rel=18916-19007|len=92	NC_006102.5:8084692-8113255|strand=-|gene=KREMEN1
85	92	26802	26795	100.000	8	14.7	67	Exon_09|rel=18916-19007|len=92	NC_006102.5:8084692-8113255|strand=-|gene=KREMEN1
25	32	27519	27512	100.000	8	14.7	67	Exon_09|rel=18916-19007|len=92	NC_006102.5:8084692-8113255|strand=-|gene=KREMEN1
70	77	28139	28132	100.000	8	14.7	67	Exon_09|rel=18916-19007|len=92	NC_006102.5:8084692-8113255|strand=-|gene=KREMEN1
1	163	19398	19560	100.000	163	245	6.48e-68	Exon_10|rel=19398-19560|len=163	NC_006102.5:8084692-8113255|strand=-|gene=KREMEN1
79	101	27517	27491	85.185	27	25.1	0.10	Exon_10|rel=19398-19560|len=163	NC_006102.5:8084692-8113255|strand=-|gene=KREMEN1
1	38	3043	3007	75.000	40	22.9	0.81	Exon_10|rel=19398-19560|len=163	NC_006102.5:8084692-8113255|strand=-|gene=KREMEN1
10	39	4863	4835	77.419	31	22.2	0.81	Exon_10|rel=19398-19560|len=163	NC_006102.5:8084692-8113255|strand=-|gene=KREMEN1
4	25	4877	4899	82.609	23	21.4	2.3	Exon_10|rel=19398-19560|len=163	NC_006102.5:8084692-8113255|strand=-|gene=KREMEN1
71	85	20191	20205	93.333	15	21.4	2.3	Exon_10|rel=19398-19560|len=163	NC_006102.5:8084692-8113255|strand=-|gene=KREMEN1
98	119	2835	2859	76.923	26	19.9	6.4	Exon_10|rel=19398-19560|len=163	NC_006102.5:8084692-8113255|strand=-|gene=KREMEN1
112	135	14914	14895	79.167	24	19.9	6.4	Exon_10|rel=19398-19560|len=163	NC_006102.5:8084692-8113255|strand=-|gene=KREMEN1
19	35	26833	26851	84.211	19	19.9	6.4	Exon_10|rel=19398-19560|len=163	NC_006102.5:8084692-8113255|strand=-|gene=KREMEN1
106	128	4758	4781	79.167	24	19.2	6.4	Exon_10|rel=19398-19560|len=163	NC_006102.5:8084692-8113255|strand=-|gene=KREMEN1
48	74	7402	7435	73.529	34	19.2	6.4	Exon_10|rel=19398-19560|len=163	NC_006102.5:8084692-8113255|strand=-|gene=KREMEN1
115	163	13101	13060	69.388	49	19.2	6.4	Exon_10|rel=19398-19560|len=163	NC_006102.5:8084692-8113255|strand=-|gene=KREMEN1
84	103	13944	13959	80.000	20	19.2	6.4	Exon_10|rel=19398-19560|len=163	NC_006102.5:8084692-8113255|strand=-|gene=KREMEN1
78	88	15882	15872	100.000	11	19.2	6.4	Exon_10|rel=19398-19560|len=163	NC_006102.5:8084692-8113255|strand=-|gene=KREMEN1
84	99	24272	24291	80.000	20	19.2	6.4	Exon_10|rel=19398-19560|len=163	NC_006102.5:8084692-8113255|strand=-|gene=KREMEN1
81	91	28269	28259	100.000	11	19.2	6.4	Exon_10|rel=19398-19560|len=163	NC_006102.5:8084692-8113255|strand=-|gene=KREMEN1
146	158	1462	1474	92.308	13	18.4	18	Exon_10|rel=19398-19560|len=163	NC_006102.5:8084692-8113255|strand=-|gene=KREMEN1
72	92	4062	4084	79.167	24	18.4	18	Exon_10|rel=19398-19560|len=163	NC_006102.5:8084692-8113255|strand=-|gene=KREMEN1
14	26	12891	12903	92.308	13	18.4	18	Exon_10|rel=19398-19560|len=163	NC_006102.5:8084692-8113255|strand=-|gene=KREMEN1
44	56	17502	17490	92.308	13	18.4	18	Exon_10|rel=19398-19560|len=163	NC_006102.5:8084692-8113255|strand=-|gene=KREMEN1
19	34	24988	25002	87.500	16	18.4	18	Exon_10|rel=19398-19560|len=163	NC_006102.5:8084692-8113255|strand=-|gene=KREMEN1
82	96	8667	8684	83.333	18	17.7	18	Exon_10|rel=19398-19560|len=163	NC_006102.5:8084692-8113255|strand=-|gene=KREMEN1
123	132	12601	12592	100.000	10	17.7	18	Exon_10|rel=19398-19560|len=163	NC_006102.5:8084692-8113255|strand=-|gene=KREMEN1
41	52	13514	13526	92.308	13	17.7	18	Exon_10|rel=19398-19560|len=163	NC_006102.5:8084692-8113255|strand=-|gene=KREMEN1
77	86	16428	16437	100.000	10	17.7	18	Exon_10|rel=19398-19560|len=163	NC_006102.5:8084692-8113255|strand=-|gene=KREMEN1
149	158	18744	18735	100.000	10	17.7	18	Exon_10|rel=19398-19560|len=163	NC_006102.5:8084692-8113255|strand=-|gene=KREMEN1
3	19	19177	19194	83.333	18	17.7	18	Exon_10|rel=19398-19560|len=163	NC_006102.5:8084692-8113255|strand=-|gene=KREMEN1
102	114	22477	22466	92.308	13	17.7	18	Exon_10|rel=19398-19560|len=163	NC_006102.5:8084692-8113255|strand=-|gene=KREMEN1
144	162	350	369	80.000	20	17.0	50	Exon_10|rel=19398-19560|len=163	NC_006102.5:8084692-8113255|strand=-|gene=KREMEN1
41	52	1129	1140	91.667	12	17.0	50	Exon_10|rel=19398-19560|len=163	NC_006102.5:8084692-8113255|strand=-|gene=KREMEN1
123	134	2766	2755	91.667	12	17.0	50	Exon_10|rel=19398-19560|len=163	NC_006102.5:8084692-8113255|strand=-|gene=KREMEN1
91	102	4033	4022	91.667	12	17.0	50	Exon_10|rel=19398-19560|len=163	NC_006102.5:8084692-8113255|strand=-|gene=KREMEN1
95	111	4546	4530	82.353	17	17.0	50	Exon_10|rel=19398-19560|len=163	NC_006102.5:8084692-8113255|strand=-|gene=KREMEN1
69	80	4666	4677	91.667	12	17.0	50	Exon_10|rel=19398-19560|len=163	NC_006102.5:8084692-8113255|strand=-|gene=KREMEN1
77	88	4839	4828	91.667	12	17.0	50	Exon_10|rel=19398-19560|len=163	NC_006102.5:8084692-8113255|strand=-|gene=KREMEN1
104	123	7020	7004	80.000	20	17.0	50	Exon_10|rel=19398-19560|len=163	NC_006102.5:8084692-8113255|strand=-|gene=KREMEN1
144	161	7852	7831	77.273	22	17.0	50	Exon_10|rel=19398-19560|len=163	NC_006102.5:8084692-8113255|strand=-|gene=KREMEN1
1	12	9123	9112	91.667	12	17.0	50	Exon_10|rel=19398-19560|len=163	NC_006102.5:8084692-8113255|strand=-|gene=KREMEN1
1	14	10018	10032	86.667	15	17.0	50	Exon_10|rel=19398-19560|len=163	NC_006102.5:8084692-8113255|strand=-|gene=KREMEN1
29	60	18652	18681	72.727	33	17.0	50	Exon_10|rel=19398-19560|len=163	NC_006102.5:8084692-8113255|strand=-|gene=KREMEN1
38	52	21370	21354	82.353	17	17.0	50	Exon_10|rel=19398-19560|len=163	NC_006102.5:8084692-8113255|strand=-|gene=KREMEN1
124	135	21515	21526	91.667	12	17.0	50	Exon_10|rel=19398-19560|len=163	NC_006102.5:8084692-8113255|strand=-|gene=KREMEN1
122	133	22972	22983	91.667	12	17.0	50	Exon_10|rel=19398-19560|len=163	NC_006102.5:8084692-8113255|strand=-|gene=KREMEN1
147	155	2062	2070	100.000	9	16.2	50	Exon_10|rel=19398-19560|len=163	NC_006102.5:8084692-8113255|strand=-|gene=KREMEN1
92	100	3165	3173	100.000	9	16.2	50	Exon_10|rel=19398-19560|len=163	NC_006102.5:8084692-8113255|strand=-|gene=KREMEN1
145	153	3291	3283	100.000	9	16.2	50	Exon_10|rel=19398-19560|len=163	NC_006102.5:8084692-8113255|strand=-|gene=KREMEN1
72	80	3792	3800	100.000	9	16.2	50	Exon_10|rel=19398-19560|len=163	NC_006102.5:8084692-8113255|strand=-|gene=KREMEN1
46	54	3935	3927	100.000	9	16.2	50	Exon_10|rel=19398-19560|len=163	NC_006102.5:8084692-8113255|strand=-|gene=KREMEN1
83	96	4125	4138	85.714	14	16.2	50	Exon_10|rel=19398-19560|len=163	NC_006102.5:8084692-8113255|strand=-|gene=KREMEN1
41	49	4710	4702	100.000	9	16.2	50	Exon_10|rel=19398-19560|len=163	NC_006102.5:8084692-8113255|strand=-|gene=KREMEN1
37	55	6055	6073	78.947	19	16.2	50	Exon_10|rel=19398-19560|len=163	NC_006102.5:8084692-8113255|strand=-|gene=KREMEN1
56	64	6730	6722	100.000	9	16.2	50	Exon_10|rel=19398-19560|len=163	NC_006102.5:8084692-8113255|strand=-|gene=KREMEN1
124	132	7360	7352	100.000	9	16.2	50	Exon_10|rel=19398-19560|len=163	NC_006102.5:8084692-8113255|strand=-|gene=KREMEN1
70	83	7857	7844	85.714	14	16.2	50	Exon_10|rel=19398-19560|len=163	NC_006102.5:8084692-8113255|strand=-|gene=KREMEN1
98	116	11442	11424	78.947	19	16.2	50	Exon_10|rel=19398-19560|len=163	NC_006102.5:8084692-8113255|strand=-|gene=KREMEN1
116	124	12861	12853	100.000	9	16.2	50	Exon_10|rel=19398-19560|len=163	NC_006102.5:8084692-8113255|strand=-|gene=KREMEN1
107	115	13021	13013	100.000	9	16.2	50	Exon_10|rel=19398-19560|len=163	NC_006102.5:8084692-8113255|strand=-|gene=KREMEN1
154	162	13220	13212	100.000	9	16.2	50	Exon_10|rel=19398-19560|len=163	NC_006102.5:8084692-8113255|strand=-|gene=KREMEN1
74	82	13399	13391	100.000	9	16.2	50	Exon_10|rel=19398-19560|len=163	NC_006102.5:8084692-8113255|strand=-|gene=KREMEN1
32	40	13657	13649	100.000	9	16.2	50	Exon_10|rel=19398-19560|len=163	NC_006102.5:8084692-8113255|strand=-|gene=KREMEN1
34	42	13726	13718	100.000	9	16.2	50	Exon_10|rel=19398-19560|len=163	NC_006102.5:8084692-8113255|strand=-|gene=KREMEN1
28	36	13817	13825	100.000	9	16.2	50	Exon_10|rel=19398-19560|len=163	NC_006102.5:8084692-8113255|strand=-|gene=KREMEN1
75	98	13893	13872	75.000	24	16.2	50	Exon_10|rel=19398-19560|len=163	NC_006102.5:8084692-8113255|strand=-|gene=KREMEN1
143	153	14049	14060	91.667	12	16.2	50	Exon_10|rel=19398-19560|len=163	NC_006102.5:8084692-8113255|strand=-|gene=KREMEN1
76	84	15524	15516	100.000	9	16.2	50	Exon_10|rel=19398-19560|len=163	NC_006102.5:8084692-8113255|strand=-|gene=KREMEN1
123	131	15640	15648	100.000	9	16.2	50	Exon_10|rel=19398-19560|len=163	NC_006102.5:8084692-8113255|strand=-|gene=KREMEN1
33	41	17137	17145	100.000	9	16.2	50	Exon_10|rel=19398-19560|len=163	NC_006102.5:8084692-8113255|strand=-|gene=KREMEN1
64	72	17781	17789	100.000	9	16.2	50	Exon_10|rel=19398-19560|len=163	NC_006102.5:8084692-8113255|strand=-|gene=KREMEN1
29	37	22114	22106	100.000	9	16.2	50	Exon_10|rel=19398-19560|len=163	NC_006102.5:8084692-8113255|strand=-|gene=KREMEN1
118	126	22612	22604	100.000	9	16.2	50	Exon_10|rel=19398-19560|len=163	NC_006102.5:8084692-8113255|strand=-|gene=KREMEN1
141	156	23266	23254	81.250	16	16.2	50	Exon_10|rel=19398-19560|len=163	NC_006102.5:8084692-8113255|strand=-|gene=KREMEN1
1	9	23699	23707	100.000	9	16.2	50	Exon_10|rel=19398-19560|len=163	NC_006102.5:8084692-8113255|strand=-|gene=KREMEN1
16	24	26126	26134	100.000	9	16.2	50	Exon_10|rel=19398-19560|len=163	NC_006102.5:8084692-8113255|strand=-|gene=KREMEN1
116	134	27264	27282	78.947	19	16.2	50	Exon_10|rel=19398-19560|len=163	NC_006102.5:8084692-8113255|strand=-|gene=KREMEN1
116	124	28477	28485	100.000	9	16.2	50	Exon_10|rel=19398-19560|len=163	NC_006102.5:8084692-8113255|strand=-|gene=KREMEN1
105	113	28513	28521	100.000	9	16.2	50	Exon_10|rel=19398-19560|len=163	NC_006102.5:8084692-8113255|strand=-|gene=KREMEN1
1	191	26374	26564	100.000	191	286	2.33e-80	Exon_11|rel=26374-26564|len=191	NC_006102.5:8084692-8113255|strand=-|gene=KREMEN1
83	165	26917	26839	68.966	87	28.8	0.016	Exon_11|rel=26374-26564|len=191	NC_006102.5:8084692-8113255|strand=-|gene=KREMEN1
109	140	26181	26209	81.250	32	27.4	0.045	Exon_11|rel=26374-26564|len=191	NC_006102.5:8084692-8113255|strand=-|gene=KREMEN1
103	139	27031	27064	74.359	39	21.4	2.7	Exon_11|rel=26374-26564|len=191	NC_006102.5:8084692-8113255|strand=-|gene=KREMEN1
177	188	17473	17462	100.000	12	20.7	2.7	Exon_11|rel=26374-26564|len=191	NC_006102.5:8084692-8113255|strand=-|gene=KREMEN1
108	125	24631	24649	84.211	19	19.2	7.7	Exon_11|rel=26374-26564|len=191	NC_006102.5:8084692-8113255|strand=-|gene=KREMEN1
102	133	26032	26005	75.000	32	19.2	7.7	Exon_11|rel=26374-26564|len=191	NC_006102.5:8084692-8113255|strand=-|gene=KREMEN1
110	125	27204	27189	87.500	16	19.2	7.7	Exon_11|rel=26374-26564|len=191	NC_006102.5:8084692-8113255|strand=-|gene=KREMEN1
135	147	4310	4298	92.308	13	18.4	21	Exon_11|rel=26374-26564|len=191	NC_006102.5:8084692-8113255|strand=-|gene=KREMEN1
12	47	10065	10027	70.732	41	18.4	21	Exon_11|rel=26374-26564|len=191	NC_006102.5:8084692-8113255|strand=-|gene=KREMEN1
51	70	3091	3110	80.000	20	17.7	21	Exon_11|rel=26374-26564|len=191	NC_006102.5:8084692-8113255|strand=-|gene=KREMEN1
14	26	8918	8929	92.308	13	17.7	21	Exon_11|rel=26374-26564|len=191	NC_006102.5:8084692-8113255|strand=-|gene=KREMEN1
112	121	18874	18865	100.000	10	17.7	21	Exon_11|rel=26374-26564|len=191	NC_006102.5:8084692-8113255|strand=-|gene=KREMEN1
77	91	23785	23799	86.667	15	17.7	21	Exon_11|rel=26374-26564|len=191	NC_006102.5:8084692-8113255|strand=-|gene=KREMEN1
159	168	24109	24118	100.000	10	17.7	21	Exon_11|rel=26374-26564|len=191	NC_006102.5:8084692-8113255|strand=-|gene=KREMEN1
18	35	26199	26183	83.333	18	17.7	21	Exon_11|rel=26374-26564|len=191	NC_006102.5:8084692-8113255|strand=-|gene=KREMEN1
24	35	27871	27883	92.308	13	17.7	21	Exon_11|rel=26374-26564|len=191	NC_006102.5:8084692-8113255|strand=-|gene=KREMEN1
175	189	1464	1448	82.353	17	17.0	60	Exon_11|rel=26374-26564|len=191	NC_006102.5:8084692-8113255|strand=-|gene=KREMEN1
99	124	14900	14878	76.923	26	17.0	60	Exon_11|rel=26374-26564|len=191	NC_006102.5:8084692-8113255|strand=-|gene=KREMEN1
161	175	15906	15919	86.667	15	17.0	60	Exon_11|rel=26374-26564|len=191	NC_006102.5:8084692-8113255|strand=-|gene=KREMEN1
4	15	22077	22066	91.667	12	17.0	60	Exon_11|rel=26374-26564|len=191	NC_006102.5:8084692-8113255|strand=-|gene=KREMEN1
173	186	3193	3206	85.714	14	16.2	60	Exon_11|rel=26374-26564|len=191	NC_006102.5:8084692-8113255|strand=-|gene=KREMEN1
167	175	4589	4581	100.000	9	16.2	60	Exon_11|rel=26374-26564|len=191	NC_006102.5:8084692-8113255|strand=-|gene=KREMEN1
43	51	6528	6536	100.000	9	16.2	60	Exon_11|rel=26374-26564|len=191	NC_006102.5:8084692-8113255|strand=-|gene=KREMEN1
3	11	7808	7800	100.000	9	16.2	60	Exon_11|rel=26374-26564|len=191	NC_006102.5:8084692-8113255|strand=-|gene=KREMEN1
169	177	9242	9234	100.000	9	16.2	60	Exon_11|rel=26374-26564|len=191	NC_006102.5:8084692-8113255|strand=-|gene=KREMEN1
21	29	10242	10234	100.000	9	16.2	60	Exon_11|rel=26374-26564|len=191	NC_006102.5:8084692-8113255|strand=-|gene=KREMEN1
24	32	14419	14411	100.000	9	16.2	60	Exon_11|rel=26374-26564|len=191	NC_006102.5:8084692-8113255|strand=-|gene=KREMEN1
74	82	15675	15683	100.000	9	16.2	60	Exon_11|rel=26374-26564|len=191	NC_006102.5:8084692-8113255|strand=-|gene=KREMEN1
72	80	19734	19726	100.000	9	16.2	60	Exon_11|rel=26374-26564|len=191	NC_006102.5:8084692-8113255|strand=-|gene=KREMEN1
27	35	26812	26820	100.000	9	16.2	60	Exon_11|rel=26374-26564|len=191	NC_006102.5:8084692-8113255|strand=-|gene=KREMEN1
