1	288	2001	2288	100.000	288	430	1.51e-123	Exon_01|rel=2001-2288|len=288	NC_006088.5:79073430-79101953|strand=+|gene=YBX3
65	260	2260	2065	64.486	214	35.5	1.47e-04	Exon_01|rel=2001-2288|len=288	NC_006088.5:79073430-79101953|strand=+|gene=YBX3
97	135	2500	2462	82.927	41	34.8	4.12e-04	Exon_01|rel=2001-2288|len=288	NC_006088.5:79073430-79101953|strand=+|gene=YBX3
141	260	2578	2467	67.480	123	34.0	4.12e-04	Exon_01|rel=2001-2288|len=288	NC_006088.5:79073430-79101953|strand=+|gene=YBX3
201	262	2065	2132	72.857	70	30.3	0.009	Exon_01|rel=2001-2288|len=288	NC_006088.5:79073430-79101953|strand=+|gene=YBX3
65	132	2201	2262	72.464	69	30.3	0.009	Exon_01|rel=2001-2288|len=288	NC_006088.5:79073430-79101953|strand=+|gene=YBX3
91	143	2000	2049	72.727	55	26.6	0.071	Exon_01|rel=2001-2288|len=288	NC_006088.5:79073430-79101953|strand=+|gene=YBX3
212	257	2095	2146	73.077	52	26.6	0.071	Exon_01|rel=2001-2288|len=288	NC_006088.5:79073430-79101953|strand=+|gene=YBX3
95	146	2212	2257	73.077	52	26.6	0.071	Exon_01|rel=2001-2288|len=288	NC_006088.5:79073430-79101953|strand=+|gene=YBX3
128	214	2695	2796	65.421	107	26.6	0.071	Exon_01|rel=2001-2288|len=288	NC_006088.5:79073430-79101953|strand=+|gene=YBX3
174	198	1954	1929	85.185	27	25.9	0.20	Exon_01|rel=2001-2288|len=288	NC_006088.5:79073430-79101953|strand=+|gene=YBX3
3	49	2094	2143	73.077	52	25.9	0.20	Exon_01|rel=2001-2288|len=288	NC_006088.5:79073430-79101953|strand=+|gene=YBX3
68	121	2388	2435	73.214	56	25.9	0.20	Exon_01|rel=2001-2288|len=288	NC_006088.5:79073430-79101953|strand=+|gene=YBX3
87	133	2725	2672	70.909	55	25.9	0.20	Exon_01|rel=2001-2288|len=288	NC_006088.5:79073430-79101953|strand=+|gene=YBX3
66	106	2106	2066	72.727	44	22.2	1.6	Exon_01|rel=2001-2288|len=288	NC_006088.5:79073430-79101953|strand=+|gene=YBX3
21	43	1698	1722	80.000	25	21.4	4.4	Exon_01|rel=2001-2288|len=288	NC_006088.5:79073430-79101953|strand=+|gene=YBX3
75	140	1796	1872	67.089	79	21.4	4.4	Exon_01|rel=2001-2288|len=288	NC_006088.5:79073430-79101953|strand=+|gene=YBX3
176	207	2400	2367	75.000	36	21.4	4.4	Exon_01|rel=2001-2288|len=288	NC_006088.5:79073430-79101953|strand=+|gene=YBX3
117	128	2542	2553	100.000	12	20.7	4.4	Exon_01|rel=2001-2288|len=288	NC_006088.5:79073430-79101953|strand=+|gene=YBX3
21	34	1704	1691	92.857	14	19.9	12	Exon_01|rel=2001-2288|len=288	NC_006088.5:79073430-79101953|strand=+|gene=YBX3
181	262	2026	2129	65.094	106	19.9	12	Exon_01|rel=2001-2288|len=288	NC_006088.5:79073430-79101953|strand=+|gene=YBX3
26	129	2181	2262	65.094	106	19.9	12	Exon_01|rel=2001-2288|len=288	NC_006088.5:79073430-79101953|strand=+|gene=YBX3
192	205	2613	2626	92.857	14	19.9	12	Exon_01|rel=2001-2288|len=288	NC_006088.5:79073430-79101953|strand=+|gene=YBX3
269	287	19614	19596	84.211	19	19.9	12	Exon_01|rel=2001-2288|len=288	NC_006088.5:79073430-79101953|strand=+|gene=YBX3
121	131	2543	2553	100.000	11	19.2	12	Exon_01|rel=2001-2288|len=288	NC_006088.5:79073430-79101953|strand=+|gene=YBX3
131	141	6871	6881	100.000	11	19.2	12	Exon_01|rel=2001-2288|len=288	NC_006088.5:79073430-79101953|strand=+|gene=YBX3
13	25	8400	8387	92.857	14	19.2	12	Exon_01|rel=2001-2288|len=288	NC_006088.5:79073430-79101953|strand=+|gene=YBX3
63	84	1919	1942	79.167	24	18.4	34	Exon_01|rel=2001-2288|len=288	NC_006088.5:79073430-79101953|strand=+|gene=YBX3
94	111	1935	1952	83.333	18	18.4	34	Exon_01|rel=2001-2288|len=288	NC_006088.5:79073430-79101953|strand=+|gene=YBX3
5	17	9708	9696	92.308	13	18.4	34	Exon_01|rel=2001-2288|len=288	NC_006088.5:79073430-79101953|strand=+|gene=YBX3
227	239	2397	2383	86.667	15	17.7	34	Exon_01|rel=2001-2288|len=288	NC_006088.5:79073430-79101953|strand=+|gene=YBX3
124	133	2543	2552	100.000	10	17.7	34	Exon_01|rel=2001-2288|len=288	NC_006088.5:79073430-79101953|strand=+|gene=YBX3
252	261	2544	2553	100.000	10	17.7	34	Exon_01|rel=2001-2288|len=288	NC_006088.5:79073430-79101953|strand=+|gene=YBX3
272	286	24960	24946	86.667	15	17.7	34	Exon_01|rel=2001-2288|len=288	NC_006088.5:79073430-79101953|strand=+|gene=YBX3
132	143	1296	1285	91.667	12	17.0	96	Exon_01|rel=2001-2288|len=288	NC_006088.5:79073430-79101953|strand=+|gene=YBX3
198	212	1852	1836	82.353	17	17.0	96	Exon_01|rel=2001-2288|len=288	NC_006088.5:79073430-79101953|strand=+|gene=YBX3
245	264	2092	2108	80.000	20	17.0	96	Exon_01|rel=2001-2288|len=288	NC_006088.5:79073430-79101953|strand=+|gene=YBX3
92	108	2245	2264	80.000	20	17.0	96	Exon_01|rel=2001-2288|len=288	NC_006088.5:79073430-79101953|strand=+|gene=YBX3
254	265	2543	2554	91.667	12	17.0	96	Exon_01|rel=2001-2288|len=288	NC_006088.5:79073430-79101953|strand=+|gene=YBX3
44	55	8453	8464	91.667	12	17.0	96	Exon_01|rel=2001-2288|len=288	NC_006088.5:79073430-79101953|strand=+|gene=YBX3
43	59	14839	14823	82.353	17	17.0	96	Exon_01|rel=2001-2288|len=288	NC_006088.5:79073430-79101953|strand=+|gene=YBX3
159	170	21336	21325	91.667	12	17.0	96	Exon_01|rel=2001-2288|len=288	NC_006088.5:79073430-79101953|strand=+|gene=YBX3
11	25	24857	24844	86.667	15	17.0	96	Exon_01|rel=2001-2288|len=288	NC_006088.5:79073430-79101953|strand=+|gene=YBX3
12	20	1462	1454	100.000	9	16.2	96	Exon_01|rel=2001-2288|len=288	NC_006088.5:79073430-79101953|strand=+|gene=YBX3
181	189	1699	1691	100.000	9	16.2	96	Exon_01|rel=2001-2288|len=288	NC_006088.5:79073430-79101953|strand=+|gene=YBX3
157	165	3571	3563	100.000	9	16.2	96	Exon_01|rel=2001-2288|len=288	NC_006088.5:79073430-79101953|strand=+|gene=YBX3
279	287	7126	7118	100.000	9	16.2	96	Exon_01|rel=2001-2288|len=288	NC_006088.5:79073430-79101953|strand=+|gene=YBX3
10	18	8875	8867	100.000	9	16.2	96	Exon_01|rel=2001-2288|len=288	NC_006088.5:79073430-79101953|strand=+|gene=YBX3
131	139	9754	9746	100.000	9	16.2	96	Exon_01|rel=2001-2288|len=288	NC_006088.5:79073430-79101953|strand=+|gene=YBX3
12	20	9977	9985	100.000	9	16.2	96	Exon_01|rel=2001-2288|len=288	NC_006088.5:79073430-79101953|strand=+|gene=YBX3
134	142	10668	10660	100.000	9	16.2	96	Exon_01|rel=2001-2288|len=288	NC_006088.5:79073430-79101953|strand=+|gene=YBX3
239	247	11156	11148	100.000	9	16.2	96	Exon_01|rel=2001-2288|len=288	NC_006088.5:79073430-79101953|strand=+|gene=YBX3
239	247	16455	16447	100.000	9	16.2	96	Exon_01|rel=2001-2288|len=288	NC_006088.5:79073430-79101953|strand=+|gene=YBX3
278	286	20979	20971	100.000	9	16.2	96	Exon_01|rel=2001-2288|len=288	NC_006088.5:79073430-79101953|strand=+|gene=YBX3
39	47	22812	22804	100.000	9	16.2	96	Exon_01|rel=2001-2288|len=288	NC_006088.5:79073430-79101953|strand=+|gene=YBX3
264	282	27503	27521	78.947	19	16.2	96	Exon_01|rel=2001-2288|len=288	NC_006088.5:79073430-79101953|strand=+|gene=YBX3
42	50	28263	28255	100.000	9	16.2	96	Exon_01|rel=2001-2288|len=288	NC_006088.5:79073430-79101953|strand=+|gene=YBX3
1	64	6098	6161	100.000	64	97.9	3.56e-24	Exon_02|rel=6098-6161|len=64	NC_006088.5:79073430-79101953|strand=+|gene=YBX3
9	34	3351	3379	75.862	29	19.2	1.8	Exon_02|rel=6098-6161|len=64	NC_006088.5:79073430-79101953|strand=+|gene=YBX3
31	49	26780	26763	84.211	19	19.2	1.8	Exon_02|rel=6098-6161|len=64	NC_006088.5:79073430-79101953|strand=+|gene=YBX3
3	15	9152	9164	92.308	13	18.4	5.1	Exon_02|rel=6098-6161|len=64	NC_006088.5:79073430-79101953|strand=+|gene=YBX3
49	63	4775	4761	86.667	15	17.7	5.1	Exon_02|rel=6098-6161|len=64	NC_006088.5:79073430-79101953|strand=+|gene=YBX3
25	34	6231	6240	100.000	10	17.7	5.1	Exon_02|rel=6098-6161|len=64	NC_006088.5:79073430-79101953|strand=+|gene=YBX3
38	50	7886	7897	92.308	13	17.7	5.1	Exon_02|rel=6098-6161|len=64	NC_006088.5:79073430-79101953|strand=+|gene=YBX3
5	14	10506	10497	100.000	10	17.7	5.1	Exon_02|rel=6098-6161|len=64	NC_006088.5:79073430-79101953|strand=+|gene=YBX3
5	22	11376	11392	83.333	18	17.7	5.1	Exon_02|rel=6098-6161|len=64	NC_006088.5:79073430-79101953|strand=+|gene=YBX3
4	15	12339	12351	92.308	13	17.7	5.1	Exon_02|rel=6098-6161|len=64	NC_006088.5:79073430-79101953|strand=+|gene=YBX3
52	61	17380	17389	100.000	10	17.7	5.1	Exon_02|rel=6098-6161|len=64	NC_006088.5:79073430-79101953|strand=+|gene=YBX3
47	59	18250	18261	92.308	13	17.7	5.1	Exon_02|rel=6098-6161|len=64	NC_006088.5:79073430-79101953|strand=+|gene=YBX3
33	49	23923	23906	83.333	18	17.7	5.1	Exon_02|rel=6098-6161|len=64	NC_006088.5:79073430-79101953|strand=+|gene=YBX3
2	18	12324	12305	80.000	20	17.0	14	Exon_02|rel=6098-6161|len=64	NC_006088.5:79073430-79101953|strand=+|gene=YBX3
39	55	16888	16874	82.353	17	17.0	14	Exon_02|rel=6098-6161|len=64	NC_006088.5:79073430-79101953|strand=+|gene=YBX3
24	34	624	613	91.667	12	16.2	14	Exon_02|rel=6098-6161|len=64	NC_006088.5:79073430-79101953|strand=+|gene=YBX3
7	18	2862	2872	91.667	12	16.2	14	Exon_02|rel=6098-6161|len=64	NC_006088.5:79073430-79101953|strand=+|gene=YBX3
56	64	11638	11630	100.000	9	16.2	14	Exon_02|rel=6098-6161|len=64	NC_006088.5:79073430-79101953|strand=+|gene=YBX3
56	64	12055	12063	100.000	9	16.2	14	Exon_02|rel=6098-6161|len=64	NC_006088.5:79073430-79101953|strand=+|gene=YBX3
2	10	14269	14261	100.000	9	16.2	14	Exon_02|rel=6098-6161|len=64	NC_006088.5:79073430-79101953|strand=+|gene=YBX3
1	17	14299	14284	82.353	17	16.2	14	Exon_02|rel=6098-6161|len=64	NC_006088.5:79073430-79101953|strand=+|gene=YBX3
2	30	17956	17990	71.429	35	16.2	14	Exon_02|rel=6098-6161|len=64	NC_006088.5:79073430-79101953|strand=+|gene=YBX3
37	45	18021	18029	100.000	9	16.2	14	Exon_02|rel=6098-6161|len=64	NC_006088.5:79073430-79101953|strand=+|gene=YBX3
41	49	18266	18258	100.000	9	16.2	14	Exon_02|rel=6098-6161|len=64	NC_006088.5:79073430-79101953|strand=+|gene=YBX3
37	45	21892	21884	100.000	9	16.2	14	Exon_02|rel=6098-6161|len=64	NC_006088.5:79073430-79101953|strand=+|gene=YBX3
5	13	22571	22563	100.000	9	16.2	14	Exon_02|rel=6098-6161|len=64	NC_006088.5:79073430-79101953|strand=+|gene=YBX3
33	44	26024	26034	91.667	12	16.2	14	Exon_02|rel=6098-6161|len=64	NC_006088.5:79073430-79101953|strand=+|gene=YBX3
6	14	27705	27697	100.000	9	16.2	14	Exon_02|rel=6098-6161|len=64	NC_006088.5:79073430-79101953|strand=+|gene=YBX3
54	64	4181	4191	90.909	11	15.5	40	Exon_02|rel=6098-6161|len=64	NC_006088.5:79073430-79101953|strand=+|gene=YBX3
37	49	6203	6216	85.714	14	15.5	40	Exon_02|rel=6098-6161|len=64	NC_006088.5:79073430-79101953|strand=+|gene=YBX3
2	12	9414	9404	90.909	11	15.5	40	Exon_02|rel=6098-6161|len=64	NC_006088.5:79073430-79101953|strand=+|gene=YBX3
34	44	11752	11742	90.909	11	15.5	40	Exon_02|rel=6098-6161|len=64	NC_006088.5:79073430-79101953|strand=+|gene=YBX3
54	64	23865	23855	90.909	11	15.5	40	Exon_02|rel=6098-6161|len=64	NC_006088.5:79073430-79101953|strand=+|gene=YBX3
54	64	25999	26009	90.909	11	15.5	40	Exon_02|rel=6098-6161|len=64	NC_006088.5:79073430-79101953|strand=+|gene=YBX3
2	15	26870	26858	85.714	14	15.5	40	Exon_02|rel=6098-6161|len=64	NC_006088.5:79073430-79101953|strand=+|gene=YBX3
1	8	696	689	100.000	8	14.7	40	Exon_02|rel=6098-6161|len=64	NC_006088.5:79073430-79101953|strand=+|gene=YBX3
2	14	742	730	84.615	13	14.7	40	Exon_02|rel=6098-6161|len=64	NC_006088.5:79073430-79101953|strand=+|gene=YBX3
2	9	4125	4132	100.000	8	14.7	40	Exon_02|rel=6098-6161|len=64	NC_006088.5:79073430-79101953|strand=+|gene=YBX3
3	10	4878	4871	100.000	8	14.7	40	Exon_02|rel=6098-6161|len=64	NC_006088.5:79073430-79101953|strand=+|gene=YBX3
26	38	5314	5302	84.615	13	14.7	40	Exon_02|rel=6098-6161|len=64	NC_006088.5:79073430-79101953|strand=+|gene=YBX3
5	14	5719	5729	90.909	11	14.7	40	Exon_02|rel=6098-6161|len=64	NC_006088.5:79073430-79101953|strand=+|gene=YBX3
40	47	5948	5955	100.000	8	14.7	40	Exon_02|rel=6098-6161|len=64	NC_006088.5:79073430-79101953|strand=+|gene=YBX3
39	46	6787	6794	100.000	8	14.7	40	Exon_02|rel=6098-6161|len=64	NC_006088.5:79073430-79101953|strand=+|gene=YBX3
41	48	8907	8914	100.000	8	14.7	40	Exon_02|rel=6098-6161|len=64	NC_006088.5:79073430-79101953|strand=+|gene=YBX3
23	30	11145	11152	100.000	8	14.7	40	Exon_02|rel=6098-6161|len=64	NC_006088.5:79073430-79101953|strand=+|gene=YBX3
54	63	11528	11538	90.909	11	14.7	40	Exon_02|rel=6098-6161|len=64	NC_006088.5:79073430-79101953|strand=+|gene=YBX3
57	64	14099	14092	100.000	8	14.7	40	Exon_02|rel=6098-6161|len=64	NC_006088.5:79073430-79101953|strand=+|gene=YBX3
57	64	15359	15352	100.000	8	14.7	40	Exon_02|rel=6098-6161|len=64	NC_006088.5:79073430-79101953|strand=+|gene=YBX3
20	27	16247	16240	100.000	8	14.7	40	Exon_02|rel=6098-6161|len=64	NC_006088.5:79073430-79101953|strand=+|gene=YBX3
56	63	17321	17328	100.000	8	14.7	40	Exon_02|rel=6098-6161|len=64	NC_006088.5:79073430-79101953|strand=+|gene=YBX3
36	43	17711	17718	100.000	8	14.7	40	Exon_02|rel=6098-6161|len=64	NC_006088.5:79073430-79101953|strand=+|gene=YBX3
3	10	18541	18534	100.000	8	14.7	40	Exon_02|rel=6098-6161|len=64	NC_006088.5:79073430-79101953|strand=+|gene=YBX3
52	59	18694	18701	100.000	8	14.7	40	Exon_02|rel=6098-6161|len=64	NC_006088.5:79073430-79101953|strand=+|gene=YBX3
23	30	19060	19067	100.000	8	14.7	40	Exon_02|rel=6098-6161|len=64	NC_006088.5:79073430-79101953|strand=+|gene=YBX3
37	44	19360	19367	100.000	8	14.7	40	Exon_02|rel=6098-6161|len=64	NC_006088.5:79073430-79101953|strand=+|gene=YBX3
1	8	21507	21500	100.000	8	14.7	40	Exon_02|rel=6098-6161|len=64	NC_006088.5:79073430-79101953|strand=+|gene=YBX3
40	47	22226	22219	100.000	8	14.7	40	Exon_02|rel=6098-6161|len=64	NC_006088.5:79073430-79101953|strand=+|gene=YBX3
1	8	23369	23362	100.000	8	14.7	40	Exon_02|rel=6098-6161|len=64	NC_006088.5:79073430-79101953|strand=+|gene=YBX3
21	28	24082	24089	100.000	8	14.7	40	Exon_02|rel=6098-6161|len=64	NC_006088.5:79073430-79101953|strand=+|gene=YBX3
3	10	24475	24468	100.000	8	14.7	40	Exon_02|rel=6098-6161|len=64	NC_006088.5:79073430-79101953|strand=+|gene=YBX3
52	59	25507	25514	100.000	8	14.7	40	Exon_02|rel=6098-6161|len=64	NC_006088.5:79073430-79101953|strand=+|gene=YBX3
7	14	25611	25618	100.000	8	14.7	40	Exon_02|rel=6098-6161|len=64	NC_006088.5:79073430-79101953|strand=+|gene=YBX3
1	34	7889	7922	100.000	34	53.4	2.71e-11	Exon_03|rel=7889-7922|len=34	NC_006088.5:79073430-79101953|strand=+|gene=YBX3
15	29	17968	17955	93.333	15	20.7	0.19	Exon_03|rel=7889-7922|len=34	NC_006088.5:79073430-79101953|strand=+|gene=YBX3
8	31	24366	24389	80.769	26	19.9	0.53	Exon_03|rel=7889-7922|len=34	NC_006088.5:79073430-79101953|strand=+|gene=YBX3
4	14	11409	11399	100.000	11	19.2	0.53	Exon_03|rel=7889-7922|len=34	NC_006088.5:79073430-79101953|strand=+|gene=YBX3
1	16	26031	26046	87.500	16	19.2	0.53	Exon_03|rel=7889-7922|len=34	NC_006088.5:79073430-79101953|strand=+|gene=YBX3
4	16	26288	26275	92.857	14	19.2	0.53	Exon_03|rel=7889-7922|len=34	NC_006088.5:79073430-79101953|strand=+|gene=YBX3
2	16	18992	18977	87.500	16	18.4	1.5	Exon_03|rel=7889-7922|len=34	NC_006088.5:79073430-79101953|strand=+|gene=YBX3
8	17	835	844	100.000	10	17.7	1.5	Exon_03|rel=7889-7922|len=34	NC_006088.5:79073430-79101953|strand=+|gene=YBX3
13	34	3244	3222	78.261	23	17.7	1.5	Exon_03|rel=7889-7922|len=34	NC_006088.5:79073430-79101953|strand=+|gene=YBX3
18	34	4541	4524	83.333	18	17.7	1.5	Exon_03|rel=7889-7922|len=34	NC_006088.5:79073430-79101953|strand=+|gene=YBX3
20	33	7611	7626	87.500	16	17.7	1.5	Exon_03|rel=7889-7922|len=34	NC_006088.5:79073430-79101953|strand=+|gene=YBX3
16	27	23590	23578	92.308	13	17.7	1.5	Exon_03|rel=7889-7922|len=34	NC_006088.5:79073430-79101953|strand=+|gene=YBX3
5	16	11936	11925	91.667	12	17.0	4.1	Exon_03|rel=7889-7922|len=34	NC_006088.5:79073430-79101953|strand=+|gene=YBX3
20	31	14465	14454	91.667	12	17.0	4.1	Exon_03|rel=7889-7922|len=34	NC_006088.5:79073430-79101953|strand=+|gene=YBX3
5	16	17842	17831	91.667	12	17.0	4.1	Exon_03|rel=7889-7922|len=34	NC_006088.5:79073430-79101953|strand=+|gene=YBX3
17	28	26535	26546	91.667	12	17.0	4.1	Exon_03|rel=7889-7922|len=34	NC_006088.5:79073430-79101953|strand=+|gene=YBX3
6	25	345	322	75.000	24	16.2	4.1	Exon_03|rel=7889-7922|len=34	NC_006088.5:79073430-79101953|strand=+|gene=YBX3
9	22	852	865	85.714	14	16.2	4.1	Exon_03|rel=7889-7922|len=34	NC_006088.5:79073430-79101953|strand=+|gene=YBX3
23	31	9061	9053	100.000	9	16.2	4.1	Exon_03|rel=7889-7922|len=34	NC_006088.5:79073430-79101953|strand=+|gene=YBX3
23	34	9266	9256	91.667	12	16.2	4.1	Exon_03|rel=7889-7922|len=34	NC_006088.5:79073430-79101953|strand=+|gene=YBX3
11	19	16404	16396	100.000	9	16.2	4.1	Exon_03|rel=7889-7922|len=34	NC_006088.5:79073430-79101953|strand=+|gene=YBX3
18	26	17461	17469	100.000	9	16.2	4.1	Exon_03|rel=7889-7922|len=34	NC_006088.5:79073430-79101953|strand=+|gene=YBX3
21	29	23391	23383	100.000	9	16.2	4.1	Exon_03|rel=7889-7922|len=34	NC_006088.5:79073430-79101953|strand=+|gene=YBX3
23	34	24556	24546	91.667	12	16.2	4.1	Exon_03|rel=7889-7922|len=34	NC_006088.5:79073430-79101953|strand=+|gene=YBX3
14	22	25877	25885	100.000	9	16.2	4.1	Exon_03|rel=7889-7922|len=34	NC_006088.5:79073430-79101953|strand=+|gene=YBX3
14	28	26535	26550	82.353	17	16.2	4.1	Exon_03|rel=7889-7922|len=34	NC_006088.5:79073430-79101953|strand=+|gene=YBX3
18	33	27250	27266	82.353	17	16.2	4.1	Exon_03|rel=7889-7922|len=34	NC_006088.5:79073430-79101953|strand=+|gene=YBX3
6	14	27347	27339	100.000	9	16.2	4.1	Exon_03|rel=7889-7922|len=34	NC_006088.5:79073430-79101953|strand=+|gene=YBX3
19	29	2997	3007	90.909	11	15.5	12	Exon_03|rel=7889-7922|len=34	NC_006088.5:79073430-79101953|strand=+|gene=YBX3
20	30	9937	9927	90.909	11	15.5	12	Exon_03|rel=7889-7922|len=34	NC_006088.5:79073430-79101953|strand=+|gene=YBX3
16	28	10867	10854	85.714	14	15.5	12	Exon_03|rel=7889-7922|len=34	NC_006088.5:79073430-79101953|strand=+|gene=YBX3
5	20	16202	16189	81.250	16	15.5	12	Exon_03|rel=7889-7922|len=34	NC_006088.5:79073430-79101953|strand=+|gene=YBX3
3	22	20185	20161	76.000	25	15.5	12	Exon_03|rel=7889-7922|len=34	NC_006088.5:79073430-79101953|strand=+|gene=YBX3
23	30	4130	4123	100.000	8	14.7	12	Exon_03|rel=7889-7922|len=34	NC_006088.5:79073430-79101953|strand=+|gene=YBX3
18	27	4900	4910	90.909	11	14.7	12	Exon_03|rel=7889-7922|len=34	NC_006088.5:79073430-79101953|strand=+|gene=YBX3
18	30	6224	6239	81.250	16	14.7	12	Exon_03|rel=7889-7922|len=34	NC_006088.5:79073430-79101953|strand=+|gene=YBX3
15	22	6464	6471	100.000	8	14.7	12	Exon_03|rel=7889-7922|len=34	NC_006088.5:79073430-79101953|strand=+|gene=YBX3
20	27	6677	6684	100.000	8	14.7	12	Exon_03|rel=7889-7922|len=34	NC_006088.5:79073430-79101953|strand=+|gene=YBX3
2	9	7209	7216	100.000	8	14.7	12	Exon_03|rel=7889-7922|len=34	NC_006088.5:79073430-79101953|strand=+|gene=YBX3
1	19	9381	9359	73.913	23	14.7	12	Exon_03|rel=7889-7922|len=34	NC_006088.5:79073430-79101953|strand=+|gene=YBX3
20	27	9453	9446	100.000	8	14.7	12	Exon_03|rel=7889-7922|len=34	NC_006088.5:79073430-79101953|strand=+|gene=YBX3
8	15	9828	9821	100.000	8	14.7	12	Exon_03|rel=7889-7922|len=34	NC_006088.5:79073430-79101953|strand=+|gene=YBX3
7	16	11604	11594	90.909	11	14.7	12	Exon_03|rel=7889-7922|len=34	NC_006088.5:79073430-79101953|strand=+|gene=YBX3
18	28	11910	11919	90.909	11	14.7	12	Exon_03|rel=7889-7922|len=34	NC_006088.5:79073430-79101953|strand=+|gene=YBX3
20	27	12145	12152	100.000	8	14.7	12	Exon_03|rel=7889-7922|len=34	NC_006088.5:79073430-79101953|strand=+|gene=YBX3
19	26	12194	12201	100.000	8	14.7	12	Exon_03|rel=7889-7922|len=34	NC_006088.5:79073430-79101953|strand=+|gene=YBX3
11	18	12724	12731	100.000	8	14.7	12	Exon_03|rel=7889-7922|len=34	NC_006088.5:79073430-79101953|strand=+|gene=YBX3
23	34	14264	14277	85.714	14	14.7	12	Exon_03|rel=7889-7922|len=34	NC_006088.5:79073430-79101953|strand=+|gene=YBX3
23	30	15375	15368	100.000	8	14.7	12	Exon_03|rel=7889-7922|len=34	NC_006088.5:79073430-79101953|strand=+|gene=YBX3
7	14	16177	16170	100.000	8	14.7	12	Exon_03|rel=7889-7922|len=34	NC_006088.5:79073430-79101953|strand=+|gene=YBX3
25	32	17346	17339	100.000	8	14.7	12	Exon_03|rel=7889-7922|len=34	NC_006088.5:79073430-79101953|strand=+|gene=YBX3
19	31	17663	17673	84.615	13	14.7	12	Exon_03|rel=7889-7922|len=34	NC_006088.5:79073430-79101953|strand=+|gene=YBX3
27	34	18917	18924	100.000	8	14.7	12	Exon_03|rel=7889-7922|len=34	NC_006088.5:79073430-79101953|strand=+|gene=YBX3
11	20	20049	20039	90.909	11	14.7	12	Exon_03|rel=7889-7922|len=34	NC_006088.5:79073430-79101953|strand=+|gene=YBX3
19	26	21265	21272	100.000	8	14.7	12	Exon_03|rel=7889-7922|len=34	NC_006088.5:79073430-79101953|strand=+|gene=YBX3
21	28	22189	22196	100.000	8	14.7	12	Exon_03|rel=7889-7922|len=34	NC_006088.5:79073430-79101953|strand=+|gene=YBX3
23	33	26085	26073	84.615	13	14.7	12	Exon_03|rel=7889-7922|len=34	NC_006088.5:79073430-79101953|strand=+|gene=YBX3
8	15	27045	27052	100.000	8	14.7	12	Exon_03|rel=7889-7922|len=34	NC_006088.5:79073430-79101953|strand=+|gene=YBX3
8	20	117	106	84.615	13	14.0	32	Exon_03|rel=7889-7922|len=34	NC_006088.5:79073430-79101953|strand=+|gene=YBX3
4	18	4610	4622	80.000	15	14.0	32	Exon_03|rel=7889-7922|len=34	NC_006088.5:79073430-79101953|strand=+|gene=YBX3
8	17	14909	14900	90.000	10	14.0	32	Exon_03|rel=7889-7922|len=34	NC_006088.5:79073430-79101953|strand=+|gene=YBX3
15	27	18612	18598	80.000	15	14.0	32	Exon_03|rel=7889-7922|len=34	NC_006088.5:79073430-79101953|strand=+|gene=YBX3
4	16	19779	19765	80.000	15	14.0	32	Exon_03|rel=7889-7922|len=34	NC_006088.5:79073430-79101953|strand=+|gene=YBX3
9	25	20746	20729	77.778	18	14.0	32	Exon_03|rel=7889-7922|len=34	NC_006088.5:79073430-79101953|strand=+|gene=YBX3
6	28	22341	22317	73.077	26	14.0	32	Exon_03|rel=7889-7922|len=34	NC_006088.5:79073430-79101953|strand=+|gene=YBX3
15	31	22868	22853	77.778	18	14.0	32	Exon_03|rel=7889-7922|len=34	NC_006088.5:79073430-79101953|strand=+|gene=YBX3
9	15	308	314	100.000	7	13.2	32	Exon_03|rel=7889-7922|len=34	NC_006088.5:79073430-79101953|strand=+|gene=YBX3
27	33	443	437	100.000	7	13.2	32	Exon_03|rel=7889-7922|len=34	NC_006088.5:79073430-79101953|strand=+|gene=YBX3
11	17	1355	1361	100.000	7	13.2	32	Exon_03|rel=7889-7922|len=34	NC_006088.5:79073430-79101953|strand=+|gene=YBX3
11	17	2882	2876	100.000	7	13.2	32	Exon_03|rel=7889-7922|len=34	NC_006088.5:79073430-79101953|strand=+|gene=YBX3
15	21	3270	3264	100.000	7	13.2	32	Exon_03|rel=7889-7922|len=34	NC_006088.5:79073430-79101953|strand=+|gene=YBX3
16	22	3535	3541	100.000	7	13.2	32	Exon_03|rel=7889-7922|len=34	NC_006088.5:79073430-79101953|strand=+|gene=YBX3
11	17	3864	3858	100.000	7	13.2	32	Exon_03|rel=7889-7922|len=34	NC_006088.5:79073430-79101953|strand=+|gene=YBX3
3	9	4358	4364	100.000	7	13.2	32	Exon_03|rel=7889-7922|len=34	NC_006088.5:79073430-79101953|strand=+|gene=YBX3
1	7	5383	5377	100.000	7	13.2	32	Exon_03|rel=7889-7922|len=34	NC_006088.5:79073430-79101953|strand=+|gene=YBX3
15	21	6524	6530	100.000	7	13.2	32	Exon_03|rel=7889-7922|len=34	NC_006088.5:79073430-79101953|strand=+|gene=YBX3
3	9	6576	6570	100.000	7	13.2	32	Exon_03|rel=7889-7922|len=34	NC_006088.5:79073430-79101953|strand=+|gene=YBX3
25	31	6646	6640	100.000	7	13.2	32	Exon_03|rel=7889-7922|len=34	NC_006088.5:79073430-79101953|strand=+|gene=YBX3
15	21	6854	6860	100.000	7	13.2	32	Exon_03|rel=7889-7922|len=34	NC_006088.5:79073430-79101953|strand=+|gene=YBX3
25	31	7334	7340	100.000	7	13.2	32	Exon_03|rel=7889-7922|len=34	NC_006088.5:79073430-79101953|strand=+|gene=YBX3
17	23	7783	7789	100.000	7	13.2	32	Exon_03|rel=7889-7922|len=34	NC_006088.5:79073430-79101953|strand=+|gene=YBX3
1	7	9286	9280	100.000	7	13.2	32	Exon_03|rel=7889-7922|len=34	NC_006088.5:79073430-79101953|strand=+|gene=YBX3
21	27	9385	9391	100.000	7	13.2	32	Exon_03|rel=7889-7922|len=34	NC_006088.5:79073430-79101953|strand=+|gene=YBX3
21	27	9518	9524	100.000	7	13.2	32	Exon_03|rel=7889-7922|len=34	NC_006088.5:79073430-79101953|strand=+|gene=YBX3
1	7	10473	10479	100.000	7	13.2	32	Exon_03|rel=7889-7922|len=34	NC_006088.5:79073430-79101953|strand=+|gene=YBX3
12	18	11050	11044	100.000	7	13.2	32	Exon_03|rel=7889-7922|len=34	NC_006088.5:79073430-79101953|strand=+|gene=YBX3
27	33	11529	11535	100.000	7	13.2	32	Exon_03|rel=7889-7922|len=34	NC_006088.5:79073430-79101953|strand=+|gene=YBX3
14	20	11904	11898	100.000	7	13.2	32	Exon_03|rel=7889-7922|len=34	NC_006088.5:79073430-79101953|strand=+|gene=YBX3
6	12	12105	12111	100.000	7	13.2	32	Exon_03|rel=7889-7922|len=34	NC_006088.5:79073430-79101953|strand=+|gene=YBX3
15	21	12157	12163	100.000	7	13.2	32	Exon_03|rel=7889-7922|len=34	NC_006088.5:79073430-79101953|strand=+|gene=YBX3
7	13	12204	12198	100.000	7	13.2	32	Exon_03|rel=7889-7922|len=34	NC_006088.5:79073430-79101953|strand=+|gene=YBX3
23	29	12319	12325	100.000	7	13.2	32	Exon_03|rel=7889-7922|len=34	NC_006088.5:79073430-79101953|strand=+|gene=YBX3
1	7	13010	13016	100.000	7	13.2	32	Exon_03|rel=7889-7922|len=34	NC_006088.5:79073430-79101953|strand=+|gene=YBX3
27	33	13256	13262	100.000	7	13.2	32	Exon_03|rel=7889-7922|len=34	NC_006088.5:79073430-79101953|strand=+|gene=YBX3
16	22	13382	13376	100.000	7	13.2	32	Exon_03|rel=7889-7922|len=34	NC_006088.5:79073430-79101953|strand=+|gene=YBX3
25	31	13771	13765	100.000	7	13.2	32	Exon_03|rel=7889-7922|len=34	NC_006088.5:79073430-79101953|strand=+|gene=YBX3
1	7	13975	13969	100.000	7	13.2	32	Exon_03|rel=7889-7922|len=34	NC_006088.5:79073430-79101953|strand=+|gene=YBX3
22	28	14313	14307	100.000	7	13.2	32	Exon_03|rel=7889-7922|len=34	NC_006088.5:79073430-79101953|strand=+|gene=YBX3
19	25	14747	14741	100.000	7	13.2	32	Exon_03|rel=7889-7922|len=34	NC_006088.5:79073430-79101953|strand=+|gene=YBX3
1	7	14879	14885	100.000	7	13.2	32	Exon_03|rel=7889-7922|len=34	NC_006088.5:79073430-79101953|strand=+|gene=YBX3
4	10	15195	15201	100.000	7	13.2	32	Exon_03|rel=7889-7922|len=34	NC_006088.5:79073430-79101953|strand=+|gene=YBX3
9	15	15251	15245	100.000	7	13.2	32	Exon_03|rel=7889-7922|len=34	NC_006088.5:79073430-79101953|strand=+|gene=YBX3
11	17	15628	15634	100.000	7	13.2	32	Exon_03|rel=7889-7922|len=34	NC_006088.5:79073430-79101953|strand=+|gene=YBX3
12	18	15916	15910	100.000	7	13.2	32	Exon_03|rel=7889-7922|len=34	NC_006088.5:79073430-79101953|strand=+|gene=YBX3
18	24	16066	16060	100.000	7	13.2	32	Exon_03|rel=7889-7922|len=34	NC_006088.5:79073430-79101953|strand=+|gene=YBX3
25	31	17978	17972	100.000	7	13.2	32	Exon_03|rel=7889-7922|len=34	NC_006088.5:79073430-79101953|strand=+|gene=YBX3
10	16	18159	18165	100.000	7	13.2	32	Exon_03|rel=7889-7922|len=34	NC_006088.5:79073430-79101953|strand=+|gene=YBX3
6	12	18729	18723	100.000	7	13.2	32	Exon_03|rel=7889-7922|len=34	NC_006088.5:79073430-79101953|strand=+|gene=YBX3
8	14	18865	18859	100.000	7	13.2	32	Exon_03|rel=7889-7922|len=34	NC_006088.5:79073430-79101953|strand=+|gene=YBX3
28	34	19396	19402	100.000	7	13.2	32	Exon_03|rel=7889-7922|len=34	NC_006088.5:79073430-79101953|strand=+|gene=YBX3
16	22	19935	19929	100.000	7	13.2	32	Exon_03|rel=7889-7922|len=34	NC_006088.5:79073430-79101953|strand=+|gene=YBX3
15	21	20592	20598	100.000	7	13.2	32	Exon_03|rel=7889-7922|len=34	NC_006088.5:79073430-79101953|strand=+|gene=YBX3
24	30	20642	20636	100.000	7	13.2	32	Exon_03|rel=7889-7922|len=34	NC_006088.5:79073430-79101953|strand=+|gene=YBX3
11	17	21313	21307	100.000	7	13.2	32	Exon_03|rel=7889-7922|len=34	NC_006088.5:79073430-79101953|strand=+|gene=YBX3
23	29	22469	22475	100.000	7	13.2	32	Exon_03|rel=7889-7922|len=34	NC_006088.5:79073430-79101953|strand=+|gene=YBX3
11	17	22747	22741	100.000	7	13.2	32	Exon_03|rel=7889-7922|len=34	NC_006088.5:79073430-79101953|strand=+|gene=YBX3
3	9	23609	23615	100.000	7	13.2	32	Exon_03|rel=7889-7922|len=34	NC_006088.5:79073430-79101953|strand=+|gene=YBX3
27	33	24805	24799	100.000	7	13.2	32	Exon_03|rel=7889-7922|len=34	NC_006088.5:79073430-79101953|strand=+|gene=YBX3
11	17	25474	25468	100.000	7	13.2	32	Exon_03|rel=7889-7922|len=34	NC_006088.5:79073430-79101953|strand=+|gene=YBX3
7	13	26517	26523	100.000	7	13.2	32	Exon_03|rel=7889-7922|len=34	NC_006088.5:79073430-79101953|strand=+|gene=YBX3
2	8	27416	27410	100.000	7	13.2	32	Exon_03|rel=7889-7922|len=34	NC_006088.5:79073430-79101953|strand=+|gene=YBX3
24	30	27736	27742	100.000	7	13.2	32	Exon_03|rel=7889-7922|len=34	NC_006088.5:79073430-79101953|strand=+|gene=YBX3
15	21	27983	27977	100.000	7	13.2	32	Exon_03|rel=7889-7922|len=34	NC_006088.5:79073430-79101953|strand=+|gene=YBX3
19	25	28426	28432	100.000	7	13.2	32	Exon_03|rel=7889-7922|len=34	NC_006088.5:79073430-79101953|strand=+|gene=YBX3
1	90	12716	12805	100.000	90	136	1.36e-35	Exon_04|rel=12716-12805|len=90	NC_006088.5:79073430-79101953|strand=+|gene=YBX3
38	61	28178	28208	77.419	31	22.2	0.38	Exon_04|rel=12716-12805|len=90	NC_006088.5:79073430-79101953|strand=+|gene=YBX3
54	75	10923	10901	82.609	23	21.4	1.1	Exon_04|rel=12716-12805|len=90	NC_006088.5:79073430-79101953|strand=+|gene=YBX3
80	90	11058	11048	100.000	11	19.2	3.0	Exon_04|rel=12716-12805|len=90	NC_006088.5:79073430-79101953|strand=+|gene=YBX3
43	53	14199	14209	100.000	11	19.2	3.0	Exon_04|rel=12716-12805|len=90	NC_006088.5:79073430-79101953|strand=+|gene=YBX3
51	63	18548	18561	92.857	14	19.2	3.0	Exon_04|rel=12716-12805|len=90	NC_006088.5:79073430-79101953|strand=+|gene=YBX3
46	66	24532	24552	81.818	22	19.2	3.0	Exon_04|rel=12716-12805|len=90	NC_006088.5:79073430-79101953|strand=+|gene=YBX3
9	21	705	693	92.308	13	18.4	8.3	Exon_04|rel=12716-12805|len=90	NC_006088.5:79073430-79101953|strand=+|gene=YBX3
54	68	10804	10789	87.500	16	18.4	8.3	Exon_04|rel=12716-12805|len=90	NC_006088.5:79073430-79101953|strand=+|gene=YBX3
49	66	13144	13161	83.333	18	18.4	8.3	Exon_04|rel=12716-12805|len=90	NC_006088.5:79073430-79101953|strand=+|gene=YBX3
39	48	881	890	100.000	10	17.7	8.3	Exon_04|rel=12716-12805|len=90	NC_006088.5:79073430-79101953|strand=+|gene=YBX3
43	55	5326	5315	92.308	13	17.7	8.3	Exon_04|rel=12716-12805|len=90	NC_006088.5:79073430-79101953|strand=+|gene=YBX3
45	64	11631	11650	80.000	20	17.7	8.3	Exon_04|rel=12716-12805|len=90	NC_006088.5:79073430-79101953|strand=+|gene=YBX3
55	64	12624	12633	100.000	10	17.7	8.3	Exon_04|rel=12716-12805|len=90	NC_006088.5:79073430-79101953|strand=+|gene=YBX3
23	32	24494	24485	100.000	10	17.7	8.3	Exon_04|rel=12716-12805|len=90	NC_006088.5:79073430-79101953|strand=+|gene=YBX3
20	37	24608	24589	80.000	20	17.7	8.3	Exon_04|rel=12716-12805|len=90	NC_006088.5:79073430-79101953|strand=+|gene=YBX3
71	82	2662	2673	91.667	12	17.0	23	Exon_04|rel=12716-12805|len=90	NC_006088.5:79073430-79101953|strand=+|gene=YBX3
79	90	3432	3443	91.667	12	17.0	23	Exon_04|rel=12716-12805|len=90	NC_006088.5:79073430-79101953|strand=+|gene=YBX3
9	22	11688	11674	86.667	15	17.0	23	Exon_04|rel=12716-12805|len=90	NC_006088.5:79073430-79101953|strand=+|gene=YBX3
10	21	15916	15905	91.667	12	17.0	23	Exon_04|rel=12716-12805|len=90	NC_006088.5:79073430-79101953|strand=+|gene=YBX3
47	58	19063	19074	91.667	12	17.0	23	Exon_04|rel=12716-12805|len=90	NC_006088.5:79073430-79101953|strand=+|gene=YBX3
22	40	25431	25414	80.000	20	17.0	23	Exon_04|rel=12716-12805|len=90	NC_006088.5:79073430-79101953|strand=+|gene=YBX3
42	77	25855	25887	69.231	39	17.0	23	Exon_04|rel=12716-12805|len=90	NC_006088.5:79073430-79101953|strand=+|gene=YBX3
63	71	282	290	100.000	9	16.2	23	Exon_04|rel=12716-12805|len=90	NC_006088.5:79073430-79101953|strand=+|gene=YBX3
44	52	1182	1174	100.000	9	16.2	23	Exon_04|rel=12716-12805|len=90	NC_006088.5:79073430-79101953|strand=+|gene=YBX3
12	25	3470	3483	85.714	14	16.2	23	Exon_04|rel=12716-12805|len=90	NC_006088.5:79073430-79101953|strand=+|gene=YBX3
44	52	4014	4022	100.000	9	16.2	23	Exon_04|rel=12716-12805|len=90	NC_006088.5:79073430-79101953|strand=+|gene=YBX3
28	36	4501	4509	100.000	9	16.2	23	Exon_04|rel=12716-12805|len=90	NC_006088.5:79073430-79101953|strand=+|gene=YBX3
45	58	8319	8332	85.714	14	16.2	23	Exon_04|rel=12716-12805|len=90	NC_006088.5:79073430-79101953|strand=+|gene=YBX3
79	87	8444	8452	100.000	9	16.2	23	Exon_04|rel=12716-12805|len=90	NC_006088.5:79073430-79101953|strand=+|gene=YBX3
74	87	10140	10153	85.714	14	16.2	23	Exon_04|rel=12716-12805|len=90	NC_006088.5:79073430-79101953|strand=+|gene=YBX3
27	35	11543	11551	100.000	9	16.2	23	Exon_04|rel=12716-12805|len=90	NC_006088.5:79073430-79101953|strand=+|gene=YBX3
58	69	11580	11593	85.714	14	16.2	23	Exon_04|rel=12716-12805|len=90	NC_006088.5:79073430-79101953|strand=+|gene=YBX3
8	16	16405	16397	100.000	9	16.2	23	Exon_04|rel=12716-12805|len=90	NC_006088.5:79073430-79101953|strand=+|gene=YBX3
53	61	16623	16631	100.000	9	16.2	23	Exon_04|rel=12716-12805|len=90	NC_006088.5:79073430-79101953|strand=+|gene=YBX3
54	62	17412	17420	100.000	9	16.2	23	Exon_04|rel=12716-12805|len=90	NC_006088.5:79073430-79101953|strand=+|gene=YBX3
43	51	17606	17614	100.000	9	16.2	23	Exon_04|rel=12716-12805|len=90	NC_006088.5:79073430-79101953|strand=+|gene=YBX3
82	90	19068	19076	100.000	9	16.2	23	Exon_04|rel=12716-12805|len=90	NC_006088.5:79073430-79101953|strand=+|gene=YBX3
26	37	19445	19455	91.667	12	16.2	23	Exon_04|rel=12716-12805|len=90	NC_006088.5:79073430-79101953|strand=+|gene=YBX3
42	50	21806	21814	100.000	9	16.2	23	Exon_04|rel=12716-12805|len=90	NC_006088.5:79073430-79101953|strand=+|gene=YBX3
66	74	22509	22501	100.000	9	16.2	23	Exon_04|rel=12716-12805|len=90	NC_006088.5:79073430-79101953|strand=+|gene=YBX3
7	15	22749	22741	100.000	9	16.2	23	Exon_04|rel=12716-12805|len=90	NC_006088.5:79073430-79101953|strand=+|gene=YBX3
40	48	23670	23678	100.000	9	16.2	23	Exon_04|rel=12716-12805|len=90	NC_006088.5:79073430-79101953|strand=+|gene=YBX3
47	57	9725	9735	90.909	11	15.5	65	Exon_04|rel=12716-12805|len=90	NC_006088.5:79073430-79101953|strand=+|gene=YBX3
5	15	15854	15844	90.909	11	15.5	65	Exon_04|rel=12716-12805|len=90	NC_006088.5:79073430-79101953|strand=+|gene=YBX3
55	65	17223	17233	90.909	11	15.5	65	Exon_04|rel=12716-12805|len=90	NC_006088.5:79073430-79101953|strand=+|gene=YBX3
62	78	17693	17713	76.190	21	15.5	65	Exon_04|rel=12716-12805|len=90	NC_006088.5:79073430-79101953|strand=+|gene=YBX3
9	19	18231	18241	90.909	11	15.5	65	Exon_04|rel=12716-12805|len=90	NC_006088.5:79073430-79101953|strand=+|gene=YBX3
76	86	18874	18884	90.909	11	15.5	65	Exon_04|rel=12716-12805|len=90	NC_006088.5:79073430-79101953|strand=+|gene=YBX3
60	70	19127	19137	90.909	11	15.5	65	Exon_04|rel=12716-12805|len=90	NC_006088.5:79073430-79101953|strand=+|gene=YBX3
79	89	19511	19521	90.909	11	15.5	65	Exon_04|rel=12716-12805|len=90	NC_006088.5:79073430-79101953|strand=+|gene=YBX3
5	15	21317	21307	90.909	11	15.5	65	Exon_04|rel=12716-12805|len=90	NC_006088.5:79073430-79101953|strand=+|gene=YBX3
62	74	26234	26247	85.714	14	15.5	65	Exon_04|rel=12716-12805|len=90	NC_006088.5:79073430-79101953|strand=+|gene=YBX3
29	36	641	634	100.000	8	14.7	65	Exon_04|rel=12716-12805|len=90	NC_006088.5:79073430-79101953|strand=+|gene=YBX3
1	8	2438	2445	100.000	8	14.7	65	Exon_04|rel=12716-12805|len=90	NC_006088.5:79073430-79101953|strand=+|gene=YBX3
51	58	2727	2734	100.000	8	14.7	65	Exon_04|rel=12716-12805|len=90	NC_006088.5:79073430-79101953|strand=+|gene=YBX3
8	15	2883	2876	100.000	8	14.7	65	Exon_04|rel=12716-12805|len=90	NC_006088.5:79073430-79101953|strand=+|gene=YBX3
13	22	3356	3346	90.909	11	14.7	65	Exon_04|rel=12716-12805|len=90	NC_006088.5:79073430-79101953|strand=+|gene=YBX3
45	52	3486	3493	100.000	8	14.7	65	Exon_04|rel=12716-12805|len=90	NC_006088.5:79073430-79101953|strand=+|gene=YBX3
51	58	3929	3922	100.000	8	14.7	65	Exon_04|rel=12716-12805|len=90	NC_006088.5:79073430-79101953|strand=+|gene=YBX3
10	17	4616	4623	100.000	8	14.7	65	Exon_04|rel=12716-12805|len=90	NC_006088.5:79073430-79101953|strand=+|gene=YBX3
42	49	5353	5360	100.000	8	14.7	65	Exon_04|rel=12716-12805|len=90	NC_006088.5:79073430-79101953|strand=+|gene=YBX3
15	22	7304	7297	100.000	8	14.7	65	Exon_04|rel=12716-12805|len=90	NC_006088.5:79073430-79101953|strand=+|gene=YBX3
79	86	7413	7406	100.000	8	14.7	65	Exon_04|rel=12716-12805|len=90	NC_006088.5:79073430-79101953|strand=+|gene=YBX3
9	16	7899	7906	100.000	8	14.7	65	Exon_04|rel=12716-12805|len=90	NC_006088.5:79073430-79101953|strand=+|gene=YBX3
28	35	8052	8059	100.000	8	14.7	65	Exon_04|rel=12716-12805|len=90	NC_006088.5:79073430-79101953|strand=+|gene=YBX3
82	89	8326	8333	100.000	8	14.7	65	Exon_04|rel=12716-12805|len=90	NC_006088.5:79073430-79101953|strand=+|gene=YBX3
33	40	9090	9097	100.000	8	14.7	65	Exon_04|rel=12716-12805|len=90	NC_006088.5:79073430-79101953|strand=+|gene=YBX3
38	45	9302	9295	100.000	8	14.7	65	Exon_04|rel=12716-12805|len=90	NC_006088.5:79073430-79101953|strand=+|gene=YBX3
12	19	10549	10542	100.000	8	14.7	65	Exon_04|rel=12716-12805|len=90	NC_006088.5:79073430-79101953|strand=+|gene=YBX3
1	8	10946	10939	100.000	8	14.7	65	Exon_04|rel=12716-12805|len=90	NC_006088.5:79073430-79101953|strand=+|gene=YBX3
58	65	11182	11175	100.000	8	14.7	65	Exon_04|rel=12716-12805|len=90	NC_006088.5:79073430-79101953|strand=+|gene=YBX3
83	90	12473	12480	100.000	8	14.7	65	Exon_04|rel=12716-12805|len=90	NC_006088.5:79073430-79101953|strand=+|gene=YBX3
34	41	12756	12749	100.000	8	14.7	65	Exon_04|rel=12716-12805|len=90	NC_006088.5:79073430-79101953|strand=+|gene=YBX3
58	65	13287	13280	100.000	8	14.7	65	Exon_04|rel=12716-12805|len=90	NC_006088.5:79073430-79101953|strand=+|gene=YBX3
28	35	13459	13466	100.000	8	14.7	65	Exon_04|rel=12716-12805|len=90	NC_006088.5:79073430-79101953|strand=+|gene=YBX3
26	33	13544	13551	100.000	8	14.7	65	Exon_04|rel=12716-12805|len=90	NC_006088.5:79073430-79101953|strand=+|gene=YBX3
6	13	14797	14790	100.000	8	14.7	65	Exon_04|rel=12716-12805|len=90	NC_006088.5:79073430-79101953|strand=+|gene=YBX3
45	52	15312	15319	100.000	8	14.7	65	Exon_04|rel=12716-12805|len=90	NC_006088.5:79073430-79101953|strand=+|gene=YBX3
47	54	15412	15419	100.000	8	14.7	65	Exon_04|rel=12716-12805|len=90	NC_006088.5:79073430-79101953|strand=+|gene=YBX3
28	35	16969	16976	100.000	8	14.7	65	Exon_04|rel=12716-12805|len=90	NC_006088.5:79073430-79101953|strand=+|gene=YBX3
12	19	17425	17418	100.000	8	14.7	65	Exon_04|rel=12716-12805|len=90	NC_006088.5:79073430-79101953|strand=+|gene=YBX3
16	23	19582	19589	100.000	8	14.7	65	Exon_04|rel=12716-12805|len=90	NC_006088.5:79073430-79101953|strand=+|gene=YBX3
71	78	21078	21071	100.000	8	14.7	65	Exon_04|rel=12716-12805|len=90	NC_006088.5:79073430-79101953|strand=+|gene=YBX3
57	64	21518	21511	100.000	8	14.7	65	Exon_04|rel=12716-12805|len=90	NC_006088.5:79073430-79101953|strand=+|gene=YBX3
82	89	25092	25099	100.000	8	14.7	65	Exon_04|rel=12716-12805|len=90	NC_006088.5:79073430-79101953|strand=+|gene=YBX3
7	14	26350	26343	100.000	8	14.7	65	Exon_04|rel=12716-12805|len=90	NC_006088.5:79073430-79101953|strand=+|gene=YBX3
38	45	26654	26647	100.000	8	14.7	65	Exon_04|rel=12716-12805|len=90	NC_006088.5:79073430-79101953|strand=+|gene=YBX3
58	65	27795	27802	100.000	8	14.7	65	Exon_04|rel=12716-12805|len=90	NC_006088.5:79073430-79101953|strand=+|gene=YBX3
29	36	28513	28506	100.000	8	14.7	65	Exon_04|rel=12716-12805|len=90	NC_006088.5:79073430-79101953|strand=+|gene=YBX3
1	123	13114	13236	100.000	123	185	3.57e-50	Exon_05|rel=13114-13236|len=123	NC_006088.5:79073430-79101953|strand=+|gene=YBX3
98	117	19200	19182	85.714	21	22.2	0.57	Exon_05|rel=13114-13236|len=123	NC_006088.5:79073430-79101953|strand=+|gene=YBX3
52	68	17140	17123	88.889	18	21.4	1.6	Exon_05|rel=13114-13236|len=123	NC_006088.5:79073430-79101953|strand=+|gene=YBX3
44	72	10892	10861	75.000	32	19.9	4.5	Exon_05|rel=13114-13236|len=123	NC_006088.5:79073430-79101953|strand=+|gene=YBX3
96	111	2824	2839	88.235	17	19.2	4.5	Exon_05|rel=13114-13236|len=123	NC_006088.5:79073430-79101953|strand=+|gene=YBX3
87	97	4324	4334	100.000	11	19.2	4.5	Exon_05|rel=13114-13236|len=123	NC_006088.5:79073430-79101953|strand=+|gene=YBX3
8	18	15368	15358	100.000	11	19.2	4.5	Exon_05|rel=13114-13236|len=123	NC_006088.5:79073430-79101953|strand=+|gene=YBX3
22	32	27201	27191	100.000	11	19.2	4.5	Exon_05|rel=13114-13236|len=123	NC_006088.5:79073430-79101953|strand=+|gene=YBX3
63	75	1542	1530	92.308	13	18.4	13	Exon_05|rel=13114-13236|len=123	NC_006088.5:79073430-79101953|strand=+|gene=YBX3
24	44	6988	7007	80.952	21	18.4	13	Exon_05|rel=13114-13236|len=123	NC_006088.5:79073430-79101953|strand=+|gene=YBX3
64	76	11317	11305	92.308	13	18.4	13	Exon_05|rel=13114-13236|len=123	NC_006088.5:79073430-79101953|strand=+|gene=YBX3
31	48	12764	12781	83.333	18	18.4	13	Exon_05|rel=13114-13236|len=123	NC_006088.5:79073430-79101953|strand=+|gene=YBX3
61	73	19811	19799	92.308	13	18.4	13	Exon_05|rel=13114-13236|len=123	NC_006088.5:79073430-79101953|strand=+|gene=YBX3
97	109	1538	1527	92.308	13	17.7	13	Exon_05|rel=13114-13236|len=123	NC_006088.5:79073430-79101953|strand=+|gene=YBX3
58	67	6950	6959	100.000	10	17.7	13	Exon_05|rel=13114-13236|len=123	NC_006088.5:79073430-79101953|strand=+|gene=YBX3
46	65	8549	8566	80.000	20	17.7	13	Exon_05|rel=13114-13236|len=123	NC_006088.5:79073430-79101953|strand=+|gene=YBX3
91	100	12314	12305	100.000	10	17.7	13	Exon_05|rel=13114-13236|len=123	NC_006088.5:79073430-79101953|strand=+|gene=YBX3
1	27	28389	28359	74.194	31	17.7	13	Exon_05|rel=13114-13236|len=123	NC_006088.5:79073430-79101953|strand=+|gene=YBX3
18	55	3937	3899	70.732	41	17.0	35	Exon_05|rel=13114-13236|len=123	NC_006088.5:79073430-79101953|strand=+|gene=YBX3
21	42	6334	6315	78.261	23	17.0	35	Exon_05|rel=13114-13236|len=123	NC_006088.5:79073430-79101953|strand=+|gene=YBX3
28	39	9552	9563	91.667	12	17.0	35	Exon_05|rel=13114-13236|len=123	NC_006088.5:79073430-79101953|strand=+|gene=YBX3
61	72	9571	9582	91.667	12	17.0	35	Exon_05|rel=13114-13236|len=123	NC_006088.5:79073430-79101953|strand=+|gene=YBX3
37	48	11442	11431	91.667	12	17.0	35	Exon_05|rel=13114-13236|len=123	NC_006088.5:79073430-79101953|strand=+|gene=YBX3
3	26	13810	13834	76.923	26	17.0	35	Exon_05|rel=13114-13236|len=123	NC_006088.5:79073430-79101953|strand=+|gene=YBX3
36	47	15434	15423	91.667	12	17.0	35	Exon_05|rel=13114-13236|len=123	NC_006088.5:79073430-79101953|strand=+|gene=YBX3
59	73	17692	17676	82.353	17	17.0	35	Exon_05|rel=13114-13236|len=123	NC_006088.5:79073430-79101953|strand=+|gene=YBX3
44	60	17884	17868	82.353	17	17.0	35	Exon_05|rel=13114-13236|len=123	NC_006088.5:79073430-79101953|strand=+|gene=YBX3
5	24	18809	18791	80.952	21	17.0	35	Exon_05|rel=13114-13236|len=123	NC_006088.5:79073430-79101953|strand=+|gene=YBX3
29	42	20772	20758	86.667	15	17.0	35	Exon_05|rel=13114-13236|len=123	NC_006088.5:79073430-79101953|strand=+|gene=YBX3
47	64	24261	24279	80.000	20	17.0	35	Exon_05|rel=13114-13236|len=123	NC_006088.5:79073430-79101953|strand=+|gene=YBX3
93	101	323	315	100.000	9	16.2	35	Exon_05|rel=13114-13236|len=123	NC_006088.5:79073430-79101953|strand=+|gene=YBX3
93	101	530	538	100.000	9	16.2	35	Exon_05|rel=13114-13236|len=123	NC_006088.5:79073430-79101953|strand=+|gene=YBX3
4	12	1118	1126	100.000	9	16.2	35	Exon_05|rel=13114-13236|len=123	NC_006088.5:79073430-79101953|strand=+|gene=YBX3
6	14	1282	1290	100.000	9	16.2	35	Exon_05|rel=13114-13236|len=123	NC_006088.5:79073430-79101953|strand=+|gene=YBX3
34	42	1657	1649	100.000	9	16.2	35	Exon_05|rel=13114-13236|len=123	NC_006088.5:79073430-79101953|strand=+|gene=YBX3
98	106	2408	2416	100.000	9	16.2	35	Exon_05|rel=13114-13236|len=123	NC_006088.5:79073430-79101953|strand=+|gene=YBX3
50	58	2904	2896	100.000	9	16.2	35	Exon_05|rel=13114-13236|len=123	NC_006088.5:79073430-79101953|strand=+|gene=YBX3
11	27	2907	2922	82.353	17	16.2	35	Exon_05|rel=13114-13236|len=123	NC_006088.5:79073430-79101953|strand=+|gene=YBX3
45	53	3862	3854	100.000	9	16.2	35	Exon_05|rel=13114-13236|len=123	NC_006088.5:79073430-79101953|strand=+|gene=YBX3
19	27	8005	8013	100.000	9	16.2	35	Exon_05|rel=13114-13236|len=123	NC_006088.5:79073430-79101953|strand=+|gene=YBX3
64	72	8312	8304	100.000	9	16.2	35	Exon_05|rel=13114-13236|len=123	NC_006088.5:79073430-79101953|strand=+|gene=YBX3
25	33	9751	9759	100.000	9	16.2	35	Exon_05|rel=13114-13236|len=123	NC_006088.5:79073430-79101953|strand=+|gene=YBX3
5	15	12023	12012	91.667	12	16.2	35	Exon_05|rel=13114-13236|len=123	NC_006088.5:79073430-79101953|strand=+|gene=YBX3
56	67	15809	15819	91.667	12	16.2	35	Exon_05|rel=13114-13236|len=123	NC_006088.5:79073430-79101953|strand=+|gene=YBX3
8	24	18604	18619	82.353	17	16.2	35	Exon_05|rel=13114-13236|len=123	NC_006088.5:79073430-79101953|strand=+|gene=YBX3
92	100	18689	18681	100.000	9	16.2	35	Exon_05|rel=13114-13236|len=123	NC_006088.5:79073430-79101953|strand=+|gene=YBX3
36	44	20935	20943	100.000	9	16.2	35	Exon_05|rel=13114-13236|len=123	NC_006088.5:79073430-79101953|strand=+|gene=YBX3
16	26	24178	24189	91.667	12	16.2	35	Exon_05|rel=13114-13236|len=123	NC_006088.5:79073430-79101953|strand=+|gene=YBX3
87	108	24690	24710	77.273	22	16.2	35	Exon_05|rel=13114-13236|len=123	NC_006088.5:79073430-79101953|strand=+|gene=YBX3
85	93	28482	28474	100.000	9	16.2	35	Exon_05|rel=13114-13236|len=123	NC_006088.5:79073430-79101953|strand=+|gene=YBX3
2	13	28491	28504	85.714	14	16.2	35	Exon_05|rel=13114-13236|len=123	NC_006088.5:79073430-79101953|strand=+|gene=YBX3
101	119	2226	2206	76.190	21	15.5	99	Exon_05|rel=13114-13236|len=123	NC_006088.5:79073430-79101953|strand=+|gene=YBX3
62	80	3497	3512	78.947	19	15.5	99	Exon_05|rel=13114-13236|len=123	NC_006088.5:79073430-79101953|strand=+|gene=YBX3
12	35	11224	11242	75.000	24	15.5	99	Exon_05|rel=13114-13236|len=123	NC_006088.5:79073430-79101953|strand=+|gene=YBX3
24	34	12450	12460	90.909	11	15.5	99	Exon_05|rel=13114-13236|len=123	NC_006088.5:79073430-79101953|strand=+|gene=YBX3
44	54	18720	18710	90.909	11	15.5	99	Exon_05|rel=13114-13236|len=123	NC_006088.5:79073430-79101953|strand=+|gene=YBX3
16	35	19652	19630	75.000	24	15.5	99	Exon_05|rel=13114-13236|len=123	NC_006088.5:79073430-79101953|strand=+|gene=YBX3
37	52	20272	20287	81.250	16	15.5	99	Exon_05|rel=13114-13236|len=123	NC_006088.5:79073430-79101953|strand=+|gene=YBX3
62	72	22002	21992	90.909	11	15.5	99	Exon_05|rel=13114-13236|len=123	NC_006088.5:79073430-79101953|strand=+|gene=YBX3
34	44	24102	24092	90.909	11	15.5	99	Exon_05|rel=13114-13236|len=123	NC_006088.5:79073430-79101953|strand=+|gene=YBX3
97	107	24639	24629	90.909	11	15.5	99	Exon_05|rel=13114-13236|len=123	NC_006088.5:79073430-79101953|strand=+|gene=YBX3
13	26	25280	25268	85.714	14	15.5	99	Exon_05|rel=13114-13236|len=123	NC_006088.5:79073430-79101953|strand=+|gene=YBX3
1	22	25286	25302	72.727	22	15.5	99	Exon_05|rel=13114-13236|len=123	NC_006088.5:79073430-79101953|strand=+|gene=YBX3
89	96	492	485	100.000	8	14.7	99	Exon_05|rel=13114-13236|len=123	NC_006088.5:79073430-79101953|strand=+|gene=YBX3
93	100	827	820	100.000	8	14.7	99	Exon_05|rel=13114-13236|len=123	NC_006088.5:79073430-79101953|strand=+|gene=YBX3
97	104	1479	1486	100.000	8	14.7	99	Exon_05|rel=13114-13236|len=123	NC_006088.5:79073430-79101953|strand=+|gene=YBX3
97	109	2104	2092	84.615	13	14.7	99	Exon_05|rel=13114-13236|len=123	NC_006088.5:79073430-79101953|strand=+|gene=YBX3
102	109	2370	2377	100.000	8	14.7	99	Exon_05|rel=13114-13236|len=123	NC_006088.5:79073430-79101953|strand=+|gene=YBX3
69	76	2409	2416	100.000	8	14.7	99	Exon_05|rel=13114-13236|len=123	NC_006088.5:79073430-79101953|strand=+|gene=YBX3
71	78	2478	2471	100.000	8	14.7	99	Exon_05|rel=13114-13236|len=123	NC_006088.5:79073430-79101953|strand=+|gene=YBX3
95	102	2867	2874	100.000	8	14.7	99	Exon_05|rel=13114-13236|len=123	NC_006088.5:79073430-79101953|strand=+|gene=YBX3
47	54	3230	3237	100.000	8	14.7	99	Exon_05|rel=13114-13236|len=123	NC_006088.5:79073430-79101953|strand=+|gene=YBX3
88	95	3742	3749	100.000	8	14.7	99	Exon_05|rel=13114-13236|len=123	NC_006088.5:79073430-79101953|strand=+|gene=YBX3
56	63	4959	4966	100.000	8	14.7	99	Exon_05|rel=13114-13236|len=123	NC_006088.5:79073430-79101953|strand=+|gene=YBX3
35	42	5328	5335	100.000	8	14.7	99	Exon_05|rel=13114-13236|len=123	NC_006088.5:79073430-79101953|strand=+|gene=YBX3
12	19	5759	5766	100.000	8	14.7	99	Exon_05|rel=13114-13236|len=123	NC_006088.5:79073430-79101953|strand=+|gene=YBX3
38	45	6565	6572	100.000	8	14.7	99	Exon_05|rel=13114-13236|len=123	NC_006088.5:79073430-79101953|strand=+|gene=YBX3
56	63	7755	7748	100.000	8	14.7	99	Exon_05|rel=13114-13236|len=123	NC_006088.5:79073430-79101953|strand=+|gene=YBX3
26	33	8345	8338	100.000	8	14.7	99	Exon_05|rel=13114-13236|len=123	NC_006088.5:79073430-79101953|strand=+|gene=YBX3
12	24	8735	8723	84.615	13	14.7	99	Exon_05|rel=13114-13236|len=123	NC_006088.5:79073430-79101953|strand=+|gene=YBX3
3	10	9796	9789	100.000	8	14.7	99	Exon_05|rel=13114-13236|len=123	NC_006088.5:79073430-79101953|strand=+|gene=YBX3
1	13	9869	9857	84.615	13	14.7	99	Exon_05|rel=13114-13236|len=123	NC_006088.5:79073430-79101953|strand=+|gene=YBX3
11	18	9894	9901	100.000	8	14.7	99	Exon_05|rel=13114-13236|len=123	NC_006088.5:79073430-79101953|strand=+|gene=YBX3
87	94	10025	10032	100.000	8	14.7	99	Exon_05|rel=13114-13236|len=123	NC_006088.5:79073430-79101953|strand=+|gene=YBX3
3	10	10117	10124	100.000	8	14.7	99	Exon_05|rel=13114-13236|len=123	NC_006088.5:79073430-79101953|strand=+|gene=YBX3
6	13	11321	11314	100.000	8	14.7	99	Exon_05|rel=13114-13236|len=123	NC_006088.5:79073430-79101953|strand=+|gene=YBX3
60	67	12397	12404	100.000	8	14.7	99	Exon_05|rel=13114-13236|len=123	NC_006088.5:79073430-79101953|strand=+|gene=YBX3
41	53	15074	15062	84.615	13	14.7	99	Exon_05|rel=13114-13236|len=123	NC_006088.5:79073430-79101953|strand=+|gene=YBX3
90	97	16844	16851	100.000	8	14.7	99	Exon_05|rel=13114-13236|len=123	NC_006088.5:79073430-79101953|strand=+|gene=YBX3
63	70	17363	17356	100.000	8	14.7	99	Exon_05|rel=13114-13236|len=123	NC_006088.5:79073430-79101953|strand=+|gene=YBX3
59	66	17447	17440	100.000	8	14.7	99	Exon_05|rel=13114-13236|len=123	NC_006088.5:79073430-79101953|strand=+|gene=YBX3
91	98	18149	18156	100.000	8	14.7	99	Exon_05|rel=13114-13236|len=123	NC_006088.5:79073430-79101953|strand=+|gene=YBX3
42	49	19127	19134	100.000	8	14.7	99	Exon_05|rel=13114-13236|len=123	NC_006088.5:79073430-79101953|strand=+|gene=YBX3
62	69	19202	19195	100.000	8	14.7	99	Exon_05|rel=13114-13236|len=123	NC_006088.5:79073430-79101953|strand=+|gene=YBX3
58	65	22356	22363	100.000	8	14.7	99	Exon_05|rel=13114-13236|len=123	NC_006088.5:79073430-79101953|strand=+|gene=YBX3
90	97	22465	22472	100.000	8	14.7	99	Exon_05|rel=13114-13236|len=123	NC_006088.5:79073430-79101953|strand=+|gene=YBX3
60	67	22572	22579	100.000	8	14.7	99	Exon_05|rel=13114-13236|len=123	NC_006088.5:79073430-79101953|strand=+|gene=YBX3
14	21	22718	22711	100.000	8	14.7	99	Exon_05|rel=13114-13236|len=123	NC_006088.5:79073430-79101953|strand=+|gene=YBX3
11	18	22885	22878	100.000	8	14.7	99	Exon_05|rel=13114-13236|len=123	NC_006088.5:79073430-79101953|strand=+|gene=YBX3
96	103	23242	23235	100.000	8	14.7	99	Exon_05|rel=13114-13236|len=123	NC_006088.5:79073430-79101953|strand=+|gene=YBX3
15	22	23924	23917	100.000	8	14.7	99	Exon_05|rel=13114-13236|len=123	NC_006088.5:79073430-79101953|strand=+|gene=YBX3
103	110	24599	24606	100.000	8	14.7	99	Exon_05|rel=13114-13236|len=123	NC_006088.5:79073430-79101953|strand=+|gene=YBX3
4	11	24700	24707	100.000	8	14.7	99	Exon_05|rel=13114-13236|len=123	NC_006088.5:79073430-79101953|strand=+|gene=YBX3
43	50	25323	25316	100.000	8	14.7	99	Exon_05|rel=13114-13236|len=123	NC_006088.5:79073430-79101953|strand=+|gene=YBX3
56	63	25347	25340	100.000	8	14.7	99	Exon_05|rel=13114-13236|len=123	NC_006088.5:79073430-79101953|strand=+|gene=YBX3
38	45	25402	25409	100.000	8	14.7	99	Exon_05|rel=13114-13236|len=123	NC_006088.5:79073430-79101953|strand=+|gene=YBX3
59	66	26481	26474	100.000	8	14.7	99	Exon_05|rel=13114-13236|len=123	NC_006088.5:79073430-79101953|strand=+|gene=YBX3
5	12	28137	28144	100.000	8	14.7	99	Exon_05|rel=13114-13236|len=123	NC_006088.5:79073430-79101953|strand=+|gene=YBX3
18	25	28320	28327	100.000	8	14.7	99	Exon_05|rel=13114-13236|len=123	NC_006088.5:79073430-79101953|strand=+|gene=YBX3
1	95	18871	18965	100.000	95	144	8.54e-38	Exon_06|rel=18871-18965|len=95	NC_006088.5:79073430-79101953|strand=+|gene=YBX3
12	70	21243	21184	68.182	66	22.2	0.41	Exon_06|rel=18871-18965|len=95	NC_006088.5:79073430-79101953|strand=+|gene=YBX3
31	51	17598	17574	80.000	25	21.4	1.1	Exon_06|rel=18871-18965|len=95	NC_006088.5:79073430-79101953|strand=+|gene=YBX3
45	68	27789	27762	78.571	28	20.7	1.1	Exon_06|rel=18871-18965|len=95	NC_006088.5:79073430-79101953|strand=+|gene=YBX3
35	58	10176	10155	79.167	24	19.9	3.2	Exon_06|rel=18871-18965|len=95	NC_006088.5:79073430-79101953|strand=+|gene=YBX3
44	62	12436	12456	81.818	22	19.2	3.2	Exon_06|rel=18871-18965|len=95	NC_006088.5:79073430-79101953|strand=+|gene=YBX3
17	36	19654	19674	80.952	21	18.4	9.0	Exon_06|rel=18871-18965|len=95	NC_006088.5:79073430-79101953|strand=+|gene=YBX3
16	55	22091	22063	70.000	40	18.4	9.0	Exon_06|rel=18871-18965|len=95	NC_006088.5:79073430-79101953|strand=+|gene=YBX3
6	20	4430	4416	86.667	15	17.7	9.0	Exon_06|rel=18871-18965|len=95	NC_006088.5:79073430-79101953|strand=+|gene=YBX3
21	44	6883	6908	76.923	26	17.7	9.0	Exon_06|rel=18871-18965|len=95	NC_006088.5:79073430-79101953|strand=+|gene=YBX3
61	70	8714	8705	100.000	10	17.7	9.0	Exon_06|rel=18871-18965|len=95	NC_006088.5:79073430-79101953|strand=+|gene=YBX3
51	68	11998	11982	83.333	18	17.7	9.0	Exon_06|rel=18871-18965|len=95	NC_006088.5:79073430-79101953|strand=+|gene=YBX3
60	69	15291	15282	100.000	10	17.7	9.0	Exon_06|rel=18871-18965|len=95	NC_006088.5:79073430-79101953|strand=+|gene=YBX3
53	62	19944	19935	100.000	10	17.7	9.0	Exon_06|rel=18871-18965|len=95	NC_006088.5:79073430-79101953|strand=+|gene=YBX3
35	44	21846	21837	100.000	10	17.7	9.0	Exon_06|rel=18871-18965|len=95	NC_006088.5:79073430-79101953|strand=+|gene=YBX3
31	61	21996	21964	71.429	35	17.7	9.0	Exon_06|rel=18871-18965|len=95	NC_006088.5:79073430-79101953|strand=+|gene=YBX3
4	35	12791	12818	71.875	32	17.0	25	Exon_06|rel=18871-18965|len=95	NC_006088.5:79073430-79101953|strand=+|gene=YBX3
35	46	20991	21002	91.667	12	17.0	25	Exon_06|rel=18871-18965|len=95	NC_006088.5:79073430-79101953|strand=+|gene=YBX3
12	26	21525	21541	82.353	17	17.0	25	Exon_06|rel=18871-18965|len=95	NC_006088.5:79073430-79101953|strand=+|gene=YBX3
50	79	21557	21583	73.333	30	17.0	25	Exon_06|rel=18871-18965|len=95	NC_006088.5:79073430-79101953|strand=+|gene=YBX3
9	23	22406	22393	86.667	15	17.0	25	Exon_06|rel=18871-18965|len=95	NC_006088.5:79073430-79101953|strand=+|gene=YBX3
45	65	23338	23316	78.261	23	17.0	25	Exon_06|rel=18871-18965|len=95	NC_006088.5:79073430-79101953|strand=+|gene=YBX3
9	20	984	994	91.667	12	16.2	25	Exon_06|rel=18871-18965|len=95	NC_006088.5:79073430-79101953|strand=+|gene=YBX3
39	47	3692	3700	100.000	9	16.2	25	Exon_06|rel=18871-18965|len=95	NC_006088.5:79073430-79101953|strand=+|gene=YBX3
79	87	4034	4026	100.000	9	16.2	25	Exon_06|rel=18871-18965|len=95	NC_006088.5:79073430-79101953|strand=+|gene=YBX3
32	40	7259	7251	100.000	9	16.2	25	Exon_06|rel=18871-18965|len=95	NC_006088.5:79073430-79101953|strand=+|gene=YBX3
7	15	7413	7405	100.000	9	16.2	25	Exon_06|rel=18871-18965|len=95	NC_006088.5:79073430-79101953|strand=+|gene=YBX3
5	13	8124	8132	100.000	9	16.2	25	Exon_06|rel=18871-18965|len=95	NC_006088.5:79073430-79101953|strand=+|gene=YBX3
45	63	9048	9066	78.947	19	16.2	25	Exon_06|rel=18871-18965|len=95	NC_006088.5:79073430-79101953|strand=+|gene=YBX3
53	61	12214	12206	100.000	9	16.2	25	Exon_06|rel=18871-18965|len=95	NC_006088.5:79073430-79101953|strand=+|gene=YBX3
34	42	14079	14071	100.000	9	16.2	25	Exon_06|rel=18871-18965|len=95	NC_006088.5:79073430-79101953|strand=+|gene=YBX3
68	76	19163	19171	100.000	9	16.2	25	Exon_06|rel=18871-18965|len=95	NC_006088.5:79073430-79101953|strand=+|gene=YBX3
18	26	21637	21645	100.000	9	16.2	25	Exon_06|rel=18871-18965|len=95	NC_006088.5:79073430-79101953|strand=+|gene=YBX3
35	60	22182	22158	74.074	27	16.2	25	Exon_06|rel=18871-18965|len=95	NC_006088.5:79073430-79101953|strand=+|gene=YBX3
2	10	23579	23571	100.000	9	16.2	25	Exon_06|rel=18871-18965|len=95	NC_006088.5:79073430-79101953|strand=+|gene=YBX3
61	69	25217	25209	100.000	9	16.2	25	Exon_06|rel=18871-18965|len=95	NC_006088.5:79073430-79101953|strand=+|gene=YBX3
12	20	26328	26336	100.000	9	16.2	25	Exon_06|rel=18871-18965|len=95	NC_006088.5:79073430-79101953|strand=+|gene=YBX3
61	69	26722	26730	100.000	9	16.2	25	Exon_06|rel=18871-18965|len=95	NC_006088.5:79073430-79101953|strand=+|gene=YBX3
43	51	27556	27564	100.000	9	16.2	25	Exon_06|rel=18871-18965|len=95	NC_006088.5:79073430-79101953|strand=+|gene=YBX3
46	56	4180	4190	90.909	11	15.5	71	Exon_06|rel=18871-18965|len=95	NC_006088.5:79073430-79101953|strand=+|gene=YBX3
10	25	4345	4360	81.250	16	15.5	71	Exon_06|rel=18871-18965|len=95	NC_006088.5:79073430-79101953|strand=+|gene=YBX3
61	71	6314	6304	90.909	11	15.5	71	Exon_06|rel=18871-18965|len=95	NC_006088.5:79073430-79101953|strand=+|gene=YBX3
31	44	10544	10529	81.250	16	15.5	71	Exon_06|rel=18871-18965|len=95	NC_006088.5:79073430-79101953|strand=+|gene=YBX3
47	57	11529	11539	90.909	11	15.5	71	Exon_06|rel=18871-18965|len=95	NC_006088.5:79073430-79101953|strand=+|gene=YBX3
6	16	18621	18611	90.909	11	15.5	71	Exon_06|rel=18871-18965|len=95	NC_006088.5:79073430-79101953|strand=+|gene=YBX3
3	13	20645	20655	90.909	11	15.5	71	Exon_06|rel=18871-18965|len=95	NC_006088.5:79073430-79101953|strand=+|gene=YBX3
49	59	24282	24272	90.909	11	15.5	71	Exon_06|rel=18871-18965|len=95	NC_006088.5:79073430-79101953|strand=+|gene=YBX3
47	57	24805	24795	90.909	11	15.5	71	Exon_06|rel=18871-18965|len=95	NC_006088.5:79073430-79101953|strand=+|gene=YBX3
9	72	27951	28014	65.753	73	15.5	71	Exon_06|rel=18871-18965|len=95	NC_006088.5:79073430-79101953|strand=+|gene=YBX3
51	69	28386	28368	76.190	21	15.5	71	Exon_06|rel=18871-18965|len=95	NC_006088.5:79073430-79101953|strand=+|gene=YBX3
51	58	906	913	100.000	8	14.7	71	Exon_06|rel=18871-18965|len=95	NC_006088.5:79073430-79101953|strand=+|gene=YBX3
5	12	1048	1055	100.000	8	14.7	71	Exon_06|rel=18871-18965|len=95	NC_006088.5:79073430-79101953|strand=+|gene=YBX3
54	61	1927	1934	100.000	8	14.7	71	Exon_06|rel=18871-18965|len=95	NC_006088.5:79073430-79101953|strand=+|gene=YBX3
8	15	5240	5233	100.000	8	14.7	71	Exon_06|rel=18871-18965|len=95	NC_006088.5:79073430-79101953|strand=+|gene=YBX3
12	19	5405	5398	100.000	8	14.7	71	Exon_06|rel=18871-18965|len=95	NC_006088.5:79073430-79101953|strand=+|gene=YBX3
55	62	5877	5870	100.000	8	14.7	71	Exon_06|rel=18871-18965|len=95	NC_006088.5:79073430-79101953|strand=+|gene=YBX3
47	54	7915	7922	100.000	8	14.7	71	Exon_06|rel=18871-18965|len=95	NC_006088.5:79073430-79101953|strand=+|gene=YBX3
9	16	8263	8256	100.000	8	14.7	71	Exon_06|rel=18871-18965|len=95	NC_006088.5:79073430-79101953|strand=+|gene=YBX3
7	14	8444	8451	100.000	8	14.7	71	Exon_06|rel=18871-18965|len=95	NC_006088.5:79073430-79101953|strand=+|gene=YBX3
44	51	9035	9028	100.000	8	14.7	71	Exon_06|rel=18871-18965|len=95	NC_006088.5:79073430-79101953|strand=+|gene=YBX3
32	39	9258	9251	100.000	8	14.7	71	Exon_06|rel=18871-18965|len=95	NC_006088.5:79073430-79101953|strand=+|gene=YBX3
59	66	10563	10556	100.000	8	14.7	71	Exon_06|rel=18871-18965|len=95	NC_006088.5:79073430-79101953|strand=+|gene=YBX3
8	15	10665	10672	100.000	8	14.7	71	Exon_06|rel=18871-18965|len=95	NC_006088.5:79073430-79101953|strand=+|gene=YBX3
49	56	10777	10770	100.000	8	14.7	71	Exon_06|rel=18871-18965|len=95	NC_006088.5:79073430-79101953|strand=+|gene=YBX3
14	21	11007	11000	100.000	8	14.7	71	Exon_06|rel=18871-18965|len=95	NC_006088.5:79073430-79101953|strand=+|gene=YBX3
4	11	12095	12102	100.000	8	14.7	71	Exon_06|rel=18871-18965|len=95	NC_006088.5:79073430-79101953|strand=+|gene=YBX3
14	21	12355	12348	100.000	8	14.7	71	Exon_06|rel=18871-18965|len=95	NC_006088.5:79073430-79101953|strand=+|gene=YBX3
63	70	12478	12485	100.000	8	14.7	71	Exon_06|rel=18871-18965|len=95	NC_006088.5:79073430-79101953|strand=+|gene=YBX3
61	73	14936	14924	84.615	13	14.7	71	Exon_06|rel=18871-18965|len=95	NC_006088.5:79073430-79101953|strand=+|gene=YBX3
31	38	15662	15655	100.000	8	14.7	71	Exon_06|rel=18871-18965|len=95	NC_006088.5:79073430-79101953|strand=+|gene=YBX3
31	38	15827	15820	100.000	8	14.7	71	Exon_06|rel=18871-18965|len=95	NC_006088.5:79073430-79101953|strand=+|gene=YBX3
50	57	15974	15967	100.000	8	14.7	71	Exon_06|rel=18871-18965|len=95	NC_006088.5:79073430-79101953|strand=+|gene=YBX3
10	17	16152	16145	100.000	8	14.7	71	Exon_06|rel=18871-18965|len=95	NC_006088.5:79073430-79101953|strand=+|gene=YBX3
3	10	16636	16643	100.000	8	14.7	71	Exon_06|rel=18871-18965|len=95	NC_006088.5:79073430-79101953|strand=+|gene=YBX3
14	21	17797	17790	100.000	8	14.7	71	Exon_06|rel=18871-18965|len=95	NC_006088.5:79073430-79101953|strand=+|gene=YBX3
43	50	18451	18458	100.000	8	14.7	71	Exon_06|rel=18871-18965|len=95	NC_006088.5:79073430-79101953|strand=+|gene=YBX3
49	61	20127	20139	84.615	13	14.7	71	Exon_06|rel=18871-18965|len=95	NC_006088.5:79073430-79101953|strand=+|gene=YBX3
8	15	22381	22374	100.000	8	14.7	71	Exon_06|rel=18871-18965|len=95	NC_006088.5:79073430-79101953|strand=+|gene=YBX3
12	19	23151	23158	100.000	8	14.7	71	Exon_06|rel=18871-18965|len=95	NC_006088.5:79073430-79101953|strand=+|gene=YBX3
43	50	23326	23319	100.000	8	14.7	71	Exon_06|rel=18871-18965|len=95	NC_006088.5:79073430-79101953|strand=+|gene=YBX3
20	27	24663	24670	100.000	8	14.7	71	Exon_06|rel=18871-18965|len=95	NC_006088.5:79073430-79101953|strand=+|gene=YBX3
42	49	25205	25212	100.000	8	14.7	71	Exon_06|rel=18871-18965|len=95	NC_006088.5:79073430-79101953|strand=+|gene=YBX3
33	45	25545	25557	84.615	13	14.7	71	Exon_06|rel=18871-18965|len=95	NC_006088.5:79073430-79101953|strand=+|gene=YBX3
34	41	25577	25584	100.000	8	14.7	71	Exon_06|rel=18871-18965|len=95	NC_006088.5:79073430-79101953|strand=+|gene=YBX3
21	28	25703	25710	100.000	8	14.7	71	Exon_06|rel=18871-18965|len=95	NC_006088.5:79073430-79101953|strand=+|gene=YBX3
2	9	26378	26385	100.000	8	14.7	71	Exon_06|rel=18871-18965|len=95	NC_006088.5:79073430-79101953|strand=+|gene=YBX3
1	172	24505	24676	100.000	172	258	6.51e-72	Exon_07|rel=24505-24676|len=172	NC_006088.5:79073430-79101953|strand=+|gene=YBX3
134	166	9848	9883	75.000	36	22.2	0.87	Exon_07|rel=24505-24676|len=172	NC_006088.5:79073430-79101953|strand=+|gene=YBX3
90	118	1803	1828	79.310	29	21.4	2.4	Exon_07|rel=24505-24676|len=172	NC_006088.5:79073430-79101953|strand=+|gene=YBX3
73	111	2440	2473	74.359	39	21.4	2.4	Exon_07|rel=24505-24676|len=172	NC_006088.5:79073430-79101953|strand=+|gene=YBX3
120	147	2558	2532	78.571	28	21.4	2.4	Exon_07|rel=24505-24676|len=172	NC_006088.5:79073430-79101953|strand=+|gene=YBX3
159	172	3421	3434	92.857	14	19.9	6.8	Exon_07|rel=24505-24676|len=172	NC_006088.5:79073430-79101953|strand=+|gene=YBX3
47	57	943	933	100.000	11	19.2	6.8	Exon_07|rel=24505-24676|len=172	NC_006088.5:79073430-79101953|strand=+|gene=YBX3
28	48	12761	12781	81.818	22	19.2	6.8	Exon_07|rel=24505-24676|len=172	NC_006088.5:79073430-79101953|strand=+|gene=YBX3
1	21	1700	1681	80.952	21	18.4	19	Exon_07|rel=24505-24676|len=172	NC_006088.5:79073430-79101953|strand=+|gene=YBX3
143	162	4068	4088	80.952	21	18.4	19	Exon_07|rel=24505-24676|len=172	NC_006088.5:79073430-79101953|strand=+|gene=YBX3
82	91	4185	4194	100.000	10	17.7	19	Exon_07|rel=24505-24676|len=172	NC_006088.5:79073430-79101953|strand=+|gene=YBX3
35	44	8447	8456	100.000	10	17.7	19	Exon_07|rel=24505-24676|len=172	NC_006088.5:79073430-79101953|strand=+|gene=YBX3
18	40	9714	9735	79.167	24	17.7	19	Exon_07|rel=24505-24676|len=172	NC_006088.5:79073430-79101953|strand=+|gene=YBX3
45	59	16279	16293	86.667	15	17.7	19	Exon_07|rel=24505-24676|len=172	NC_006088.5:79073430-79101953|strand=+|gene=YBX3
86	95	17251	17242	100.000	10	17.7	19	Exon_07|rel=24505-24676|len=172	NC_006088.5:79073430-79101953|strand=+|gene=YBX3
18	27	27637	27646	100.000	10	17.7	19	Exon_07|rel=24505-24676|len=172	NC_006088.5:79073430-79101953|strand=+|gene=YBX3
68	79	1527	1516	91.667	12	17.0	53	Exon_07|rel=24505-24676|len=172	NC_006088.5:79073430-79101953|strand=+|gene=YBX3
7	30	1764	1788	76.000	25	17.0	53	Exon_07|rel=24505-24676|len=172	NC_006088.5:79073430-79101953|strand=+|gene=YBX3
43	54	7329	7318	91.667	12	17.0	53	Exon_07|rel=24505-24676|len=172	NC_006088.5:79073430-79101953|strand=+|gene=YBX3
149	160	24141	24130	91.667	12	17.0	53	Exon_07|rel=24505-24676|len=172	NC_006088.5:79073430-79101953|strand=+|gene=YBX3
164	172	1277	1285	100.000	9	16.2	53	Exon_07|rel=24505-24676|len=172	NC_006088.5:79073430-79101953|strand=+|gene=YBX3
125	133	2472	2480	100.000	9	16.2	53	Exon_07|rel=24505-24676|len=172	NC_006088.5:79073430-79101953|strand=+|gene=YBX3
53	61	7409	7401	100.000	9	16.2	53	Exon_07|rel=24505-24676|len=172	NC_006088.5:79073430-79101953|strand=+|gene=YBX3
83	91	8034	8026	100.000	9	16.2	53	Exon_07|rel=24505-24676|len=172	NC_006088.5:79073430-79101953|strand=+|gene=YBX3
46	54	9928	9936	100.000	9	16.2	53	Exon_07|rel=24505-24676|len=172	NC_006088.5:79073430-79101953|strand=+|gene=YBX3
32	40	11294	11302	100.000	9	16.2	53	Exon_07|rel=24505-24676|len=172	NC_006088.5:79073430-79101953|strand=+|gene=YBX3
62	70	11496	11504	100.000	9	16.2	53	Exon_07|rel=24505-24676|len=172	NC_006088.5:79073430-79101953|strand=+|gene=YBX3
28	43	13593	13609	82.353	17	16.2	53	Exon_07|rel=24505-24676|len=172	NC_006088.5:79073430-79101953|strand=+|gene=YBX3
160	168	15763	15771	100.000	9	16.2	53	Exon_07|rel=24505-24676|len=172	NC_006088.5:79073430-79101953|strand=+|gene=YBX3
162	170	21126	21118	100.000	9	16.2	53	Exon_07|rel=24505-24676|len=172	NC_006088.5:79073430-79101953|strand=+|gene=YBX3
33	48	26989	26973	82.353	17	16.2	53	Exon_07|rel=24505-24676|len=172	NC_006088.5:79073430-79101953|strand=+|gene=YBX3
49	57	27590	27582	100.000	9	16.2	53	Exon_07|rel=24505-24676|len=172	NC_006088.5:79073430-79101953|strand=+|gene=YBX3
113	121	28196	28188	100.000	9	16.2	53	Exon_07|rel=24505-24676|len=172	NC_006088.5:79073430-79101953|strand=+|gene=YBX3
1	102	25232	25333	100.000	102	154	6.97e-41	Exon_08|rel=25232-25333|len=102	NC_006088.5:79073430-79101953|strand=+|gene=YBX3
69	85	7529	7543	88.235	17	20.7	1.3	Exon_08|rel=25232-25333|len=102	NC_006088.5:79073430-79101953|strand=+|gene=YBX3
35	51	9733	9718	88.235	17	19.9	3.5	Exon_08|rel=25232-25333|len=102	NC_006088.5:79073430-79101953|strand=+|gene=YBX3
47	72	15971	15945	77.778	27	19.9	3.5	Exon_08|rel=25232-25333|len=102	NC_006088.5:79073430-79101953|strand=+|gene=YBX3
22	92	19194	19128	67.532	77	19.9	3.5	Exon_08|rel=25232-25333|len=102	NC_006088.5:79073430-79101953|strand=+|gene=YBX3
27	40	22082	22095	92.857	14	19.9	3.5	Exon_08|rel=25232-25333|len=102	NC_006088.5:79073430-79101953|strand=+|gene=YBX3
16	29	26013	26000	92.857	14	19.9	3.5	Exon_08|rel=25232-25333|len=102	NC_006088.5:79073430-79101953|strand=+|gene=YBX3
19	36	9789	9807	85.000	20	19.2	3.5	Exon_08|rel=25232-25333|len=102	NC_006088.5:79073430-79101953|strand=+|gene=YBX3
30	71	23004	23041	72.093	43	19.2	3.5	Exon_08|rel=25232-25333|len=102	NC_006088.5:79073430-79101953|strand=+|gene=YBX3
37	54	4464	4447	84.211	19	18.4	9.9	Exon_08|rel=25232-25333|len=102	NC_006088.5:79073430-79101953|strand=+|gene=YBX3
43	72	17168	17192	74.194	31	18.4	9.9	Exon_08|rel=25232-25333|len=102	NC_006088.5:79073430-79101953|strand=+|gene=YBX3
41	61	19615	19593	78.261	23	18.4	9.9	Exon_08|rel=25232-25333|len=102	NC_006088.5:79073430-79101953|strand=+|gene=YBX3
62	83	21687	21665	76.000	25	18.4	9.9	Exon_08|rel=25232-25333|len=102	NC_006088.5:79073430-79101953|strand=+|gene=YBX3
21	33	23653	23665	92.308	13	18.4	9.9	Exon_08|rel=25232-25333|len=102	NC_006088.5:79073430-79101953|strand=+|gene=YBX3
44	56	26914	26902	92.308	13	18.4	9.9	Exon_08|rel=25232-25333|len=102	NC_006088.5:79073430-79101953|strand=+|gene=YBX3
29	43	27302	27317	87.500	16	18.4	9.9	Exon_08|rel=25232-25333|len=102	NC_006088.5:79073430-79101953|strand=+|gene=YBX3
52	70	2896	2916	80.952	21	17.7	9.9	Exon_08|rel=25232-25333|len=102	NC_006088.5:79073430-79101953|strand=+|gene=YBX3
32	41	2901	2910	100.000	10	17.7	9.9	Exon_08|rel=25232-25333|len=102	NC_006088.5:79073430-79101953|strand=+|gene=YBX3
79	98	7006	6989	80.000	20	17.7	9.9	Exon_08|rel=25232-25333|len=102	NC_006088.5:79073430-79101953|strand=+|gene=YBX3
77	102	8798	8777	76.923	26	17.7	9.9	Exon_08|rel=25232-25333|len=102	NC_006088.5:79073430-79101953|strand=+|gene=YBX3
16	29	11012	11028	82.353	17	17.7	9.9	Exon_08|rel=25232-25333|len=102	NC_006088.5:79073430-79101953|strand=+|gene=YBX3
22	31	12053	12044	100.000	10	17.7	9.9	Exon_08|rel=25232-25333|len=102	NC_006088.5:79073430-79101953|strand=+|gene=YBX3
83	100	12808	12794	83.333	18	17.7	9.9	Exon_08|rel=25232-25333|len=102	NC_006088.5:79073430-79101953|strand=+|gene=YBX3
23	35	19421	19410	92.308	13	17.7	9.9	Exon_08|rel=25232-25333|len=102	NC_006088.5:79073430-79101953|strand=+|gene=YBX3
31	45	19688	19702	86.667	15	17.7	9.9	Exon_08|rel=25232-25333|len=102	NC_006088.5:79073430-79101953|strand=+|gene=YBX3
44	53	20006	20015	100.000	10	17.7	9.9	Exon_08|rel=25232-25333|len=102	NC_006088.5:79073430-79101953|strand=+|gene=YBX3
38	47	20415	20406	100.000	10	17.7	9.9	Exon_08|rel=25232-25333|len=102	NC_006088.5:79073430-79101953|strand=+|gene=YBX3
15	24	28186	28177	100.000	10	17.7	9.9	Exon_08|rel=25232-25333|len=102	NC_006088.5:79073430-79101953|strand=+|gene=YBX3
46	72	877	909	72.727	33	17.0	28	Exon_08|rel=25232-25333|len=102	NC_006088.5:79073430-79101953|strand=+|gene=YBX3
78	96	5903	5884	80.000	20	17.0	28	Exon_08|rel=25232-25333|len=102	NC_006088.5:79073430-79101953|strand=+|gene=YBX3
21	32	11535	11524	91.667	12	17.0	28	Exon_08|rel=25232-25333|len=102	NC_006088.5:79073430-79101953|strand=+|gene=YBX3
32	46	14391	14404	86.667	15	17.0	28	Exon_08|rel=25232-25333|len=102	NC_006088.5:79073430-79101953|strand=+|gene=YBX3
82	95	17874	17888	86.667	15	17.0	28	Exon_08|rel=25232-25333|len=102	NC_006088.5:79073430-79101953|strand=+|gene=YBX3
80	91	19554	19565	91.667	12	17.0	28	Exon_08|rel=25232-25333|len=102	NC_006088.5:79073430-79101953|strand=+|gene=YBX3
77	90	2694	2707	85.714	14	16.2	28	Exon_08|rel=25232-25333|len=102	NC_006088.5:79073430-79101953|strand=+|gene=YBX3
17	25	2700	2708	100.000	9	16.2	28	Exon_08|rel=25232-25333|len=102	NC_006088.5:79073430-79101953|strand=+|gene=YBX3
50	58	4135	4143	100.000	9	16.2	28	Exon_08|rel=25232-25333|len=102	NC_006088.5:79073430-79101953|strand=+|gene=YBX3
56	64	8426	8434	100.000	9	16.2	28	Exon_08|rel=25232-25333|len=102	NC_006088.5:79073430-79101953|strand=+|gene=YBX3
91	99	8897	8905	100.000	9	16.2	28	Exon_08|rel=25232-25333|len=102	NC_006088.5:79073430-79101953|strand=+|gene=YBX3
73	86	13899	13888	85.714	14	16.2	28	Exon_08|rel=25232-25333|len=102	NC_006088.5:79073430-79101953|strand=+|gene=YBX3
73	81	14043	14051	100.000	9	16.2	28	Exon_08|rel=25232-25333|len=102	NC_006088.5:79073430-79101953|strand=+|gene=YBX3
41	49	15226	15218	100.000	9	16.2	28	Exon_08|rel=25232-25333|len=102	NC_006088.5:79073430-79101953|strand=+|gene=YBX3
50	73	15390	15366	74.074	27	16.2	28	Exon_08|rel=25232-25333|len=102	NC_006088.5:79073430-79101953|strand=+|gene=YBX3
71	79	15940	15948	100.000	9	16.2	28	Exon_08|rel=25232-25333|len=102	NC_006088.5:79073430-79101953|strand=+|gene=YBX3
90	98	16831	16823	100.000	9	16.2	28	Exon_08|rel=25232-25333|len=102	NC_006088.5:79073430-79101953|strand=+|gene=YBX3
49	57	17982	17990	100.000	9	16.2	28	Exon_08|rel=25232-25333|len=102	NC_006088.5:79073430-79101953|strand=+|gene=YBX3
86	99	18656	18669	85.714	14	16.2	28	Exon_08|rel=25232-25333|len=102	NC_006088.5:79073430-79101953|strand=+|gene=YBX3
48	69	19059	19079	77.273	22	16.2	28	Exon_08|rel=25232-25333|len=102	NC_006088.5:79073430-79101953|strand=+|gene=YBX3
53	76	20854	20877	76.000	25	16.2	28	Exon_08|rel=25232-25333|len=102	NC_006088.5:79073430-79101953|strand=+|gene=YBX3
68	76	23304	23312	100.000	9	16.2	28	Exon_08|rel=25232-25333|len=102	NC_006088.5:79073430-79101953|strand=+|gene=YBX3
64	72	23924	23916	100.000	9	16.2	28	Exon_08|rel=25232-25333|len=102	NC_006088.5:79073430-79101953|strand=+|gene=YBX3
57	65	27142	27150	100.000	9	16.2	28	Exon_08|rel=25232-25333|len=102	NC_006088.5:79073430-79101953|strand=+|gene=YBX3
20	28	28438	28430	100.000	9	16.2	28	Exon_08|rel=25232-25333|len=102	NC_006088.5:79073430-79101953|strand=+|gene=YBX3
21	31	114	124	90.909	11	15.5	78	Exon_08|rel=25232-25333|len=102	NC_006088.5:79073430-79101953|strand=+|gene=YBX3
21	31	911	901	90.909	11	15.5	78	Exon_08|rel=25232-25333|len=102	NC_006088.5:79073430-79101953|strand=+|gene=YBX3
42	52	1161	1171	90.909	11	15.5	78	Exon_08|rel=25232-25333|len=102	NC_006088.5:79073430-79101953|strand=+|gene=YBX3
73	86	1498	1510	85.714	14	15.5	78	Exon_08|rel=25232-25333|len=102	NC_006088.5:79073430-79101953|strand=+|gene=YBX3
17	30	5852	5864	85.714	14	15.5	78	Exon_08|rel=25232-25333|len=102	NC_006088.5:79073430-79101953|strand=+|gene=YBX3
32	44	8018	8005	85.714	14	15.5	78	Exon_08|rel=25232-25333|len=102	NC_006088.5:79073430-79101953|strand=+|gene=YBX3
43	53	10048	10058	90.909	11	15.5	78	Exon_08|rel=25232-25333|len=102	NC_006088.5:79073430-79101953|strand=+|gene=YBX3
28	45	11825	11807	78.947	19	15.5	78	Exon_08|rel=25232-25333|len=102	NC_006088.5:79073430-79101953|strand=+|gene=YBX3
74	97	12449	12427	75.000	24	15.5	78	Exon_08|rel=25232-25333|len=102	NC_006088.5:79073430-79101953|strand=+|gene=YBX3
55	71	13114	13135	72.727	22	15.5	78	Exon_08|rel=25232-25333|len=102	NC_006088.5:79073430-79101953|strand=+|gene=YBX3
37	49	13139	13126	85.714	14	15.5	78	Exon_08|rel=25232-25333|len=102	NC_006088.5:79073430-79101953|strand=+|gene=YBX3
26	41	13613	13598	81.250	16	15.5	78	Exon_08|rel=25232-25333|len=102	NC_006088.5:79073430-79101953|strand=+|gene=YBX3
20	30	14489	14499	90.909	11	15.5	78	Exon_08|rel=25232-25333|len=102	NC_006088.5:79073430-79101953|strand=+|gene=YBX3
41	51	15318	15328	90.909	11	15.5	78	Exon_08|rel=25232-25333|len=102	NC_006088.5:79073430-79101953|strand=+|gene=YBX3
75	85	15423	15433	90.909	11	15.5	78	Exon_08|rel=25232-25333|len=102	NC_006088.5:79073430-79101953|strand=+|gene=YBX3
84	94	16932	16922	90.909	11	15.5	78	Exon_08|rel=25232-25333|len=102	NC_006088.5:79073430-79101953|strand=+|gene=YBX3
25	65	18278	18323	67.347	49	15.5	78	Exon_08|rel=25232-25333|len=102	NC_006088.5:79073430-79101953|strand=+|gene=YBX3
67	77	18558	18568	90.909	11	15.5	78	Exon_08|rel=25232-25333|len=102	NC_006088.5:79073430-79101953|strand=+|gene=YBX3
68	90	19612	19635	75.000	24	15.5	78	Exon_08|rel=25232-25333|len=102	NC_006088.5:79073430-79101953|strand=+|gene=YBX3
42	52	22022	22012	90.909	11	15.5	78	Exon_08|rel=25232-25333|len=102	NC_006088.5:79073430-79101953|strand=+|gene=YBX3
28	38	23228	23218	90.909	11	15.5	78	Exon_08|rel=25232-25333|len=102	NC_006088.5:79073430-79101953|strand=+|gene=YBX3
70	80	26713	26723	90.909	11	15.5	78	Exon_08|rel=25232-25333|len=102	NC_006088.5:79073430-79101953|strand=+|gene=YBX3
18	33	27999	28014	82.353	17	15.5	78	Exon_08|rel=25232-25333|len=102	NC_006088.5:79073430-79101953|strand=+|gene=YBX3
39	49	28201	28211	90.909	11	15.5	78	Exon_08|rel=25232-25333|len=102	NC_006088.5:79073430-79101953|strand=+|gene=YBX3
43	50	557	564	100.000	8	14.7	78	Exon_08|rel=25232-25333|len=102	NC_006088.5:79073430-79101953|strand=+|gene=YBX3
77	84	1542	1535	100.000	8	14.7	78	Exon_08|rel=25232-25333|len=102	NC_006088.5:79073430-79101953|strand=+|gene=YBX3
44	51	2026	2019	100.000	8	14.7	78	Exon_08|rel=25232-25333|len=102	NC_006088.5:79073430-79101953|strand=+|gene=YBX3
88	95	3140	3147	100.000	8	14.7	78	Exon_08|rel=25232-25333|len=102	NC_006088.5:79073430-79101953|strand=+|gene=YBX3
17	24	3295	3288	100.000	8	14.7	78	Exon_08|rel=25232-25333|len=102	NC_006088.5:79073430-79101953|strand=+|gene=YBX3
74	81	3495	3502	100.000	8	14.7	78	Exon_08|rel=25232-25333|len=102	NC_006088.5:79073430-79101953|strand=+|gene=YBX3
20	27	3721	3728	100.000	8	14.7	78	Exon_08|rel=25232-25333|len=102	NC_006088.5:79073430-79101953|strand=+|gene=YBX3
85	92	3906	3913	100.000	8	14.7	78	Exon_08|rel=25232-25333|len=102	NC_006088.5:79073430-79101953|strand=+|gene=YBX3
62	69	4545	4538	100.000	8	14.7	78	Exon_08|rel=25232-25333|len=102	NC_006088.5:79073430-79101953|strand=+|gene=YBX3
2	9	5972	5965	100.000	8	14.7	78	Exon_08|rel=25232-25333|len=102	NC_006088.5:79073430-79101953|strand=+|gene=YBX3
31	38	7247	7254	100.000	8	14.7	78	Exon_08|rel=25232-25333|len=102	NC_006088.5:79073430-79101953|strand=+|gene=YBX3
74	81	7255	7262	100.000	8	14.7	78	Exon_08|rel=25232-25333|len=102	NC_006088.5:79073430-79101953|strand=+|gene=YBX3
35	42	7411	7418	100.000	8	14.7	78	Exon_08|rel=25232-25333|len=102	NC_006088.5:79073430-79101953|strand=+|gene=YBX3
20	27	8815	8822	100.000	8	14.7	78	Exon_08|rel=25232-25333|len=102	NC_006088.5:79073430-79101953|strand=+|gene=YBX3
59	66	8919	8926	100.000	8	14.7	78	Exon_08|rel=25232-25333|len=102	NC_006088.5:79073430-79101953|strand=+|gene=YBX3
21	28	9679	9686	100.000	8	14.7	78	Exon_08|rel=25232-25333|len=102	NC_006088.5:79073430-79101953|strand=+|gene=YBX3
76	83	10645	10638	100.000	8	14.7	78	Exon_08|rel=25232-25333|len=102	NC_006088.5:79073430-79101953|strand=+|gene=YBX3
46	53	10808	10801	100.000	8	14.7	78	Exon_08|rel=25232-25333|len=102	NC_006088.5:79073430-79101953|strand=+|gene=YBX3
13	20	11332	11325	100.000	8	14.7	78	Exon_08|rel=25232-25333|len=102	NC_006088.5:79073430-79101953|strand=+|gene=YBX3
41	48	12536	12543	100.000	8	14.7	78	Exon_08|rel=25232-25333|len=102	NC_006088.5:79073430-79101953|strand=+|gene=YBX3
85	92	13163	13156	100.000	8	14.7	78	Exon_08|rel=25232-25333|len=102	NC_006088.5:79073430-79101953|strand=+|gene=YBX3
80	87	13502	13509	100.000	8	14.7	78	Exon_08|rel=25232-25333|len=102	NC_006088.5:79073430-79101953|strand=+|gene=YBX3
50	57	15474	15467	100.000	8	14.7	78	Exon_08|rel=25232-25333|len=102	NC_006088.5:79073430-79101953|strand=+|gene=YBX3
84	91	16123	16130	100.000	8	14.7	78	Exon_08|rel=25232-25333|len=102	NC_006088.5:79073430-79101953|strand=+|gene=YBX3
46	53	16280	16287	100.000	8	14.7	78	Exon_08|rel=25232-25333|len=102	NC_006088.5:79073430-79101953|strand=+|gene=YBX3
84	91	17649	17656	100.000	8	14.7	78	Exon_08|rel=25232-25333|len=102	NC_006088.5:79073430-79101953|strand=+|gene=YBX3
21	28	17744	17751	100.000	8	14.7	78	Exon_08|rel=25232-25333|len=102	NC_006088.5:79073430-79101953|strand=+|gene=YBX3
26	33	18389	18382	100.000	8	14.7	78	Exon_08|rel=25232-25333|len=102	NC_006088.5:79073430-79101953|strand=+|gene=YBX3
75	82	19196	19203	100.000	8	14.7	78	Exon_08|rel=25232-25333|len=102	NC_006088.5:79073430-79101953|strand=+|gene=YBX3
23	30	19657	19650	100.000	8	14.7	78	Exon_08|rel=25232-25333|len=102	NC_006088.5:79073430-79101953|strand=+|gene=YBX3
35	42	20296	20303	100.000	8	14.7	78	Exon_08|rel=25232-25333|len=102	NC_006088.5:79073430-79101953|strand=+|gene=YBX3
54	61	20497	20490	100.000	8	14.7	78	Exon_08|rel=25232-25333|len=102	NC_006088.5:79073430-79101953|strand=+|gene=YBX3
95	102	21599	21606	100.000	8	14.7	78	Exon_08|rel=25232-25333|len=102	NC_006088.5:79073430-79101953|strand=+|gene=YBX3
49	56	22693	22700	100.000	8	14.7	78	Exon_08|rel=25232-25333|len=102	NC_006088.5:79073430-79101953|strand=+|gene=YBX3
57	64	22893	22900	100.000	8	14.7	78	Exon_08|rel=25232-25333|len=102	NC_006088.5:79073430-79101953|strand=+|gene=YBX3
26	33	22943	22936	100.000	8	14.7	78	Exon_08|rel=25232-25333|len=102	NC_006088.5:79073430-79101953|strand=+|gene=YBX3
95	102	23017	23010	100.000	8	14.7	78	Exon_08|rel=25232-25333|len=102	NC_006088.5:79073430-79101953|strand=+|gene=YBX3
59	66	23382	23375	100.000	8	14.7	78	Exon_08|rel=25232-25333|len=102	NC_006088.5:79073430-79101953|strand=+|gene=YBX3
57	64	23505	23512	100.000	8	14.7	78	Exon_08|rel=25232-25333|len=102	NC_006088.5:79073430-79101953|strand=+|gene=YBX3
49	56	23543	23536	100.000	8	14.7	78	Exon_08|rel=25232-25333|len=102	NC_006088.5:79073430-79101953|strand=+|gene=YBX3
65	72	23622	23615	100.000	8	14.7	78	Exon_08|rel=25232-25333|len=102	NC_006088.5:79073430-79101953|strand=+|gene=YBX3
38	45	23896	23903	100.000	8	14.7	78	Exon_08|rel=25232-25333|len=102	NC_006088.5:79073430-79101953|strand=+|gene=YBX3
28	35	24171	24164	100.000	8	14.7	78	Exon_08|rel=25232-25333|len=102	NC_006088.5:79073430-79101953|strand=+|gene=YBX3
37	44	24189	24182	100.000	8	14.7	78	Exon_08|rel=25232-25333|len=102	NC_006088.5:79073430-79101953|strand=+|gene=YBX3
59	66	25192	25185	100.000	8	14.7	78	Exon_08|rel=25232-25333|len=102	NC_006088.5:79073430-79101953|strand=+|gene=YBX3
21	28	27884	27891	100.000	8	14.7	78	Exon_08|rel=25232-25333|len=102	NC_006088.5:79073430-79101953|strand=+|gene=YBX3
25	32	27947	27940	100.000	8	14.7	78	Exon_08|rel=25232-25333|len=102	NC_006088.5:79073430-79101953|strand=+|gene=YBX3
82	89	28303	28296	100.000	8	14.7	78	Exon_08|rel=25232-25333|len=102	NC_006088.5:79073430-79101953|strand=+|gene=YBX3
2	9	28312	28319	100.000	8	14.7	78	Exon_08|rel=25232-25333|len=102	NC_006088.5:79073430-79101953|strand=+|gene=YBX3
65	72	28370	28363	100.000	8	14.7	78	Exon_08|rel=25232-25333|len=102	NC_006088.5:79073430-79101953|strand=+|gene=YBX3
1	515	26010	26524	100.000	515	768	0.0	Exon_09|rel=26010-26524|len=515	NC_006088.5:79073430-79101953|strand=+|gene=YBX3
14	42	12278	12251	82.759	29	26.6	0.13	Exon_09|rel=26010-26524|len=515	NC_006088.5:79073430-79101953|strand=+|gene=YBX3
92	129	21319	21279	76.190	42	25.9	0.37	Exon_09|rel=26010-26524|len=515	NC_006088.5:79073430-79101953|strand=+|gene=YBX3
228	265	2972	3012	74.419	43	25.1	0.37	Exon_09|rel=26010-26524|len=515	NC_006088.5:79073430-79101953|strand=+|gene=YBX3
310	355	10047	10097	72.222	54	25.1	0.37	Exon_09|rel=26010-26524|len=515	NC_006088.5:79073430-79101953|strand=+|gene=YBX3
263	284	11393	11415	86.957	23	25.1	0.37	Exon_09|rel=26010-26524|len=515	NC_006088.5:79073430-79101953|strand=+|gene=YBX3
224	240	17692	17709	94.444	18	25.1	0.37	Exon_09|rel=26010-26524|len=515	NC_006088.5:79073430-79101953|strand=+|gene=YBX3
313	349	3720	3681	75.610	41	24.4	1.0	Exon_09|rel=26010-26524|len=515	NC_006088.5:79073430-79101953|strand=+|gene=YBX3
254	287	2930	2966	75.676	37	23.6	1.0	Exon_09|rel=26010-26524|len=515	NC_006088.5:79073430-79101953|strand=+|gene=YBX3
389	404	7481	7497	94.118	17	23.6	1.0	Exon_09|rel=26010-26524|len=515	NC_006088.5:79073430-79101953|strand=+|gene=YBX3
19	37	7886	7904	89.474	19	23.6	1.0	Exon_09|rel=26010-26524|len=515	NC_006088.5:79073430-79101953|strand=+|gene=YBX3
430	449	19805	19822	90.000	20	23.6	1.0	Exon_09|rel=26010-26524|len=515	NC_006088.5:79073430-79101953|strand=+|gene=YBX3
308	329	22476	22456	86.364	22	23.6	1.0	Exon_09|rel=26010-26524|len=515	NC_006088.5:79073430-79101953|strand=+|gene=YBX3
242	290	23789	23837	70.370	54	23.6	1.0	Exon_09|rel=26010-26524|len=515	NC_006088.5:79073430-79101953|strand=+|gene=YBX3
312	332	161	181	86.364	22	22.9	2.9	Exon_09|rel=26010-26524|len=515	NC_006088.5:79073430-79101953|strand=+|gene=YBX3
208	226	2996	3013	89.474	19	22.9	2.9	Exon_09|rel=26010-26524|len=515	NC_006088.5:79073430-79101953|strand=+|gene=YBX3
69	120	6617	6553	67.164	67	22.9	2.9	Exon_09|rel=26010-26524|len=515	NC_006088.5:79073430-79101953|strand=+|gene=YBX3
29	51	17839	17820	82.609	23	22.9	2.9	Exon_09|rel=26010-26524|len=515	NC_006088.5:79073430-79101953|strand=+|gene=YBX3
276	291	370	356	93.750	16	22.2	2.9	Exon_09|rel=26010-26524|len=515	NC_006088.5:79073430-79101953|strand=+|gene=YBX3
271	299	5936	5965	77.419	31	22.2	2.9	Exon_09|rel=26010-26524|len=515	NC_006088.5:79073430-79101953|strand=+|gene=YBX3
51	72	6461	6438	83.333	24	22.2	2.9	Exon_09|rel=26010-26524|len=515	NC_006088.5:79073430-79101953|strand=+|gene=YBX3
377	415	11875	11837	71.429	42	22.2	2.9	Exon_09|rel=26010-26524|len=515	NC_006088.5:79073430-79101953|strand=+|gene=YBX3
215	240	13609	13633	80.769	26	22.2	2.9	Exon_09|rel=26010-26524|len=515	NC_006088.5:79073430-79101953|strand=+|gene=YBX3
85	116	22481	22455	78.125	32	22.2	2.9	Exon_09|rel=26010-26524|len=515	NC_006088.5:79073430-79101953|strand=+|gene=YBX3
367	393	27062	27090	79.310	29	22.2	2.9	Exon_09|rel=26010-26524|len=515	NC_006088.5:79073430-79101953|strand=+|gene=YBX3
478	512	4891	4857	75.000	36	21.4	8.2	Exon_09|rel=26010-26524|len=515	NC_006088.5:79073430-79101953|strand=+|gene=YBX3
222	241	5793	5812	85.000	20	21.4	8.2	Exon_09|rel=26010-26524|len=515	NC_006088.5:79073430-79101953|strand=+|gene=YBX3
425	439	7185	7171	93.333	15	21.4	8.2	Exon_09|rel=26010-26524|len=515	NC_006088.5:79073430-79101953|strand=+|gene=YBX3
62	95	8832	8868	73.684	38	21.4	8.2	Exon_09|rel=26010-26524|len=515	NC_006088.5:79073430-79101953|strand=+|gene=YBX3
375	389	13933	13947	93.333	15	21.4	8.2	Exon_09|rel=26010-26524|len=515	NC_006088.5:79073430-79101953|strand=+|gene=YBX3
33	55	15576	15555	82.609	23	21.4	8.2	Exon_09|rel=26010-26524|len=515	NC_006088.5:79073430-79101953|strand=+|gene=YBX3
167	181	18135	18121	93.333	15	21.4	8.2	Exon_09|rel=26010-26524|len=515	NC_006088.5:79073430-79101953|strand=+|gene=YBX3
18	35	19360	19376	88.889	18	21.4	8.2	Exon_09|rel=26010-26524|len=515	NC_006088.5:79073430-79101953|strand=+|gene=YBX3
430	444	23996	24010	93.333	15	21.4	8.2	Exon_09|rel=26010-26524|len=515	NC_006088.5:79073430-79101953|strand=+|gene=YBX3
390	409	10947	10965	85.000	20	20.7	8.2	Exon_09|rel=26010-26524|len=515	NC_006088.5:79073430-79101953|strand=+|gene=YBX3
315	344	11865	11897	73.529	34	20.7	8.2	Exon_09|rel=26010-26524|len=515	NC_006088.5:79073430-79101953|strand=+|gene=YBX3
17	45	14996	14962	71.429	35	20.7	8.2	Exon_09|rel=26010-26524|len=515	NC_006088.5:79073430-79101953|strand=+|gene=YBX3
379	392	17801	17815	93.333	15	20.7	8.2	Exon_09|rel=26010-26524|len=515	NC_006088.5:79073430-79101953|strand=+|gene=YBX3
48	64	23870	23854	88.235	17	20.7	8.2	Exon_09|rel=26010-26524|len=515	NC_006088.5:79073430-79101953|strand=+|gene=YBX3
372	390	26777	26796	85.000	20	20.7	8.2	Exon_09|rel=26010-26524|len=515	NC_006088.5:79073430-79101953|strand=+|gene=YBX3
327	340	7957	7944	92.857	14	19.9	23	Exon_09|rel=26010-26524|len=515	NC_006088.5:79073430-79101953|strand=+|gene=YBX3
432	445	8015	8028	92.857	14	19.9	23	Exon_09|rel=26010-26524|len=515	NC_006088.5:79073430-79101953|strand=+|gene=YBX3
400	418	10068	10086	84.211	19	19.9	23	Exon_09|rel=26010-26524|len=515	NC_006088.5:79073430-79101953|strand=+|gene=YBX3
263	276	11591	11604	92.857	14	19.9	23	Exon_09|rel=26010-26524|len=515	NC_006088.5:79073430-79101953|strand=+|gene=YBX3
368	389	18249	18229	81.818	22	19.9	23	Exon_09|rel=26010-26524|len=515	NC_006088.5:79073430-79101953|strand=+|gene=YBX3
375	388	25166	25153	92.857	14	19.9	23	Exon_09|rel=26010-26524|len=515	NC_006088.5:79073430-79101953|strand=+|gene=YBX3
430	443	26984	26997	92.857	14	19.9	23	Exon_09|rel=26010-26524|len=515	NC_006088.5:79073430-79101953|strand=+|gene=YBX3
19	34	1168	1183	87.500	16	19.2	23	Exon_09|rel=26010-26524|len=515	NC_006088.5:79073430-79101953|strand=+|gene=YBX3
326	360	6033	5999	73.684	38	19.2	23	Exon_09|rel=26010-26524|len=515	NC_006088.5:79073430-79101953|strand=+|gene=YBX3
266	279	7904	7892	92.857	14	19.2	23	Exon_09|rel=26010-26524|len=515	NC_006088.5:79073430-79101953|strand=+|gene=YBX3
339	349	10029	10039	100.000	11	19.2	23	Exon_09|rel=26010-26524|len=515	NC_006088.5:79073430-79101953|strand=+|gene=YBX3
378	388	12352	12362	100.000	11	19.2	23	Exon_09|rel=26010-26524|len=515	NC_006088.5:79073430-79101953|strand=+|gene=YBX3
407	436	16274	16299	74.194	31	19.2	23	Exon_09|rel=26010-26524|len=515	NC_006088.5:79073430-79101953|strand=+|gene=YBX3
249	259	17210	17220	100.000	11	19.2	23	Exon_09|rel=26010-26524|len=515	NC_006088.5:79073430-79101953|strand=+|gene=YBX3
446	461	18049	18034	87.500	16	19.2	23	Exon_09|rel=26010-26524|len=515	NC_006088.5:79073430-79101953|strand=+|gene=YBX3
171	181	18373	18383	100.000	11	19.2	23	Exon_09|rel=26010-26524|len=515	NC_006088.5:79073430-79101953|strand=+|gene=YBX3
95	113	19011	19031	80.952	21	19.2	23	Exon_09|rel=26010-26524|len=515	NC_006088.5:79073430-79101953|strand=+|gene=YBX3
378	388	19729	19719	100.000	11	19.2	23	Exon_09|rel=26010-26524|len=515	NC_006088.5:79073430-79101953|strand=+|gene=YBX3
319	339	23151	23171	80.952	21	19.2	23	Exon_09|rel=26010-26524|len=515	NC_006088.5:79073430-79101953|strand=+|gene=YBX3
215	230	24403	24388	87.500	16	19.2	23	Exon_09|rel=26010-26524|len=515	NC_006088.5:79073430-79101953|strand=+|gene=YBX3
231	256	26054	26031	76.923	26	19.2	23	Exon_09|rel=26010-26524|len=515	NC_006088.5:79073430-79101953|strand=+|gene=YBX3
22	45	26265	26240	76.923	26	19.2	23	Exon_09|rel=26010-26524|len=515	NC_006088.5:79073430-79101953|strand=+|gene=YBX3
218	235	29	12	83.333	18	18.4	65	Exon_09|rel=26010-26524|len=515	NC_006088.5:79073430-79101953|strand=+|gene=YBX3
310	327	5944	5961	83.333	18	18.4	65	Exon_09|rel=26010-26524|len=515	NC_006088.5:79073430-79101953|strand=+|gene=YBX3
303	325	7852	7830	79.167	24	18.4	65	Exon_09|rel=26010-26524|len=515	NC_006088.5:79073430-79101953|strand=+|gene=YBX3
143	155	9183	9171	92.308	13	18.4	65	Exon_09|rel=26010-26524|len=515	NC_006088.5:79073430-79101953|strand=+|gene=YBX3
327	339	10339	10351	92.308	13	18.4	65	Exon_09|rel=26010-26524|len=515	NC_006088.5:79073430-79101953|strand=+|gene=YBX3
214	229	10349	10363	87.500	16	18.4	65	Exon_09|rel=26010-26524|len=515	NC_006088.5:79073430-79101953|strand=+|gene=YBX3
108	120	16925	16913	92.308	13	18.4	65	Exon_09|rel=26010-26524|len=515	NC_006088.5:79073430-79101953|strand=+|gene=YBX3
379	393	19727	19712	87.500	16	18.4	65	Exon_09|rel=26010-26524|len=515	NC_006088.5:79073430-79101953|strand=+|gene=YBX3
384	396	20362	20374	92.308	13	18.4	65	Exon_09|rel=26010-26524|len=515	NC_006088.5:79073430-79101953|strand=+|gene=YBX3
102	114	20992	21004	92.308	13	18.4	65	Exon_09|rel=26010-26524|len=515	NC_006088.5:79073430-79101953|strand=+|gene=YBX3
426	440	22452	22437	87.500	16	18.4	65	Exon_09|rel=26010-26524|len=515	NC_006088.5:79073430-79101953|strand=+|gene=YBX3
410	422	25550	25562	92.308	13	18.4	65	Exon_09|rel=26010-26524|len=515	NC_006088.5:79073430-79101953|strand=+|gene=YBX3
258	270	26985	26997	92.308	13	18.4	65	Exon_09|rel=26010-26524|len=515	NC_006088.5:79073430-79101953|strand=+|gene=YBX3
383	392	3001	3010	100.000	10	17.7	65	Exon_09|rel=26010-26524|len=515	NC_006088.5:79073430-79101953|strand=+|gene=YBX3
382	391	4696	4705	100.000	10	17.7	65	Exon_09|rel=26010-26524|len=515	NC_006088.5:79073430-79101953|strand=+|gene=YBX3
4	13	4721	4730	100.000	10	17.7	65	Exon_09|rel=26010-26524|len=515	NC_006088.5:79073430-79101953|strand=+|gene=YBX3
305	314	5731	5722	100.000	10	17.7	65	Exon_09|rel=26010-26524|len=515	NC_006088.5:79073430-79101953|strand=+|gene=YBX3
307	321	5819	5833	86.667	15	17.7	65	Exon_09|rel=26010-26524|len=515	NC_006088.5:79073430-79101953|strand=+|gene=YBX3
376	385	6556	6565	100.000	10	17.7	65	Exon_09|rel=26010-26524|len=515	NC_006088.5:79073430-79101953|strand=+|gene=YBX3
206	220	8292	8306	86.667	15	17.7	65	Exon_09|rel=26010-26524|len=515	NC_006088.5:79073430-79101953|strand=+|gene=YBX3
489	498	9415	9406	100.000	10	17.7	65	Exon_09|rel=26010-26524|len=515	NC_006088.5:79073430-79101953|strand=+|gene=YBX3
142	151	10237	10228	100.000	10	17.7	65	Exon_09|rel=26010-26524|len=515	NC_006088.5:79073430-79101953|strand=+|gene=YBX3
314	323	12428	12437	100.000	10	17.7	65	Exon_09|rel=26010-26524|len=515	NC_006088.5:79073430-79101953|strand=+|gene=YBX3
209	218	13633	13642	100.000	10	17.7	65	Exon_09|rel=26010-26524|len=515	NC_006088.5:79073430-79101953|strand=+|gene=YBX3
213	227	15996	15982	86.667	15	17.7	65	Exon_09|rel=26010-26524|len=515	NC_006088.5:79073430-79101953|strand=+|gene=YBX3
397	406	17982	17973	100.000	10	17.7	65	Exon_09|rel=26010-26524|len=515	NC_006088.5:79073430-79101953|strand=+|gene=YBX3
31	40	18983	18974	100.000	10	17.7	65	Exon_09|rel=26010-26524|len=515	NC_006088.5:79073430-79101953|strand=+|gene=YBX3
391	400	20391	20400	100.000	10	17.7	65	Exon_09|rel=26010-26524|len=515	NC_006088.5:79073430-79101953|strand=+|gene=YBX3
189	198	22782	22773	100.000	10	17.7	65	Exon_09|rel=26010-26524|len=515	NC_006088.5:79073430-79101953|strand=+|gene=YBX3
189	203	23851	23837	86.667	15	17.7	65	Exon_09|rel=26010-26524|len=515	NC_006088.5:79073430-79101953|strand=+|gene=YBX3
455	464	23840	23849	100.000	10	17.7	65	Exon_09|rel=26010-26524|len=515	NC_006088.5:79073430-79101953|strand=+|gene=YBX3
26	35	24363	24372	100.000	10	17.7	65	Exon_09|rel=26010-26524|len=515	NC_006088.5:79073430-79101953|strand=+|gene=YBX3
279	288	26274	26265	100.000	10	17.7	65	Exon_09|rel=26010-26524|len=515	NC_006088.5:79073430-79101953|strand=+|gene=YBX3
256	265	26297	26288	100.000	10	17.7	65	Exon_09|rel=26010-26524|len=515	NC_006088.5:79073430-79101953|strand=+|gene=YBX3
328	337	26764	26773	100.000	10	17.7	65	Exon_09|rel=26010-26524|len=515	NC_006088.5:79073430-79101953|strand=+|gene=YBX3
25	34	27041	27032	100.000	10	17.7	65	Exon_09|rel=26010-26524|len=515	NC_006088.5:79073430-79101953|strand=+|gene=YBX3
