1	1317	2001	3317	100.000	1317	1959	0.0	Exon_01|rel=2001-3317|len=1317	NC_006088.5:113184680-113191557|strand=-|gene=GPR82
71	91	4216	4195	90.909	22	27.4	0.086	Exon_01|rel=2001-3317|len=1317	NC_006088.5:113184680-113191557|strand=-|gene=GPR82
111	158	782	833	73.077	52	25.1	0.24	Exon_01|rel=2001-3317|len=1317	NC_006088.5:113184680-113191557|strand=-|gene=GPR82
121	145	2145	2121	84.615	26	25.1	0.24	Exon_01|rel=2001-3317|len=1317	NC_006088.5:113184680-113191557|strand=-|gene=GPR82
640	682	3395	3354	73.913	46	24.4	0.67	Exon_01|rel=2001-3317|len=1317	NC_006088.5:113184680-113191557|strand=-|gene=GPR82
500	522	3407	3384	84.000	25	24.4	0.67	Exon_01|rel=2001-3317|len=1317	NC_006088.5:113184680-113191557|strand=-|gene=GPR82
546	585	4077	4111	75.000	40	24.4	0.67	Exon_01|rel=2001-3317|len=1317	NC_006088.5:113184680-113191557|strand=-|gene=GPR82
120	145	173	199	81.481	27	23.6	0.67	Exon_01|rel=2001-3317|len=1317	NC_006088.5:113184680-113191557|strand=-|gene=GPR82
142	179	4317	4276	72.093	43	23.6	0.67	Exon_01|rel=2001-3317|len=1317	NC_006088.5:113184680-113191557|strand=-|gene=GPR82
403	439	2128	2165	75.000	40	22.9	1.9	Exon_01|rel=2001-3317|len=1317	NC_006088.5:113184680-113191557|strand=-|gene=GPR82
128	165	2403	2439	75.000	40	22.9	1.9	Exon_01|rel=2001-3317|len=1317	NC_006088.5:113184680-113191557|strand=-|gene=GPR82
722	756	931	904	74.286	35	22.2	1.9	Exon_01|rel=2001-3317|len=1317	NC_006088.5:113184680-113191557|strand=-|gene=GPR82
70	91	3812	3835	83.333	24	22.2	1.9	Exon_01|rel=2001-3317|len=1317	NC_006088.5:113184680-113191557|strand=-|gene=GPR82
1093	1112	5604	5622	85.714	21	22.2	1.9	Exon_01|rel=2001-3317|len=1317	NC_006088.5:113184680-113191557|strand=-|gene=GPR82
52	84	6202	6170	75.758	33	22.2	1.9	Exon_01|rel=2001-3317|len=1317	NC_006088.5:113184680-113191557|strand=-|gene=GPR82
118	134	1066	1083	88.889	18	21.4	5.3	Exon_01|rel=2001-3317|len=1317	NC_006088.5:113184680-113191557|strand=-|gene=GPR82
98	138	3507	3558	69.231	52	21.4	5.3	Exon_01|rel=2001-3317|len=1317	NC_006088.5:113184680-113191557|strand=-|gene=GPR82
133	163	4644	4619	75.000	32	21.4	5.3	Exon_01|rel=2001-3317|len=1317	NC_006088.5:113184680-113191557|strand=-|gene=GPR82
117	131	1361	1348	93.333	15	20.7	5.3	Exon_01|rel=2001-3317|len=1317	NC_006088.5:113184680-113191557|strand=-|gene=GPR82
588	604	1349	1365	88.235	17	20.7	5.3	Exon_01|rel=2001-3317|len=1317	NC_006088.5:113184680-113191557|strand=-|gene=GPR82
416	437	1355	1376	81.818	22	20.7	5.3	Exon_01|rel=2001-3317|len=1317	NC_006088.5:113184680-113191557|strand=-|gene=GPR82
36	59	1741	1765	80.000	25	20.7	5.3	Exon_01|rel=2001-3317|len=1317	NC_006088.5:113184680-113191557|strand=-|gene=GPR82
316	345	2345	2316	75.000	32	20.7	5.3	Exon_01|rel=2001-3317|len=1317	NC_006088.5:113184680-113191557|strand=-|gene=GPR82
942	960	2463	2478	84.211	19	20.7	5.3	Exon_01|rel=2001-3317|len=1317	NC_006088.5:113184680-113191557|strand=-|gene=GPR82
722	733	2733	2722	100.000	12	20.7	5.3	Exon_01|rel=2001-3317|len=1317	NC_006088.5:113184680-113191557|strand=-|gene=GPR82
463	478	2942	2960	84.211	19	20.7	5.3	Exon_01|rel=2001-3317|len=1317	NC_006088.5:113184680-113191557|strand=-|gene=GPR82
802	831	3701	3727	76.667	30	20.7	5.3	Exon_01|rel=2001-3317|len=1317	NC_006088.5:113184680-113191557|strand=-|gene=GPR82
661	682	4191	4212	81.818	22	20.7	5.3	Exon_01|rel=2001-3317|len=1317	NC_006088.5:113184680-113191557|strand=-|gene=GPR82
807	832	4851	4879	75.862	29	20.7	5.3	Exon_01|rel=2001-3317|len=1317	NC_006088.5:113184680-113191557|strand=-|gene=GPR82
393	411	6486	6505	85.000	20	20.7	5.3	Exon_01|rel=2001-3317|len=1317	NC_006088.5:113184680-113191557|strand=-|gene=GPR82
1096	1135	3853	3820	73.171	41	19.9	15	Exon_01|rel=2001-3317|len=1317	NC_006088.5:113184680-113191557|strand=-|gene=GPR82
193	221	4030	4059	75.000	32	19.9	15	Exon_01|rel=2001-3317|len=1317	NC_006088.5:113184680-113191557|strand=-|gene=GPR82
134	152	4301	4283	84.211	19	19.9	15	Exon_01|rel=2001-3317|len=1317	NC_006088.5:113184680-113191557|strand=-|gene=GPR82
1090	1110	5348	5327	81.818	22	19.9	15	Exon_01|rel=2001-3317|len=1317	NC_006088.5:113184680-113191557|strand=-|gene=GPR82
134	165	6190	6161	73.529	34	19.9	15	Exon_01|rel=2001-3317|len=1317	NC_006088.5:113184680-113191557|strand=-|gene=GPR82
765	775	23	33	100.000	11	19.2	15	Exon_01|rel=2001-3317|len=1317	NC_006088.5:113184680-113191557|strand=-|gene=GPR82
149	159	798	788	100.000	11	19.2	15	Exon_01|rel=2001-3317|len=1317	NC_006088.5:113184680-113191557|strand=-|gene=GPR82
816	834	926	909	84.211	19	19.2	15	Exon_01|rel=2001-3317|len=1317	NC_006088.5:113184680-113191557|strand=-|gene=GPR82
586	602	1332	1349	84.211	19	19.2	15	Exon_01|rel=2001-3317|len=1317	NC_006088.5:113184680-113191557|strand=-|gene=GPR82
115	160	1844	1890	69.388	49	19.2	15	Exon_01|rel=2001-3317|len=1317	NC_006088.5:113184680-113191557|strand=-|gene=GPR82
596	606	2014	2024	100.000	11	19.2	15	Exon_01|rel=2001-3317|len=1317	NC_006088.5:113184680-113191557|strand=-|gene=GPR82
67	82	2082	2067	87.500	16	19.2	15	Exon_01|rel=2001-3317|len=1317	NC_006088.5:113184680-113191557|strand=-|gene=GPR82
644	659	2116	2131	87.500	16	19.2	15	Exon_01|rel=2001-3317|len=1317	NC_006088.5:113184680-113191557|strand=-|gene=GPR82
14	24	2596	2606	100.000	11	19.2	15	Exon_01|rel=2001-3317|len=1317	NC_006088.5:113184680-113191557|strand=-|gene=GPR82
116	131	2644	2659	87.500	16	19.2	15	Exon_01|rel=2001-3317|len=1317	NC_006088.5:113184680-113191557|strand=-|gene=GPR82
813	925	3231	3349	63.492	126	19.2	15	Exon_01|rel=2001-3317|len=1317	NC_006088.5:113184680-113191557|strand=-|gene=GPR82
313	323	3539	3529	100.000	11	19.2	15	Exon_01|rel=2001-3317|len=1317	NC_006088.5:113184680-113191557|strand=-|gene=GPR82
457	469	3795	3808	92.857	14	19.2	15	Exon_01|rel=2001-3317|len=1317	NC_006088.5:113184680-113191557|strand=-|gene=GPR82
66	81	4037	4022	87.500	16	19.2	15	Exon_01|rel=2001-3317|len=1317	NC_006088.5:113184680-113191557|strand=-|gene=GPR82
904	924	4987	5007	80.952	21	19.2	15	Exon_01|rel=2001-3317|len=1317	NC_006088.5:113184680-113191557|strand=-|gene=GPR82
1175	1185	5472	5482	100.000	11	19.2	15	Exon_01|rel=2001-3317|len=1317	NC_006088.5:113184680-113191557|strand=-|gene=GPR82
181	191	5517	5527	100.000	11	19.2	15	Exon_01|rel=2001-3317|len=1317	NC_006088.5:113184680-113191557|strand=-|gene=GPR82
3	13	5739	5729	100.000	11	19.2	15	Exon_01|rel=2001-3317|len=1317	NC_006088.5:113184680-113191557|strand=-|gene=GPR82
1009	1027	6474	6457	84.211	19	19.2	15	Exon_01|rel=2001-3317|len=1317	NC_006088.5:113184680-113191557|strand=-|gene=GPR82
909	963	6602	6554	68.421	57	19.2	15	Exon_01|rel=2001-3317|len=1317	NC_006088.5:113184680-113191557|strand=-|gene=GPR82
304	318	184	199	87.500	16	18.4	41	Exon_01|rel=2001-3317|len=1317	NC_006088.5:113184680-113191557|strand=-|gene=GPR82
98	120	558	530	75.862	29	18.4	41	Exon_01|rel=2001-3317|len=1317	NC_006088.5:113184680-113191557|strand=-|gene=GPR82
65	77	969	957	92.308	13	18.4	41	Exon_01|rel=2001-3317|len=1317	NC_006088.5:113184680-113191557|strand=-|gene=GPR82
977	989	1408	1396	92.308	13	18.4	41	Exon_01|rel=2001-3317|len=1317	NC_006088.5:113184680-113191557|strand=-|gene=GPR82
957	969	3426	3438	92.308	13	18.4	41	Exon_01|rel=2001-3317|len=1317	NC_006088.5:113184680-113191557|strand=-|gene=GPR82
571	588	3681	3664	83.333	18	18.4	41	Exon_01|rel=2001-3317|len=1317	NC_006088.5:113184680-113191557|strand=-|gene=GPR82
119	131	3708	3720	92.308	13	18.4	41	Exon_01|rel=2001-3317|len=1317	NC_006088.5:113184680-113191557|strand=-|gene=GPR82
974	986	4036	4024	92.308	13	18.4	41	Exon_01|rel=2001-3317|len=1317	NC_006088.5:113184680-113191557|strand=-|gene=GPR82
473	498	4289	4314	75.000	28	18.4	41	Exon_01|rel=2001-3317|len=1317	NC_006088.5:113184680-113191557|strand=-|gene=GPR82
572	584	4570	4582	92.308	13	18.4	41	Exon_01|rel=2001-3317|len=1317	NC_006088.5:113184680-113191557|strand=-|gene=GPR82
1025	1047	5102	5120	78.261	23	18.4	41	Exon_01|rel=2001-3317|len=1317	NC_006088.5:113184680-113191557|strand=-|gene=GPR82
457	469	5133	5145	92.308	13	18.4	41	Exon_01|rel=2001-3317|len=1317	NC_006088.5:113184680-113191557|strand=-|gene=GPR82
214	226	5649	5637	92.308	13	18.4	41	Exon_01|rel=2001-3317|len=1317	NC_006088.5:113184680-113191557|strand=-|gene=GPR82
950	965	6426	6409	83.333	18	18.4	41	Exon_01|rel=2001-3317|len=1317	NC_006088.5:113184680-113191557|strand=-|gene=GPR82
1186	1195	298	289	100.000	10	17.7	41	Exon_01|rel=2001-3317|len=1317	NC_006088.5:113184680-113191557|strand=-|gene=GPR82
920	929	371	380	100.000	10	17.7	41	Exon_01|rel=2001-3317|len=1317	NC_006088.5:113184680-113191557|strand=-|gene=GPR82
672	681	722	713	100.000	10	17.7	41	Exon_01|rel=2001-3317|len=1317	NC_006088.5:113184680-113191557|strand=-|gene=GPR82
544	558	1150	1136	86.667	15	17.7	41	Exon_01|rel=2001-3317|len=1317	NC_006088.5:113184680-113191557|strand=-|gene=GPR82
1282	1291	1262	1271	100.000	10	17.7	41	Exon_01|rel=2001-3317|len=1317	NC_006088.5:113184680-113191557|strand=-|gene=GPR82
1174	1195	1654	1672	77.273	22	17.7	41	Exon_01|rel=2001-3317|len=1317	NC_006088.5:113184680-113191557|strand=-|gene=GPR82
712	721	1679	1670	100.000	10	17.7	41	Exon_01|rel=2001-3317|len=1317	NC_006088.5:113184680-113191557|strand=-|gene=GPR82
118	132	1730	1744	86.667	15	17.7	41	Exon_01|rel=2001-3317|len=1317	NC_006088.5:113184680-113191557|strand=-|gene=GPR82
590	599	1879	1888	100.000	10	17.7	41	Exon_01|rel=2001-3317|len=1317	NC_006088.5:113184680-113191557|strand=-|gene=GPR82
134	143	2012	2021	100.000	10	17.7	41	Exon_01|rel=2001-3317|len=1317	NC_006088.5:113184680-113191557|strand=-|gene=GPR82
1092	1101	2126	2135	100.000	10	17.7	41	Exon_01|rel=2001-3317|len=1317	NC_006088.5:113184680-113191557|strand=-|gene=GPR82
303	319	2129	2146	83.333	18	17.7	41	Exon_01|rel=2001-3317|len=1317	NC_006088.5:113184680-113191557|strand=-|gene=GPR82
12	21	2134	2143	100.000	10	17.7	41	Exon_01|rel=2001-3317|len=1317	NC_006088.5:113184680-113191557|strand=-|gene=GPR82
951	965	2158	2144	86.667	15	17.7	41	Exon_01|rel=2001-3317|len=1317	NC_006088.5:113184680-113191557|strand=-|gene=GPR82
153	162	2162	2153	100.000	10	17.7	41	Exon_01|rel=2001-3317|len=1317	NC_006088.5:113184680-113191557|strand=-|gene=GPR82
823	832	2166	2157	100.000	10	17.7	41	Exon_01|rel=2001-3317|len=1317	NC_006088.5:113184680-113191557|strand=-|gene=GPR82
129	146	2303	2319	83.333	18	17.7	41	Exon_01|rel=2001-3317|len=1317	NC_006088.5:113184680-113191557|strand=-|gene=GPR82
1181	1190	2536	2545	100.000	10	17.7	41	Exon_01|rel=2001-3317|len=1317	NC_006088.5:113184680-113191557|strand=-|gene=GPR82
1164	1173	2593	2584	100.000	10	17.7	41	Exon_01|rel=2001-3317|len=1317	NC_006088.5:113184680-113191557|strand=-|gene=GPR82
157	166	2832	2823	100.000	10	17.7	41	Exon_01|rel=2001-3317|len=1317	NC_006088.5:113184680-113191557|strand=-|gene=GPR82
144	158	2965	2951	86.667	15	17.7	41	Exon_01|rel=2001-3317|len=1317	NC_006088.5:113184680-113191557|strand=-|gene=GPR82
1054	1063	3063	3054	100.000	10	17.7	41	Exon_01|rel=2001-3317|len=1317	NC_006088.5:113184680-113191557|strand=-|gene=GPR82
126	135	3092	3101	100.000	10	17.7	41	Exon_01|rel=2001-3317|len=1317	NC_006088.5:113184680-113191557|strand=-|gene=GPR82
584	593	3173	3164	100.000	10	17.7	41	Exon_01|rel=2001-3317|len=1317	NC_006088.5:113184680-113191557|strand=-|gene=GPR82
536	545	3181	3190	100.000	10	17.7	41	Exon_01|rel=2001-3317|len=1317	NC_006088.5:113184680-113191557|strand=-|gene=GPR82
170	184	3537	3523	86.667	15	17.7	41	Exon_01|rel=2001-3317|len=1317	NC_006088.5:113184680-113191557|strand=-|gene=GPR82
590	604	3547	3533	86.667	15	17.7	41	Exon_01|rel=2001-3317|len=1317	NC_006088.5:113184680-113191557|strand=-|gene=GPR82
1277	1288	3588	3576	92.308	13	17.7	41	Exon_01|rel=2001-3317|len=1317	NC_006088.5:113184680-113191557|strand=-|gene=GPR82
1185	1194	3679	3670	100.000	10	17.7	41	Exon_01|rel=2001-3317|len=1317	NC_006088.5:113184680-113191557|strand=-|gene=GPR82
151	165	3817	3831	86.667	15	17.7	41	Exon_01|rel=2001-3317|len=1317	NC_006088.5:113184680-113191557|strand=-|gene=GPR82
735	749	3909	3923	86.667	15	17.7	41	Exon_01|rel=2001-3317|len=1317	NC_006088.5:113184680-113191557|strand=-|gene=GPR82
174	183	4091	4100	100.000	10	17.7	41	Exon_01|rel=2001-3317|len=1317	NC_006088.5:113184680-113191557|strand=-|gene=GPR82
329	358	4202	4173	74.194	31	17.7	41	Exon_01|rel=2001-3317|len=1317	NC_006088.5:113184680-113191557|strand=-|gene=GPR82
913	927	4652	4638	86.667	15	17.7	41	Exon_01|rel=2001-3317|len=1317	NC_006088.5:113184680-113191557|strand=-|gene=GPR82
1048	1057	4683	4692	100.000	10	17.7	41	Exon_01|rel=2001-3317|len=1317	NC_006088.5:113184680-113191557|strand=-|gene=GPR82
1225	1234	4845	4836	100.000	10	17.7	41	Exon_01|rel=2001-3317|len=1317	NC_006088.5:113184680-113191557|strand=-|gene=GPR82
309	329	5236	5212	76.000	25	17.7	41	Exon_01|rel=2001-3317|len=1317	NC_006088.5:113184680-113191557|strand=-|gene=GPR82
454	463	5276	5267	100.000	10	17.7	41	Exon_01|rel=2001-3317|len=1317	NC_006088.5:113184680-113191557|strand=-|gene=GPR82
697	706	5341	5332	100.000	10	17.7	41	Exon_01|rel=2001-3317|len=1317	NC_006088.5:113184680-113191557|strand=-|gene=GPR82
1121	1135	6158	6172	86.667	15	17.7	41	Exon_01|rel=2001-3317|len=1317	NC_006088.5:113184680-113191557|strand=-|gene=GPR82
974	983	6348	6339	100.000	10	17.7	41	Exon_01|rel=2001-3317|len=1317	NC_006088.5:113184680-113191557|strand=-|gene=GPR82
1	347	4532	4878	100.000	347	518	1.83e-150	Exon_02|rel=4532-4878|len=347	NC_006088.5:113184680-113191557|strand=-|gene=GPR82
168	186	6460	6442	94.737	19	27.4	0.021	Exon_02|rel=4532-4878|len=347	NC_006088.5:113184680-113191557|strand=-|gene=GPR82
296	332	4443	4481	76.923	39	25.9	0.059	Exon_02|rel=4532-4878|len=347	NC_006088.5:113184680-113191557|strand=-|gene=GPR82
156	195	3549	3513	72.093	43	24.4	0.17	Exon_02|rel=4532-4878|len=347	NC_006088.5:113184680-113191557|strand=-|gene=GPR82
51	85	4616	4582	73.684	38	23.6	0.17	Exon_02|rel=4532-4878|len=347	NC_006088.5:113184680-113191557|strand=-|gene=GPR82
179	204	1620	1596	81.481	27	22.2	0.47	Exon_02|rel=4532-4878|len=347	NC_006088.5:113184680-113191557|strand=-|gene=GPR82
88	113	2163	2133	75.000	32	21.4	1.3	Exon_02|rel=4532-4878|len=347	NC_006088.5:113184680-113191557|strand=-|gene=GPR82
106	135	4245	4217	76.667	30	20.7	1.3	Exon_02|rel=4532-4878|len=347	NC_006088.5:113184680-113191557|strand=-|gene=GPR82
131	144	126	113	92.857	14	19.9	3.7	Exon_02|rel=4532-4878|len=347	NC_006088.5:113184680-113191557|strand=-|gene=GPR82
289	338	3948	3909	70.000	50	19.9	3.7	Exon_02|rel=4532-4878|len=347	NC_006088.5:113184680-113191557|strand=-|gene=GPR82
224	241	1101	1083	84.211	19	19.2	3.7	Exon_02|rel=4532-4878|len=347	NC_006088.5:113184680-113191557|strand=-|gene=GPR82
320	347	2807	2831	75.000	28	19.2	3.7	Exon_02|rel=4532-4878|len=347	NC_006088.5:113184680-113191557|strand=-|gene=GPR82
98	122	3976	3949	75.862	29	19.2	3.7	Exon_02|rel=4532-4878|len=347	NC_006088.5:113184680-113191557|strand=-|gene=GPR82
226	242	5034	5015	85.000	20	19.2	3.7	Exon_02|rel=4532-4878|len=347	NC_006088.5:113184680-113191557|strand=-|gene=GPR82
88	125	5750	5795	70.213	47	19.2	3.7	Exon_02|rel=4532-4878|len=347	NC_006088.5:113184680-113191557|strand=-|gene=GPR82
39	51	2572	2584	92.308	13	18.4	10	Exon_02|rel=4532-4878|len=347	NC_006088.5:113184680-113191557|strand=-|gene=GPR82
261	283	2711	2685	74.074	27	18.4	10	Exon_02|rel=4532-4878|len=347	NC_006088.5:113184680-113191557|strand=-|gene=GPR82
201	229	2767	2798	75.000	32	18.4	10	Exon_02|rel=4532-4878|len=347	NC_006088.5:113184680-113191557|strand=-|gene=GPR82
159	199	2914	2944	68.293	41	18.4	10	Exon_02|rel=4532-4878|len=347	NC_006088.5:113184680-113191557|strand=-|gene=GPR82
177	200	3075	3099	77.778	27	18.4	10	Exon_02|rel=4532-4878|len=347	NC_006088.5:113184680-113191557|strand=-|gene=GPR82
149	167	3361	3377	84.211	19	18.4	10	Exon_02|rel=4532-4878|len=347	NC_006088.5:113184680-113191557|strand=-|gene=GPR82
78	118	3543	3588	70.213	47	18.4	10	Exon_02|rel=4532-4878|len=347	NC_006088.5:113184680-113191557|strand=-|gene=GPR82
297	317	3623	3604	80.952	21	18.4	10	Exon_02|rel=4532-4878|len=347	NC_006088.5:113184680-113191557|strand=-|gene=GPR82
79	96	4290	4305	83.333	18	18.4	10	Exon_02|rel=4532-4878|len=347	NC_006088.5:113184680-113191557|strand=-|gene=GPR82
196	215	4983	4963	80.952	21	18.4	10	Exon_02|rel=4532-4878|len=347	NC_006088.5:113184680-113191557|strand=-|gene=GPR82
103	128	6169	6191	76.923	26	18.4	10	Exon_02|rel=4532-4878|len=347	NC_006088.5:113184680-113191557|strand=-|gene=GPR82
41	50	1114	1105	100.000	10	17.7	10	Exon_02|rel=4532-4878|len=347	NC_006088.5:113184680-113191557|strand=-|gene=GPR82
111	125	2344	2332	86.667	15	17.7	10	Exon_02|rel=4532-4878|len=347	NC_006088.5:113184680-113191557|strand=-|gene=GPR82
107	121	2927	2913	86.667	15	17.7	10	Exon_02|rel=4532-4878|len=347	NC_006088.5:113184680-113191557|strand=-|gene=GPR82
152	161	3048	3057	100.000	10	17.7	10	Exon_02|rel=4532-4878|len=347	NC_006088.5:113184680-113191557|strand=-|gene=GPR82
305	314	3234	3225	100.000	10	17.7	10	Exon_02|rel=4532-4878|len=347	NC_006088.5:113184680-113191557|strand=-|gene=GPR82
4	15	4337	4325	92.308	13	17.7	10	Exon_02|rel=4532-4878|len=347	NC_006088.5:113184680-113191557|strand=-|gene=GPR82
149	165	6036	6053	83.333	18	17.7	10	Exon_02|rel=4532-4878|len=347	NC_006088.5:113184680-113191557|strand=-|gene=GPR82
121	135	6499	6487	86.667	15	17.7	10	Exon_02|rel=4532-4878|len=347	NC_006088.5:113184680-113191557|strand=-|gene=GPR82
78	91	1421	1407	86.667	15	17.0	29	Exon_02|rel=4532-4878|len=347	NC_006088.5:113184680-113191557|strand=-|gene=GPR82
102	113	2021	2010	91.667	12	17.0	29	Exon_02|rel=4532-4878|len=347	NC_006088.5:113184680-113191557|strand=-|gene=GPR82
296	307	2535	2546	91.667	12	17.0	29	Exon_02|rel=4532-4878|len=347	NC_006088.5:113184680-113191557|strand=-|gene=GPR82
161	175	2542	2555	86.667	15	17.0	29	Exon_02|rel=4532-4878|len=347	NC_006088.5:113184680-113191557|strand=-|gene=GPR82
27	38	2615	2626	91.667	12	17.0	29	Exon_02|rel=4532-4878|len=347	NC_006088.5:113184680-113191557|strand=-|gene=GPR82
327	338	2746	2735	91.667	12	17.0	29	Exon_02|rel=4532-4878|len=347	NC_006088.5:113184680-113191557|strand=-|gene=GPR82
102	120	3388	3369	80.000	20	17.0	29	Exon_02|rel=4532-4878|len=347	NC_006088.5:113184680-113191557|strand=-|gene=GPR82
102	120	3401	3382	80.952	21	17.0	29	Exon_02|rel=4532-4878|len=347	NC_006088.5:113184680-113191557|strand=-|gene=GPR82
101	120	3416	3398	80.000	20	17.0	29	Exon_02|rel=4532-4878|len=347	NC_006088.5:113184680-113191557|strand=-|gene=GPR82
139	150	5373	5384	91.667	12	17.0	29	Exon_02|rel=4532-4878|len=347	NC_006088.5:113184680-113191557|strand=-|gene=GPR82
47	62	6036	6053	83.333	18	17.0	29	Exon_02|rel=4532-4878|len=347	NC_006088.5:113184680-113191557|strand=-|gene=GPR82
315	328	6810	6824	86.667	15	17.0	29	Exon_02|rel=4532-4878|len=347	NC_006088.5:113184680-113191557|strand=-|gene=GPR82
325	333	346	338	100.000	9	16.2	29	Exon_02|rel=4532-4878|len=347	NC_006088.5:113184680-113191557|strand=-|gene=GPR82
35	43	373	365	100.000	9	16.2	29	Exon_02|rel=4532-4878|len=347	NC_006088.5:113184680-113191557|strand=-|gene=GPR82
214	227	594	607	85.714	14	16.2	29	Exon_02|rel=4532-4878|len=347	NC_006088.5:113184680-113191557|strand=-|gene=GPR82
197	208	1047	1037	91.667	12	16.2	29	Exon_02|rel=4532-4878|len=347	NC_006088.5:113184680-113191557|strand=-|gene=GPR82
29	37	1428	1420	100.000	9	16.2	29	Exon_02|rel=4532-4878|len=347	NC_006088.5:113184680-113191557|strand=-|gene=GPR82
167	190	1619	1638	75.000	24	16.2	29	Exon_02|rel=4532-4878|len=347	NC_006088.5:113184680-113191557|strand=-|gene=GPR82
172	183	1831	1821	91.667	12	16.2	29	Exon_02|rel=4532-4878|len=347	NC_006088.5:113184680-113191557|strand=-|gene=GPR82
322	330	2072	2064	100.000	9	16.2	29	Exon_02|rel=4532-4878|len=347	NC_006088.5:113184680-113191557|strand=-|gene=GPR82
269	277	2098	2106	100.000	9	16.2	29	Exon_02|rel=4532-4878|len=347	NC_006088.5:113184680-113191557|strand=-|gene=GPR82
89	97	2153	2161	100.000	9	16.2	29	Exon_02|rel=4532-4878|len=347	NC_006088.5:113184680-113191557|strand=-|gene=GPR82
209	217	2239	2231	100.000	9	16.2	29	Exon_02|rel=4532-4878|len=347	NC_006088.5:113184680-113191557|strand=-|gene=GPR82
72	80	2694	2702	100.000	9	16.2	29	Exon_02|rel=4532-4878|len=347	NC_006088.5:113184680-113191557|strand=-|gene=GPR82
288	296	2870	2862	100.000	9	16.2	29	Exon_02|rel=4532-4878|len=347	NC_006088.5:113184680-113191557|strand=-|gene=GPR82
225	258	3589	3620	71.429	35	16.2	29	Exon_02|rel=4532-4878|len=347	NC_006088.5:113184680-113191557|strand=-|gene=GPR82
141	151	3929	3918	91.667	12	16.2	29	Exon_02|rel=4532-4878|len=347	NC_006088.5:113184680-113191557|strand=-|gene=GPR82
78	86	4223	4231	100.000	9	16.2	29	Exon_02|rel=4532-4878|len=347	NC_006088.5:113184680-113191557|strand=-|gene=GPR82
269	282	4299	4312	85.714	14	16.2	29	Exon_02|rel=4532-4878|len=347	NC_006088.5:113184680-113191557|strand=-|gene=GPR82
158	174	4414	4429	82.353	17	16.2	29	Exon_02|rel=4532-4878|len=347	NC_006088.5:113184680-113191557|strand=-|gene=GPR82
313	334	4553	4573	77.273	22	16.2	29	Exon_02|rel=4532-4878|len=347	NC_006088.5:113184680-113191557|strand=-|gene=GPR82
254	279	4719	4693	74.074	27	16.2	29	Exon_02|rel=4532-4878|len=347	NC_006088.5:113184680-113191557|strand=-|gene=GPR82
162	188	4810	4785	74.074	27	16.2	29	Exon_02|rel=4532-4878|len=347	NC_006088.5:113184680-113191557|strand=-|gene=GPR82
22	42	4844	4865	77.273	22	16.2	29	Exon_02|rel=4532-4878|len=347	NC_006088.5:113184680-113191557|strand=-|gene=GPR82
190	201	5622	5612	91.667	12	16.2	29	Exon_02|rel=4532-4878|len=347	NC_006088.5:113184680-113191557|strand=-|gene=GPR82
36	44	5686	5694	100.000	9	16.2	29	Exon_02|rel=4532-4878|len=347	NC_006088.5:113184680-113191557|strand=-|gene=GPR82
89	120	5742	5716	71.875	32	16.2	29	Exon_02|rel=4532-4878|len=347	NC_006088.5:113184680-113191557|strand=-|gene=GPR82
158	168	5717	5728	91.667	12	16.2	29	Exon_02|rel=4532-4878|len=347	NC_006088.5:113184680-113191557|strand=-|gene=GPR82
228	241	5809	5822	85.714	14	16.2	29	Exon_02|rel=4532-4878|len=347	NC_006088.5:113184680-113191557|strand=-|gene=GPR82
300	308	5825	5833	100.000	9	16.2	29	Exon_02|rel=4532-4878|len=347	NC_006088.5:113184680-113191557|strand=-|gene=GPR82
109	119	288	278	90.909	11	15.5	80	Exon_02|rel=4532-4878|len=347	NC_006088.5:113184680-113191557|strand=-|gene=GPR82
90	100	558	548	90.909	11	15.5	80	Exon_02|rel=4532-4878|len=347	NC_006088.5:113184680-113191557|strand=-|gene=GPR82
191	201	692	702	90.909	11	15.5	80	Exon_02|rel=4532-4878|len=347	NC_006088.5:113184680-113191557|strand=-|gene=GPR82
268	288	1554	1534	76.190	21	15.5	80	Exon_02|rel=4532-4878|len=347	NC_006088.5:113184680-113191557|strand=-|gene=GPR82
90	100	1546	1556	90.909	11	15.5	80	Exon_02|rel=4532-4878|len=347	NC_006088.5:113184680-113191557|strand=-|gene=GPR82
233	243	1559	1549	90.909	11	15.5	80	Exon_02|rel=4532-4878|len=347	NC_006088.5:113184680-113191557|strand=-|gene=GPR82
216	231	1880	1895	81.250	16	15.5	80	Exon_02|rel=4532-4878|len=347	NC_006088.5:113184680-113191557|strand=-|gene=GPR82
200	276	2489	2417	63.953	86	15.5	80	Exon_02|rel=4532-4878|len=347	NC_006088.5:113184680-113191557|strand=-|gene=GPR82
101	114	2504	2519	81.250	16	15.5	80	Exon_02|rel=4532-4878|len=347	NC_006088.5:113184680-113191557|strand=-|gene=GPR82
157	167	2668	2658	90.909	11	15.5	80	Exon_02|rel=4532-4878|len=347	NC_006088.5:113184680-113191557|strand=-|gene=GPR82
178	188	3770	3760	90.909	11	15.5	80	Exon_02|rel=4532-4878|len=347	NC_006088.5:113184680-113191557|strand=-|gene=GPR82
255	277	4542	4519	76.000	25	15.5	80	Exon_02|rel=4532-4878|len=347	NC_006088.5:113184680-113191557|strand=-|gene=GPR82
276	309	5163	5135	70.588	34	15.5	80	Exon_02|rel=4532-4878|len=347	NC_006088.5:113184680-113191557|strand=-|gene=GPR82
329	344	5199	5214	81.250	16	15.5	80	Exon_02|rel=4532-4878|len=347	NC_006088.5:113184680-113191557|strand=-|gene=GPR82
134	153	5886	5865	77.273	22	15.5	80	Exon_02|rel=4532-4878|len=347	NC_006088.5:113184680-113191557|strand=-|gene=GPR82
100	107	171	178	100.000	8	14.7	80	Exon_02|rel=4532-4878|len=347	NC_006088.5:113184680-113191557|strand=-|gene=GPR82
118	125	509	516	100.000	8	14.7	80	Exon_02|rel=4532-4878|len=347	NC_006088.5:113184680-113191557|strand=-|gene=GPR82
268	275	550	557	100.000	8	14.7	80	Exon_02|rel=4532-4878|len=347	NC_006088.5:113184680-113191557|strand=-|gene=GPR82
90	97	551	558	100.000	8	14.7	80	Exon_02|rel=4532-4878|len=347	NC_006088.5:113184680-113191557|strand=-|gene=GPR82
268	275	559	552	100.000	8	14.7	80	Exon_02|rel=4532-4878|len=347	NC_006088.5:113184680-113191557|strand=-|gene=GPR82
264	271	732	739	100.000	8	14.7	80	Exon_02|rel=4532-4878|len=347	NC_006088.5:113184680-113191557|strand=-|gene=GPR82
104	111	789	782	100.000	8	14.7	80	Exon_02|rel=4532-4878|len=347	NC_006088.5:113184680-113191557|strand=-|gene=GPR82
197	204	849	842	100.000	8	14.7	80	Exon_02|rel=4532-4878|len=347	NC_006088.5:113184680-113191557|strand=-|gene=GPR82
322	329	962	969	100.000	8	14.7	80	Exon_02|rel=4532-4878|len=347	NC_006088.5:113184680-113191557|strand=-|gene=GPR82
214	221	1349	1356	100.000	8	14.7	80	Exon_02|rel=4532-4878|len=347	NC_006088.5:113184680-113191557|strand=-|gene=GPR82
268	275	1545	1552	100.000	8	14.7	80	Exon_02|rel=4532-4878|len=347	NC_006088.5:113184680-113191557|strand=-|gene=GPR82
90	97	1553	1546	100.000	8	14.7	80	Exon_02|rel=4532-4878|len=347	NC_006088.5:113184680-113191557|strand=-|gene=GPR82
322	329	1595	1588	100.000	8	14.7	80	Exon_02|rel=4532-4878|len=347	NC_006088.5:113184680-113191557|strand=-|gene=GPR82
303	310	1680	1673	100.000	8	14.7	80	Exon_02|rel=4532-4878|len=347	NC_006088.5:113184680-113191557|strand=-|gene=GPR82
35	42	1863	1856	100.000	8	14.7	80	Exon_02|rel=4532-4878|len=347	NC_006088.5:113184680-113191557|strand=-|gene=GPR82
161	168	1875	1882	100.000	8	14.7	80	Exon_02|rel=4532-4878|len=347	NC_006088.5:113184680-113191557|strand=-|gene=GPR82
139	146	1907	1900	100.000	8	14.7	80	Exon_02|rel=4532-4878|len=347	NC_006088.5:113184680-113191557|strand=-|gene=GPR82
8	25	1953	1970	77.778	18	14.7	80	Exon_02|rel=4532-4878|len=347	NC_006088.5:113184680-113191557|strand=-|gene=GPR82
160	167	1989	1982	100.000	8	14.7	80	Exon_02|rel=4532-4878|len=347	NC_006088.5:113184680-113191557|strand=-|gene=GPR82
321	328	2032	2025	100.000	8	14.7	80	Exon_02|rel=4532-4878|len=347	NC_006088.5:113184680-113191557|strand=-|gene=GPR82
91	98	2104	2097	100.000	8	14.7	80	Exon_02|rel=4532-4878|len=347	NC_006088.5:113184680-113191557|strand=-|gene=GPR82
102	109	2123	2130	100.000	8	14.7	80	Exon_02|rel=4532-4878|len=347	NC_006088.5:113184680-113191557|strand=-|gene=GPR82
132	139	2213	2220	100.000	8	14.7	80	Exon_02|rel=4532-4878|len=347	NC_006088.5:113184680-113191557|strand=-|gene=GPR82
86	93	2283	2276	100.000	8	14.7	80	Exon_02|rel=4532-4878|len=347	NC_006088.5:113184680-113191557|strand=-|gene=GPR82
55	62	2348	2355	100.000	8	14.7	80	Exon_02|rel=4532-4878|len=347	NC_006088.5:113184680-113191557|strand=-|gene=GPR82
214	221	2588	2595	100.000	8	14.7	80	Exon_02|rel=4532-4878|len=347	NC_006088.5:113184680-113191557|strand=-|gene=GPR82
102	109	2603	2596	100.000	8	14.7	80	Exon_02|rel=4532-4878|len=347	NC_006088.5:113184680-113191557|strand=-|gene=GPR82
158	165	2654	2647	100.000	8	14.7	80	Exon_02|rel=4532-4878|len=347	NC_006088.5:113184680-113191557|strand=-|gene=GPR82
233	240	2861	2854	100.000	8	14.7	80	Exon_02|rel=4532-4878|len=347	NC_006088.5:113184680-113191557|strand=-|gene=GPR82
159	166	3398	3405	100.000	8	14.7	80	Exon_02|rel=4532-4878|len=347	NC_006088.5:113184680-113191557|strand=-|gene=GPR82
51	58	3550	3543	100.000	8	14.7	80	Exon_02|rel=4532-4878|len=347	NC_006088.5:113184680-113191557|strand=-|gene=GPR82
136	143	3670	3663	100.000	8	14.7	80	Exon_02|rel=4532-4878|len=347	NC_006088.5:113184680-113191557|strand=-|gene=GPR82
141	148	3951	3958	100.000	8	14.7	80	Exon_02|rel=4532-4878|len=347	NC_006088.5:113184680-113191557|strand=-|gene=GPR82
165	172	4024	4017	100.000	8	14.7	80	Exon_02|rel=4532-4878|len=347	NC_006088.5:113184680-113191557|strand=-|gene=GPR82
7	14	4117	4110	100.000	8	14.7	80	Exon_02|rel=4532-4878|len=347	NC_006088.5:113184680-113191557|strand=-|gene=GPR82
54	61	4184	4177	100.000	8	14.7	80	Exon_02|rel=4532-4878|len=347	NC_006088.5:113184680-113191557|strand=-|gene=GPR82
36	43	4184	4191	100.000	8	14.7	80	Exon_02|rel=4532-4878|len=347	NC_006088.5:113184680-113191557|strand=-|gene=GPR82
51	58	4230	4223	100.000	8	14.7	80	Exon_02|rel=4532-4878|len=347	NC_006088.5:113184680-113191557|strand=-|gene=GPR82
251	258	4300	4293	100.000	8	14.7	80	Exon_02|rel=4532-4878|len=347	NC_006088.5:113184680-113191557|strand=-|gene=GPR82
192	209	4331	4348	77.778	18	14.7	80	Exon_02|rel=4532-4878|len=347	NC_006088.5:113184680-113191557|strand=-|gene=GPR82
59	66	4367	4374	100.000	8	14.7	80	Exon_02|rel=4532-4878|len=347	NC_006088.5:113184680-113191557|strand=-|gene=GPR82
327	334	4412	4419	100.000	8	14.7	80	Exon_02|rel=4532-4878|len=347	NC_006088.5:113184680-113191557|strand=-|gene=GPR82
90	97	4628	4621	100.000	8	14.7	80	Exon_02|rel=4532-4878|len=347	NC_006088.5:113184680-113191557|strand=-|gene=GPR82
159	166	4651	4644	100.000	8	14.7	80	Exon_02|rel=4532-4878|len=347	NC_006088.5:113184680-113191557|strand=-|gene=GPR82
113	120	4697	4690	100.000	8	14.7	80	Exon_02|rel=4532-4878|len=347	NC_006088.5:113184680-113191557|strand=-|gene=GPR82
173	180	5024	5017	100.000	8	14.7	80	Exon_02|rel=4532-4878|len=347	NC_006088.5:113184680-113191557|strand=-|gene=GPR82
278	290	5462	5450	84.615	13	14.7	80	Exon_02|rel=4532-4878|len=347	NC_006088.5:113184680-113191557|strand=-|gene=GPR82
165	172	5552	5545	100.000	8	14.7	80	Exon_02|rel=4532-4878|len=347	NC_006088.5:113184680-113191557|strand=-|gene=GPR82
52	59	5575	5582	100.000	8	14.7	80	Exon_02|rel=4532-4878|len=347	NC_006088.5:113184680-113191557|strand=-|gene=GPR82
77	84	5582	5575	100.000	8	14.7	80	Exon_02|rel=4532-4878|len=347	NC_006088.5:113184680-113191557|strand=-|gene=GPR82
283	290	5714	5707	100.000	8	14.7	80	Exon_02|rel=4532-4878|len=347	NC_006088.5:113184680-113191557|strand=-|gene=GPR82
159	166	5716	5723	100.000	8	14.7	80	Exon_02|rel=4532-4878|len=347	NC_006088.5:113184680-113191557|strand=-|gene=GPR82
247	254	5874	5867	100.000	8	14.7	80	Exon_02|rel=4532-4878|len=347	NC_006088.5:113184680-113191557|strand=-|gene=GPR82
328	335	6038	6031	100.000	8	14.7	80	Exon_02|rel=4532-4878|len=347	NC_006088.5:113184680-113191557|strand=-|gene=GPR82
55	62	6257	6264	100.000	8	14.7	80	Exon_02|rel=4532-4878|len=347	NC_006088.5:113184680-113191557|strand=-|gene=GPR82
84	96	6276	6288	84.615	13	14.7	80	Exon_02|rel=4532-4878|len=347	NC_006088.5:113184680-113191557|strand=-|gene=GPR82
125	132	6475	6482	100.000	8	14.7	80	Exon_02|rel=4532-4878|len=347	NC_006088.5:113184680-113191557|strand=-|gene=GPR82
330	337	6522	6529	100.000	8	14.7	80	Exon_02|rel=4532-4878|len=347	NC_006088.5:113184680-113191557|strand=-|gene=GPR82
252	259	6539	6546	100.000	8	14.7	80	Exon_02|rel=4532-4878|len=347	NC_006088.5:113184680-113191557|strand=-|gene=GPR82
27	34	6627	6620	100.000	8	14.7	80	Exon_02|rel=4532-4878|len=347	NC_006088.5:113184680-113191557|strand=-|gene=GPR82
293	300	6859	6866	100.000	8	14.7	80	Exon_02|rel=4532-4878|len=347	NC_006088.5:113184680-113191557|strand=-|gene=GPR82
