1	221	2001	2221	100.000	221	331	2.08e-94	Exon_01|rel=2001-2221|len=221	NC_006114.5:7779436-7784966|strand=+|gene=HSD17B1
114	179	133	73	71.429	70	28.8	0.004	Exon_01|rel=2001-2221|len=221	NC_006114.5:7779436-7784966|strand=+|gene=HSD17B1
148	203	4288	4354	70.588	68	27.4	0.010	Exon_01|rel=2001-2221|len=221	NC_006114.5:7779436-7784966|strand=+|gene=HSD17B1
107	185	1876	1961	67.778	90	26.6	0.010	Exon_01|rel=2001-2221|len=221	NC_006114.5:7779436-7784966|strand=+|gene=HSD17B1
147	164	3497	3481	94.444	18	25.1	0.029	Exon_01|rel=2001-2221|len=221	NC_006114.5:7779436-7784966|strand=+|gene=HSD17B1
150	206	837	782	70.492	61	24.4	0.082	Exon_01|rel=2001-2221|len=221	NC_006114.5:7779436-7784966|strand=+|gene=HSD17B1
153	200	4074	4125	72.222	54	24.4	0.082	Exon_01|rel=2001-2221|len=221	NC_006114.5:7779436-7784966|strand=+|gene=HSD17B1
40	61	3721	3741	86.364	22	23.6	0.082	Exon_01|rel=2001-2221|len=221	NC_006114.5:7779436-7784966|strand=+|gene=HSD17B1
163	211	4105	4159	69.492	59	23.6	0.082	Exon_01|rel=2001-2221|len=221	NC_006114.5:7779436-7784966|strand=+|gene=HSD17B1
138	211	4161	4238	69.412	85	23.6	0.082	Exon_01|rel=2001-2221|len=221	NC_006114.5:7779436-7784966|strand=+|gene=HSD17B1
169	184	1573	1588	93.750	16	22.9	0.23	Exon_01|rel=2001-2221|len=221	NC_006114.5:7779436-7784966|strand=+|gene=HSD17B1
106	181	3839	3915	67.089	79	22.9	0.23	Exon_01|rel=2001-2221|len=221	NC_006114.5:7779436-7784966|strand=+|gene=HSD17B1
76	95	2962	2946	85.000	20	22.2	0.23	Exon_01|rel=2001-2221|len=221	NC_006114.5:7779436-7784966|strand=+|gene=HSD17B1
151	210	4149	4213	68.657	67	22.2	0.23	Exon_01|rel=2001-2221|len=221	NC_006114.5:7779436-7784966|strand=+|gene=HSD17B1
161	188	4214	4187	79.310	29	22.2	0.23	Exon_01|rel=2001-2221|len=221	NC_006114.5:7779436-7784966|strand=+|gene=HSD17B1
74	128	4340	4287	71.186	59	22.2	0.23	Exon_01|rel=2001-2221|len=221	NC_006114.5:7779436-7784966|strand=+|gene=HSD17B1
152	208	5424	5471	70.175	57	22.2	0.23	Exon_01|rel=2001-2221|len=221	NC_006114.5:7779436-7784966|strand=+|gene=HSD17B1
182	211	602	570	76.471	34	21.4	0.64	Exon_01|rel=2001-2221|len=221	NC_006114.5:7779436-7784966|strand=+|gene=HSD17B1
177	201	747	774	78.571	28	21.4	0.64	Exon_01|rel=2001-2221|len=221	NC_006114.5:7779436-7784966|strand=+|gene=HSD17B1
58	95	1076	1039	73.171	41	21.4	0.64	Exon_01|rel=2001-2221|len=221	NC_006114.5:7779436-7784966|strand=+|gene=HSD17B1
3	30	1099	1122	78.571	28	20.7	0.64	Exon_01|rel=2001-2221|len=221	NC_006114.5:7779436-7784966|strand=+|gene=HSD17B1
77	98	2800	2821	81.818	22	20.7	0.64	Exon_01|rel=2001-2221|len=221	NC_006114.5:7779436-7784966|strand=+|gene=HSD17B1
162	203	3841	3882	72.727	44	20.7	0.64	Exon_01|rel=2001-2221|len=221	NC_006114.5:7779436-7784966|strand=+|gene=HSD17B1
75	101	4635	4661	77.778	27	20.7	0.64	Exon_01|rel=2001-2221|len=221	NC_006114.5:7779436-7784966|strand=+|gene=HSD17B1
34	50	2662	2677	88.235	17	19.9	1.8	Exon_01|rel=2001-2221|len=221	NC_006114.5:7779436-7784966|strand=+|gene=HSD17B1
121	207	3075	3151	67.045	88	19.9	1.8	Exon_01|rel=2001-2221|len=221	NC_006114.5:7779436-7784966|strand=+|gene=HSD17B1
148	209	125	181	67.188	64	19.2	1.8	Exon_01|rel=2001-2221|len=221	NC_006114.5:7779436-7784966|strand=+|gene=HSD17B1
55	65	890	880	100.000	11	19.2	1.8	Exon_01|rel=2001-2221|len=221	NC_006114.5:7779436-7784966|strand=+|gene=HSD17B1
79	107	1937	1909	75.000	32	19.2	1.8	Exon_01|rel=2001-2221|len=221	NC_006114.5:7779436-7784966|strand=+|gene=HSD17B1
21	56	3979	3944	72.973	37	19.2	1.8	Exon_01|rel=2001-2221|len=221	NC_006114.5:7779436-7784966|strand=+|gene=HSD17B1
162	193	4004	4032	72.727	33	19.2	1.8	Exon_01|rel=2001-2221|len=221	NC_006114.5:7779436-7784966|strand=+|gene=HSD17B1
77	96	392	372	80.952	21	18.4	5.1	Exon_01|rel=2001-2221|len=221	NC_006114.5:7779436-7784966|strand=+|gene=HSD17B1
169	184	436	450	87.500	16	18.4	5.1	Exon_01|rel=2001-2221|len=221	NC_006114.5:7779436-7784966|strand=+|gene=HSD17B1
114	128	523	538	87.500	16	18.4	5.1	Exon_01|rel=2001-2221|len=221	NC_006114.5:7779436-7784966|strand=+|gene=HSD17B1
170	182	1046	1058	92.308	13	18.4	5.1	Exon_01|rel=2001-2221|len=221	NC_006114.5:7779436-7784966|strand=+|gene=HSD17B1
197	209	1662	1650	92.308	13	18.4	5.1	Exon_01|rel=2001-2221|len=221	NC_006114.5:7779436-7784966|strand=+|gene=HSD17B1
26	47	2458	2435	79.167	24	18.4	5.1	Exon_01|rel=2001-2221|len=221	NC_006114.5:7779436-7784966|strand=+|gene=HSD17B1
75	87	3285	3273	92.308	13	18.4	5.1	Exon_01|rel=2001-2221|len=221	NC_006114.5:7779436-7784966|strand=+|gene=HSD17B1
139	197	3807	3862	66.667	66	18.4	5.1	Exon_01|rel=2001-2221|len=221	NC_006114.5:7779436-7784966|strand=+|gene=HSD17B1
74	89	4189	4203	87.500	16	18.4	5.1	Exon_01|rel=2001-2221|len=221	NC_006114.5:7779436-7784966|strand=+|gene=HSD17B1
49	64	4600	4614	87.500	16	18.4	5.1	Exon_01|rel=2001-2221|len=221	NC_006114.5:7779436-7784966|strand=+|gene=HSD17B1
132	166	4840	4874	71.795	39	18.4	5.1	Exon_01|rel=2001-2221|len=221	NC_006114.5:7779436-7784966|strand=+|gene=HSD17B1
115	130	5463	5477	87.500	16	18.4	5.1	Exon_01|rel=2001-2221|len=221	NC_006114.5:7779436-7784966|strand=+|gene=HSD17B1
204	213	71	80	100.000	10	17.7	5.1	Exon_01|rel=2001-2221|len=221	NC_006114.5:7779436-7784966|strand=+|gene=HSD17B1
155	167	401	390	92.308	13	17.7	5.1	Exon_01|rel=2001-2221|len=221	NC_006114.5:7779436-7784966|strand=+|gene=HSD17B1
56	65	709	700	100.000	10	17.7	5.1	Exon_01|rel=2001-2221|len=221	NC_006114.5:7779436-7784966|strand=+|gene=HSD17B1
92	121	919	890	73.333	30	17.7	5.1	Exon_01|rel=2001-2221|len=221	NC_006114.5:7779436-7784966|strand=+|gene=HSD17B1
165	182	1036	1052	83.333	18	17.7	5.1	Exon_01|rel=2001-2221|len=221	NC_006114.5:7779436-7784966|strand=+|gene=HSD17B1
26	35	1810	1801	100.000	10	17.7	5.1	Exon_01|rel=2001-2221|len=221	NC_006114.5:7779436-7784966|strand=+|gene=HSD17B1
109	118	3794	3785	100.000	10	17.7	5.1	Exon_01|rel=2001-2221|len=221	NC_006114.5:7779436-7784966|strand=+|gene=HSD17B1
79	88	3805	3796	100.000	10	17.7	5.1	Exon_01|rel=2001-2221|len=221	NC_006114.5:7779436-7784966|strand=+|gene=HSD17B1
114	131	4393	4412	80.952	21	17.7	5.1	Exon_01|rel=2001-2221|len=221	NC_006114.5:7779436-7784966|strand=+|gene=HSD17B1
43	60	5276	5262	83.333	18	17.7	5.1	Exon_01|rel=2001-2221|len=221	NC_006114.5:7779436-7784966|strand=+|gene=HSD17B1
116	125	5454	5463	100.000	10	17.7	5.1	Exon_01|rel=2001-2221|len=221	NC_006114.5:7779436-7784966|strand=+|gene=HSD17B1
171	190	33	15	80.000	20	17.0	14	Exon_01|rel=2001-2221|len=221	NC_006114.5:7779436-7784966|strand=+|gene=HSD17B1
23	36	78	64	86.667	15	17.0	14	Exon_01|rel=2001-2221|len=221	NC_006114.5:7779436-7784966|strand=+|gene=HSD17B1
134	173	368	407	69.767	43	17.0	14	Exon_01|rel=2001-2221|len=221	NC_006114.5:7779436-7784966|strand=+|gene=HSD17B1
163	179	376	392	82.353	17	17.0	14	Exon_01|rel=2001-2221|len=221	NC_006114.5:7779436-7784966|strand=+|gene=HSD17B1
200	213	559	545	86.667	15	17.0	14	Exon_01|rel=2001-2221|len=221	NC_006114.5:7779436-7784966|strand=+|gene=HSD17B1
178	191	1039	1053	86.667	15	17.0	14	Exon_01|rel=2001-2221|len=221	NC_006114.5:7779436-7784966|strand=+|gene=HSD17B1
120	131	1095	1106	91.667	12	17.0	14	Exon_01|rel=2001-2221|len=221	NC_006114.5:7779436-7784966|strand=+|gene=HSD17B1
154	175	1141	1120	77.273	22	17.0	14	Exon_01|rel=2001-2221|len=221	NC_006114.5:7779436-7784966|strand=+|gene=HSD17B1
181	192	2084	2073	91.667	12	17.0	14	Exon_01|rel=2001-2221|len=221	NC_006114.5:7779436-7784966|strand=+|gene=HSD17B1
73	84	2192	2181	91.667	12	17.0	14	Exon_01|rel=2001-2221|len=221	NC_006114.5:7779436-7784966|strand=+|gene=HSD17B1
55	66	2592	2581	91.667	12	17.0	14	Exon_01|rel=2001-2221|len=221	NC_006114.5:7779436-7784966|strand=+|gene=HSD17B1
94	120	3204	3182	74.074	27	17.0	14	Exon_01|rel=2001-2221|len=221	NC_006114.5:7779436-7784966|strand=+|gene=HSD17B1
175	198	3798	3818	75.000	24	17.0	14	Exon_01|rel=2001-2221|len=221	NC_006114.5:7779436-7784966|strand=+|gene=HSD17B1
116	127	4102	4113	91.667	12	17.0	14	Exon_01|rel=2001-2221|len=221	NC_006114.5:7779436-7784966|strand=+|gene=HSD17B1
152	171	4211	4190	77.273	22	17.0	14	Exon_01|rel=2001-2221|len=221	NC_006114.5:7779436-7784966|strand=+|gene=HSD17B1
169	182	4504	4518	86.667	15	17.0	14	Exon_01|rel=2001-2221|len=221	NC_006114.5:7779436-7784966|strand=+|gene=HSD17B1
203	217	4810	4797	86.667	15	17.0	14	Exon_01|rel=2001-2221|len=221	NC_006114.5:7779436-7784966|strand=+|gene=HSD17B1
5	19	4985	4998	86.667	15	17.0	14	Exon_01|rel=2001-2221|len=221	NC_006114.5:7779436-7784966|strand=+|gene=HSD17B1
94	127	142	173	72.222	36	16.2	14	Exon_01|rel=2001-2221|len=221	NC_006114.5:7779436-7784966|strand=+|gene=HSD17B1
22	65	488	439	68.627	51	16.2	14	Exon_01|rel=2001-2221|len=221	NC_006114.5:7779436-7784966|strand=+|gene=HSD17B1
152	177	675	705	70.968	31	16.2	14	Exon_01|rel=2001-2221|len=221	NC_006114.5:7779436-7784966|strand=+|gene=HSD17B1
202	210	813	821	100.000	9	16.2	14	Exon_01|rel=2001-2221|len=221	NC_006114.5:7779436-7784966|strand=+|gene=HSD17B1
77	95	886	868	78.947	19	16.2	14	Exon_01|rel=2001-2221|len=221	NC_006114.5:7779436-7784966|strand=+|gene=HSD17B1
1	9	1160	1168	100.000	9	16.2	14	Exon_01|rel=2001-2221|len=221	NC_006114.5:7779436-7784966|strand=+|gene=HSD17B1
197	213	1502	1517	82.353	17	16.2	14	Exon_01|rel=2001-2221|len=221	NC_006114.5:7779436-7784966|strand=+|gene=HSD17B1
55	65	1513	1502	91.667	12	16.2	14	Exon_01|rel=2001-2221|len=221	NC_006114.5:7779436-7784966|strand=+|gene=HSD17B1
77	90	2488	2501	85.714	14	16.2	14	Exon_01|rel=2001-2221|len=221	NC_006114.5:7779436-7784966|strand=+|gene=HSD17B1
167	177	2576	2587	91.667	12	16.2	14	Exon_01|rel=2001-2221|len=221	NC_006114.5:7779436-7784966|strand=+|gene=HSD17B1
80	88	2585	2577	100.000	9	16.2	14	Exon_01|rel=2001-2221|len=221	NC_006114.5:7779436-7784966|strand=+|gene=HSD17B1
116	124	2751	2743	100.000	9	16.2	14	Exon_01|rel=2001-2221|len=221	NC_006114.5:7779436-7784966|strand=+|gene=HSD17B1
106	157	3952	3903	67.273	55	16.2	14	Exon_01|rel=2001-2221|len=221	NC_006114.5:7779436-7784966|strand=+|gene=HSD17B1
115	128	4054	4041	85.714	14	16.2	14	Exon_01|rel=2001-2221|len=221	NC_006114.5:7779436-7784966|strand=+|gene=HSD17B1
203	211	4164	4172	100.000	9	16.2	14	Exon_01|rel=2001-2221|len=221	NC_006114.5:7779436-7784966|strand=+|gene=HSD17B1
119	133	4374	4386	86.667	15	16.2	14	Exon_01|rel=2001-2221|len=221	NC_006114.5:7779436-7784966|strand=+|gene=HSD17B1
1	14	4626	4613	85.714	14	16.2	14	Exon_01|rel=2001-2221|len=221	NC_006114.5:7779436-7784966|strand=+|gene=HSD17B1
139	178	5136	5098	69.048	42	16.2	14	Exon_01|rel=2001-2221|len=221	NC_006114.5:7779436-7784966|strand=+|gene=HSD17B1
124	137	5118	5131	85.714	14	16.2	14	Exon_01|rel=2001-2221|len=221	NC_006114.5:7779436-7784966|strand=+|gene=HSD17B1
143	158	5143	5159	82.353	17	16.2	14	Exon_01|rel=2001-2221|len=221	NC_006114.5:7779436-7784966|strand=+|gene=HSD17B1
90	110	5339	5318	77.273	22	16.2	14	Exon_01|rel=2001-2221|len=221	NC_006114.5:7779436-7784966|strand=+|gene=HSD17B1
208	218	149	159	90.909	11	15.5	40	Exon_01|rel=2001-2221|len=221	NC_006114.5:7779436-7784966|strand=+|gene=HSD17B1
138	166	162	187	72.414	29	15.5	40	Exon_01|rel=2001-2221|len=221	NC_006114.5:7779436-7784966|strand=+|gene=HSD17B1
203	213	260	250	90.909	11	15.5	40	Exon_01|rel=2001-2221|len=221	NC_006114.5:7779436-7784966|strand=+|gene=HSD17B1
170	182	376	389	85.714	14	15.5	40	Exon_01|rel=2001-2221|len=221	NC_006114.5:7779436-7784966|strand=+|gene=HSD17B1
148	165	530	512	78.947	19	15.5	40	Exon_01|rel=2001-2221|len=221	NC_006114.5:7779436-7784966|strand=+|gene=HSD17B1
166	181	604	589	81.250	16	15.5	40	Exon_01|rel=2001-2221|len=221	NC_006114.5:7779436-7784966|strand=+|gene=HSD17B1
169	179	715	705	90.909	11	15.5	40	Exon_01|rel=2001-2221|len=221	NC_006114.5:7779436-7784966|strand=+|gene=HSD17B1
87	97	888	878	90.909	11	15.5	40	Exon_01|rel=2001-2221|len=221	NC_006114.5:7779436-7784966|strand=+|gene=HSD17B1
55	65	999	1009	90.909	11	15.5	40	Exon_01|rel=2001-2221|len=221	NC_006114.5:7779436-7784966|strand=+|gene=HSD17B1
203	218	1123	1110	81.250	16	15.5	40	Exon_01|rel=2001-2221|len=221	NC_006114.5:7779436-7784966|strand=+|gene=HSD17B1
120	130	1999	2009	90.909	11	15.5	40	Exon_01|rel=2001-2221|len=221	NC_006114.5:7779436-7784966|strand=+|gene=HSD17B1
87	104	2873	2891	78.947	19	15.5	40	Exon_01|rel=2001-2221|len=221	NC_006114.5:7779436-7784966|strand=+|gene=HSD17B1
194	204	3401	3411	90.909	11	15.5	40	Exon_01|rel=2001-2221|len=221	NC_006114.5:7779436-7784966|strand=+|gene=HSD17B1
78	121	3697	3732	70.455	44	15.5	40	Exon_01|rel=2001-2221|len=221	NC_006114.5:7779436-7784966|strand=+|gene=HSD17B1
77	87	3918	3908	90.909	11	15.5	40	Exon_01|rel=2001-2221|len=221	NC_006114.5:7779436-7784966|strand=+|gene=HSD17B1
154	207	3967	4027	66.154	65	15.5	40	Exon_01|rel=2001-2221|len=221	NC_006114.5:7779436-7784966|strand=+|gene=HSD17B1
114	124	4195	4185	90.909	11	15.5	40	Exon_01|rel=2001-2221|len=221	NC_006114.5:7779436-7784966|strand=+|gene=HSD17B1
20	30	4241	4231	90.909	11	15.5	40	Exon_01|rel=2001-2221|len=221	NC_006114.5:7779436-7784966|strand=+|gene=HSD17B1
1	34	4555	4581	71.429	35	15.5	40	Exon_01|rel=2001-2221|len=221	NC_006114.5:7779436-7784966|strand=+|gene=HSD17B1
43	58	4645	4630	82.353	17	15.5	40	Exon_01|rel=2001-2221|len=221	NC_006114.5:7779436-7784966|strand=+|gene=HSD17B1
132	145	4656	4668	85.714	14	15.5	40	Exon_01|rel=2001-2221|len=221	NC_006114.5:7779436-7784966|strand=+|gene=HSD17B1
5	20	5066	5081	81.250	16	15.5	40	Exon_01|rel=2001-2221|len=221	NC_006114.5:7779436-7784966|strand=+|gene=HSD17B1
193	200	150	143	100.000	8	14.7	40	Exon_01|rel=2001-2221|len=221	NC_006114.5:7779436-7784966|strand=+|gene=HSD17B1
85	92	240	247	100.000	8	14.7	40	Exon_01|rel=2001-2221|len=221	NC_006114.5:7779436-7784966|strand=+|gene=HSD17B1
191	198	288	295	100.000	8	14.7	40	Exon_01|rel=2001-2221|len=221	NC_006114.5:7779436-7784966|strand=+|gene=HSD17B1
116	123	570	577	100.000	8	14.7	40	Exon_01|rel=2001-2221|len=221	NC_006114.5:7779436-7784966|strand=+|gene=HSD17B1
115	122	751	758	100.000	8	14.7	40	Exon_01|rel=2001-2221|len=221	NC_006114.5:7779436-7784966|strand=+|gene=HSD17B1
199	206	990	997	100.000	8	14.7	40	Exon_01|rel=2001-2221|len=221	NC_006114.5:7779436-7784966|strand=+|gene=HSD17B1
124	131	1162	1169	100.000	8	14.7	40	Exon_01|rel=2001-2221|len=221	NC_006114.5:7779436-7784966|strand=+|gene=HSD17B1
60	67	1487	1494	100.000	8	14.7	40	Exon_01|rel=2001-2221|len=221	NC_006114.5:7779436-7784966|strand=+|gene=HSD17B1
82	89	1495	1502	100.000	8	14.7	40	Exon_01|rel=2001-2221|len=221	NC_006114.5:7779436-7784966|strand=+|gene=HSD17B1
140	147	1755	1748	100.000	8	14.7	40	Exon_01|rel=2001-2221|len=221	NC_006114.5:7779436-7784966|strand=+|gene=HSD17B1
56	63	1798	1791	100.000	8	14.7	40	Exon_01|rel=2001-2221|len=221	NC_006114.5:7779436-7784966|strand=+|gene=HSD17B1
153	160	1861	1854	100.000	8	14.7	40	Exon_01|rel=2001-2221|len=221	NC_006114.5:7779436-7784966|strand=+|gene=HSD17B1
45	52	1884	1891	100.000	8	14.7	40	Exon_01|rel=2001-2221|len=221	NC_006114.5:7779436-7784966|strand=+|gene=HSD17B1
204	211	2030	2023	100.000	8	14.7	40	Exon_01|rel=2001-2221|len=221	NC_006114.5:7779436-7784966|strand=+|gene=HSD17B1
23	30	2211	2204	100.000	8	14.7	40	Exon_01|rel=2001-2221|len=221	NC_006114.5:7779436-7784966|strand=+|gene=HSD17B1
90	97	2334	2327	100.000	8	14.7	40	Exon_01|rel=2001-2221|len=221	NC_006114.5:7779436-7784966|strand=+|gene=HSD17B1
202	209	2348	2355	100.000	8	14.7	40	Exon_01|rel=2001-2221|len=221	NC_006114.5:7779436-7784966|strand=+|gene=HSD17B1
175	182	2579	2586	100.000	8	14.7	40	Exon_01|rel=2001-2221|len=221	NC_006114.5:7779436-7784966|strand=+|gene=HSD17B1
23	30	2778	2771	100.000	8	14.7	40	Exon_01|rel=2001-2221|len=221	NC_006114.5:7779436-7784966|strand=+|gene=HSD17B1
204	211	2771	2778	100.000	8	14.7	40	Exon_01|rel=2001-2221|len=221	NC_006114.5:7779436-7784966|strand=+|gene=HSD17B1
80	87	2864	2857	100.000	8	14.7	40	Exon_01|rel=2001-2221|len=221	NC_006114.5:7779436-7784966|strand=+|gene=HSD17B1
36	43	2926	2919	100.000	8	14.7	40	Exon_01|rel=2001-2221|len=221	NC_006114.5:7779436-7784966|strand=+|gene=HSD17B1
5	19	2948	2963	81.250	16	14.7	40	Exon_01|rel=2001-2221|len=221	NC_006114.5:7779436-7784966|strand=+|gene=HSD17B1
135	142	3028	3035	100.000	8	14.7	40	Exon_01|rel=2001-2221|len=221	NC_006114.5:7779436-7784966|strand=+|gene=HSD17B1
87	94	3042	3049	100.000	8	14.7	40	Exon_01|rel=2001-2221|len=221	NC_006114.5:7779436-7784966|strand=+|gene=HSD17B1
199	206	3071	3078	100.000	8	14.7	40	Exon_01|rel=2001-2221|len=221	NC_006114.5:7779436-7784966|strand=+|gene=HSD17B1
206	213	3155	3148	100.000	8	14.7	40	Exon_01|rel=2001-2221|len=221	NC_006114.5:7779436-7784966|strand=+|gene=HSD17B1
76	83	3286	3293	100.000	8	14.7	40	Exon_01|rel=2001-2221|len=221	NC_006114.5:7779436-7784966|strand=+|gene=HSD17B1
116	123	3310	3317	100.000	8	14.7	40	Exon_01|rel=2001-2221|len=221	NC_006114.5:7779436-7784966|strand=+|gene=HSD17B1
117	124	3586	3579	100.000	8	14.7	40	Exon_01|rel=2001-2221|len=221	NC_006114.5:7779436-7784966|strand=+|gene=HSD17B1
113	125	4085	4097	84.615	13	14.7	40	Exon_01|rel=2001-2221|len=221	NC_006114.5:7779436-7784966|strand=+|gene=HSD17B1
41	48	4113	4120	100.000	8	14.7	40	Exon_01|rel=2001-2221|len=221	NC_006114.5:7779436-7784966|strand=+|gene=HSD17B1
23	30	4159	4152	100.000	8	14.7	40	Exon_01|rel=2001-2221|len=221	NC_006114.5:7779436-7784966|strand=+|gene=HSD17B1
23	30	4172	4165	100.000	8	14.7	40	Exon_01|rel=2001-2221|len=221	NC_006114.5:7779436-7784966|strand=+|gene=HSD17B1
37	44	4322	4329	100.000	8	14.7	40	Exon_01|rel=2001-2221|len=221	NC_006114.5:7779436-7784966|strand=+|gene=HSD17B1
60	67	5210	5203	100.000	8	14.7	40	Exon_01|rel=2001-2221|len=221	NC_006114.5:7779436-7784966|strand=+|gene=HSD17B1
79	86	5252	5259	100.000	8	14.7	40	Exon_01|rel=2001-2221|len=221	NC_006114.5:7779436-7784966|strand=+|gene=HSD17B1
174	181	5260	5253	100.000	8	14.7	40	Exon_01|rel=2001-2221|len=221	NC_006114.5:7779436-7784966|strand=+|gene=HSD17B1
1	549	2289	2837	100.000	549	818	0.0	Exon_02|rel=2289-2837|len=549	NC_006114.5:7779436-7784966|strand=+|gene=HSD17B1
14	156	4070	4195	65.563	151	33.3	4.53e-04	Exon_02|rel=2289-2837|len=549	NC_006114.5:7779436-7784966|strand=+|gene=HSD17B1
78	126	3180	3134	76.471	51	31.1	0.001	Exon_02|rel=2289-2837|len=549	NC_006114.5:7779436-7784966|strand=+|gene=HSD17B1
35	135	538	624	66.355	107	29.6	0.004	Exon_02|rel=2289-2837|len=549	NC_006114.5:7779436-7784966|strand=+|gene=HSD17B1
101	135	959	918	76.190	42	27.4	0.028	Exon_02|rel=2289-2837|len=549	NC_006114.5:7779436-7784966|strand=+|gene=HSD17B1
55	110	3882	3939	71.667	60	27.4	0.028	Exon_02|rel=2289-2837|len=549	NC_006114.5:7779436-7784966|strand=+|gene=HSD17B1
46	135	3115	3197	67.391	92	25.9	0.078	Exon_02|rel=2289-2837|len=549	NC_006114.5:7779436-7784966|strand=+|gene=HSD17B1
28	72	4634	4599	71.111	45	25.1	0.078	Exon_02|rel=2289-2837|len=549	NC_006114.5:7779436-7784966|strand=+|gene=HSD17B1
91	153	3334	3390	69.841	63	24.4	0.22	Exon_02|rel=2289-2837|len=549	NC_006114.5:7779436-7784966|strand=+|gene=HSD17B1
83	169	4173	4260	68.085	94	24.4	0.22	Exon_02|rel=2289-2837|len=549	NC_006114.5:7779436-7784966|strand=+|gene=HSD17B1
513	548	2592	2628	76.316	38	23.6	0.22	Exon_02|rel=2289-2837|len=549	NC_006114.5:7779436-7784966|strand=+|gene=HSD17B1
304	340	2801	2836	76.316	38	23.6	0.22	Exon_02|rel=2289-2837|len=549	NC_006114.5:7779436-7784966|strand=+|gene=HSD17B1
251	278	3006	3030	79.310	29	22.9	0.61	Exon_02|rel=2289-2837|len=549	NC_006114.5:7779436-7784966|strand=+|gene=HSD17B1
486	543	4344	4285	70.312	64	22.9	0.61	Exon_02|rel=2289-2837|len=549	NC_006114.5:7779436-7784966|strand=+|gene=HSD17B1
13	61	4312	4351	71.429	49	22.9	0.61	Exon_02|rel=2289-2837|len=549	NC_006114.5:7779436-7784966|strand=+|gene=HSD17B1
181	260	2324	2246	68.235	85	22.2	0.61	Exon_02|rel=2289-2837|len=549	NC_006114.5:7779436-7784966|strand=+|gene=HSD17B1
84	146	3670	3725	68.657	67	22.2	0.61	Exon_02|rel=2289-2837|len=549	NC_006114.5:7779436-7784966|strand=+|gene=HSD17B1
105	249	3983	4126	63.804	163	22.2	0.61	Exon_02|rel=2289-2837|len=549	NC_006114.5:7779436-7784966|strand=+|gene=HSD17B1
270	282	5011	4999	100.000	13	22.2	0.61	Exon_02|rel=2289-2837|len=549	NC_006114.5:7779436-7784966|strand=+|gene=HSD17B1
190	207	5242	5257	88.889	18	22.2	0.61	Exon_02|rel=2289-2837|len=549	NC_006114.5:7779436-7784966|strand=+|gene=HSD17B1
78	96	854	875	81.818	22	21.4	1.7	Exon_02|rel=2289-2837|len=549	NC_006114.5:7779436-7784966|strand=+|gene=HSD17B1
182	201	3485	3466	85.000	20	21.4	1.7	Exon_02|rel=2289-2837|len=549	NC_006114.5:7779436-7784966|strand=+|gene=HSD17B1
44	86	4590	4629	72.727	44	21.4	1.7	Exon_02|rel=2289-2837|len=549	NC_006114.5:7779436-7784966|strand=+|gene=HSD17B1
321	337	32	16	88.235	17	20.7	1.7	Exon_02|rel=2289-2837|len=549	NC_006114.5:7779436-7784966|strand=+|gene=HSD17B1
105	134	790	818	77.419	31	20.7	1.7	Exon_02|rel=2289-2837|len=549	NC_006114.5:7779436-7784966|strand=+|gene=HSD17B1
55	83	1537	1563	75.000	32	20.7	1.7	Exon_02|rel=2289-2837|len=549	NC_006114.5:7779436-7784966|strand=+|gene=HSD17B1
512	533	2077	2098	81.818	22	20.7	1.7	Exon_02|rel=2289-2837|len=549	NC_006114.5:7779436-7784966|strand=+|gene=HSD17B1
455	504	5462	5421	69.231	52	20.7	1.7	Exon_02|rel=2289-2837|len=549	NC_006114.5:7779436-7784966|strand=+|gene=HSD17B1
78	93	821	837	88.235	17	19.9	4.8	Exon_02|rel=2289-2837|len=549	NC_006114.5:7779436-7784966|strand=+|gene=HSD17B1
143	216	1452	1539	67.045	88	19.9	4.8	Exon_02|rel=2289-2837|len=549	NC_006114.5:7779436-7784966|strand=+|gene=HSD17B1
84	121	2003	1969	74.359	39	19.9	4.8	Exon_02|rel=2289-2837|len=549	NC_006114.5:7779436-7784966|strand=+|gene=HSD17B1
234	249	2337	2353	88.235	17	19.9	4.8	Exon_02|rel=2289-2837|len=549	NC_006114.5:7779436-7784966|strand=+|gene=HSD17B1
49	65	2522	2537	88.235	17	19.9	4.8	Exon_02|rel=2289-2837|len=549	NC_006114.5:7779436-7784966|strand=+|gene=HSD17B1
172	188	4384	4366	84.211	19	19.9	4.8	Exon_02|rel=2289-2837|len=549	NC_006114.5:7779436-7784966|strand=+|gene=HSD17B1
478	503	5237	5261	77.778	27	19.9	4.8	Exon_02|rel=2289-2837|len=549	NC_006114.5:7779436-7784966|strand=+|gene=HSD17B1
456	471	180	165	87.500	16	19.2	4.8	Exon_02|rel=2289-2837|len=549	NC_006114.5:7779436-7784966|strand=+|gene=HSD17B1
76	98	536	559	80.000	25	19.2	4.8	Exon_02|rel=2289-2837|len=549	NC_006114.5:7779436-7784966|strand=+|gene=HSD17B1
224	259	1377	1343	71.795	39	19.2	4.8	Exon_02|rel=2289-2837|len=549	NC_006114.5:7779436-7784966|strand=+|gene=HSD17B1
80	90	1449	1459	100.000	11	19.2	4.8	Exon_02|rel=2289-2837|len=549	NC_006114.5:7779436-7784966|strand=+|gene=HSD17B1
396	406	3055	3045	100.000	11	19.2	4.8	Exon_02|rel=2289-2837|len=549	NC_006114.5:7779436-7784966|strand=+|gene=HSD17B1
137	156	3118	3139	81.818	22	19.2	4.8	Exon_02|rel=2289-2837|len=549	NC_006114.5:7779436-7784966|strand=+|gene=HSD17B1
245	258	3900	3912	92.857	14	19.2	4.8	Exon_02|rel=2289-2837|len=549	NC_006114.5:7779436-7784966|strand=+|gene=HSD17B1
39	64	4315	4338	76.923	26	19.2	4.8	Exon_02|rel=2289-2837|len=549	NC_006114.5:7779436-7784966|strand=+|gene=HSD17B1
77	87	4356	4366	100.000	11	19.2	4.8	Exon_02|rel=2289-2837|len=549	NC_006114.5:7779436-7784966|strand=+|gene=HSD17B1
232	256	4618	4592	77.778	27	19.2	4.8	Exon_02|rel=2289-2837|len=549	NC_006114.5:7779436-7784966|strand=+|gene=HSD17B1
24	44	4609	4629	80.952	21	19.2	4.8	Exon_02|rel=2289-2837|len=549	NC_006114.5:7779436-7784966|strand=+|gene=HSD17B1
242	252	4614	4624	100.000	11	19.2	4.8	Exon_02|rel=2289-2837|len=549	NC_006114.5:7779436-7784966|strand=+|gene=HSD17B1
80	90	5166	5176	100.000	11	19.2	4.8	Exon_02|rel=2289-2837|len=549	NC_006114.5:7779436-7784966|strand=+|gene=HSD17B1
48	65	94	77	83.333	18	18.4	13	Exon_02|rel=2289-2837|len=549	NC_006114.5:7779436-7784966|strand=+|gene=HSD17B1
290	305	381	395	87.500	16	18.4	13	Exon_02|rel=2289-2837|len=549	NC_006114.5:7779436-7784966|strand=+|gene=HSD17B1
62	84	1493	1511	78.261	23	18.4	13	Exon_02|rel=2289-2837|len=549	NC_006114.5:7779436-7784966|strand=+|gene=HSD17B1
321	333	1949	1961	92.308	13	18.4	13	Exon_02|rel=2289-2837|len=549	NC_006114.5:7779436-7784966|strand=+|gene=HSD17B1
119	157	2276	2233	69.565	46	18.4	13	Exon_02|rel=2289-2837|len=549	NC_006114.5:7779436-7784966|strand=+|gene=HSD17B1
525	540	2367	2353	87.500	16	18.4	13	Exon_02|rel=2289-2837|len=549	NC_006114.5:7779436-7784966|strand=+|gene=HSD17B1
65	79	2828	2813	87.500	16	18.4	13	Exon_02|rel=2289-2837|len=549	NC_006114.5:7779436-7784966|strand=+|gene=HSD17B1
189	201	2896	2908	92.308	13	18.4	13	Exon_02|rel=2289-2837|len=549	NC_006114.5:7779436-7784966|strand=+|gene=HSD17B1
71	83	3607	3619	92.308	13	18.4	13	Exon_02|rel=2289-2837|len=549	NC_006114.5:7779436-7784966|strand=+|gene=HSD17B1
290	313	4226	4246	76.000	25	18.4	13	Exon_02|rel=2289-2837|len=549	NC_006114.5:7779436-7784966|strand=+|gene=HSD17B1
500	521	4587	4564	79.167	24	18.4	13	Exon_02|rel=2289-2837|len=549	NC_006114.5:7779436-7784966|strand=+|gene=HSD17B1
242	274	4648	4683	72.222	36	18.4	13	Exon_02|rel=2289-2837|len=549	NC_006114.5:7779436-7784966|strand=+|gene=HSD17B1
37	57	822	840	80.952	21	17.7	13	Exon_02|rel=2289-2837|len=549	NC_006114.5:7779436-7784966|strand=+|gene=HSD17B1
271	285	1000	1014	86.667	15	17.7	13	Exon_02|rel=2289-2837|len=549	NC_006114.5:7779436-7784966|strand=+|gene=HSD17B1
494	508	1189	1203	86.667	15	17.7	13	Exon_02|rel=2289-2837|len=549	NC_006114.5:7779436-7784966|strand=+|gene=HSD17B1
34	43	2331	2322	100.000	10	17.7	13	Exon_02|rel=2289-2837|len=549	NC_006114.5:7779436-7784966|strand=+|gene=HSD17B1
244	253	2869	2860	100.000	10	17.7	13	Exon_02|rel=2289-2837|len=549	NC_006114.5:7779436-7784966|strand=+|gene=HSD17B1
345	354	3006	2997	100.000	10	17.7	13	Exon_02|rel=2289-2837|len=549	NC_006114.5:7779436-7784966|strand=+|gene=HSD17B1
173	184	3014	3002	92.308	13	17.7	13	Exon_02|rel=2289-2837|len=549	NC_006114.5:7779436-7784966|strand=+|gene=HSD17B1
50	69	3046	3065	80.000	20	17.7	13	Exon_02|rel=2289-2837|len=549	NC_006114.5:7779436-7784966|strand=+|gene=HSD17B1
537	546	3049	3058	100.000	10	17.7	13	Exon_02|rel=2289-2837|len=549	NC_006114.5:7779436-7784966|strand=+|gene=HSD17B1
291	305	3051	3065	86.667	15	17.7	13	Exon_02|rel=2289-2837|len=549	NC_006114.5:7779436-7784966|strand=+|gene=HSD17B1
179	190	3172	3160	92.308	13	17.7	13	Exon_02|rel=2289-2837|len=549	NC_006114.5:7779436-7784966|strand=+|gene=HSD17B1
321	337	3204	3187	83.333	18	17.7	13	Exon_02|rel=2289-2837|len=549	NC_006114.5:7779436-7784966|strand=+|gene=HSD17B1
378	387	3868	3877	100.000	10	17.7	13	Exon_02|rel=2289-2837|len=549	NC_006114.5:7779436-7784966|strand=+|gene=HSD17B1
83	97	3907	3893	86.667	15	17.7	13	Exon_02|rel=2289-2837|len=549	NC_006114.5:7779436-7784966|strand=+|gene=HSD17B1
302	313	4106	4094	92.308	13	17.7	13	Exon_02|rel=2289-2837|len=549	NC_006114.5:7779436-7784966|strand=+|gene=HSD17B1
137	183	4252	4298	69.231	52	17.7	13	Exon_02|rel=2289-2837|len=549	NC_006114.5:7779436-7784966|strand=+|gene=HSD17B1
239	254	4291	4273	84.211	19	17.7	13	Exon_02|rel=2289-2837|len=549	NC_006114.5:7779436-7784966|strand=+|gene=HSD17B1
318	327	4600	4591	100.000	10	17.7	13	Exon_02|rel=2289-2837|len=549	NC_006114.5:7779436-7784966|strand=+|gene=HSD17B1
194	212	4848	4827	77.273	22	17.7	13	Exon_02|rel=2289-2837|len=549	NC_006114.5:7779436-7784966|strand=+|gene=HSD17B1
127	136	4909	4918	100.000	10	17.7	13	Exon_02|rel=2289-2837|len=549	NC_006114.5:7779436-7784966|strand=+|gene=HSD17B1
325	334	5105	5096	100.000	10	17.7	13	Exon_02|rel=2289-2837|len=549	NC_006114.5:7779436-7784966|strand=+|gene=HSD17B1
538	547	5180	5171	100.000	10	17.7	13	Exon_02|rel=2289-2837|len=549	NC_006114.5:7779436-7784966|strand=+|gene=HSD17B1
390	401	330	319	91.667	12	17.0	38	Exon_02|rel=2289-2837|len=549	NC_006114.5:7779436-7784966|strand=+|gene=HSD17B1
143	187	534	491	67.347	49	17.0	38	Exon_02|rel=2289-2837|len=549	NC_006114.5:7779436-7784966|strand=+|gene=HSD17B1
176	187	693	682	91.667	12	17.0	38	Exon_02|rel=2289-2837|len=549	NC_006114.5:7779436-7784966|strand=+|gene=HSD17B1
245	261	2004	1988	82.353	17	17.0	38	Exon_02|rel=2289-2837|len=549	NC_006114.5:7779436-7784966|strand=+|gene=HSD17B1
83	94	1997	2008	91.667	12	17.0	38	Exon_02|rel=2289-2837|len=549	NC_006114.5:7779436-7784966|strand=+|gene=HSD17B1
293	304	2066	2055	91.667	12	17.0	38	Exon_02|rel=2289-2837|len=549	NC_006114.5:7779436-7784966|strand=+|gene=HSD17B1
351	362	2936	2925	91.667	12	17.0	38	Exon_02|rel=2289-2837|len=549	NC_006114.5:7779436-7784966|strand=+|gene=HSD17B1
457	468	3198	3209	91.667	12	17.0	38	Exon_02|rel=2289-2837|len=549	NC_006114.5:7779436-7784966|strand=+|gene=HSD17B1
289	313	3796	3822	74.074	27	17.0	38	Exon_02|rel=2289-2837|len=549	NC_006114.5:7779436-7784966|strand=+|gene=HSD17B1
477	491	4144	4160	82.353	17	17.0	38	Exon_02|rel=2289-2837|len=549	NC_006114.5:7779436-7784966|strand=+|gene=HSD17B1
190	206	4468	4452	82.353	17	17.0	38	Exon_02|rel=2289-2837|len=549	NC_006114.5:7779436-7784966|strand=+|gene=HSD17B1
324	335	4663	4674	91.667	12	17.0	38	Exon_02|rel=2289-2837|len=549	NC_006114.5:7779436-7784966|strand=+|gene=HSD17B1
105	116	4729	4740	91.667	12	17.0	38	Exon_02|rel=2289-2837|len=549	NC_006114.5:7779436-7784966|strand=+|gene=HSD17B1
251	259	35	43	100.000	9	16.2	38	Exon_02|rel=2289-2837|len=549	NC_006114.5:7779436-7784966|strand=+|gene=HSD17B1
457	470	167	154	85.714	14	16.2	38	Exon_02|rel=2289-2837|len=549	NC_006114.5:7779436-7784966|strand=+|gene=HSD17B1
34	42	546	538	100.000	9	16.2	38	Exon_02|rel=2289-2837|len=549	NC_006114.5:7779436-7784966|strand=+|gene=HSD17B1
107	123	610	592	78.947	19	16.2	38	Exon_02|rel=2289-2837|len=549	NC_006114.5:7779436-7784966|strand=+|gene=HSD17B1
18	26	728	736	100.000	9	16.2	38	Exon_02|rel=2289-2837|len=549	NC_006114.5:7779436-7784966|strand=+|gene=HSD17B1
81	89	914	922	100.000	9	16.2	38	Exon_02|rel=2289-2837|len=549	NC_006114.5:7779436-7784966|strand=+|gene=HSD17B1
290	298	1044	1052	100.000	9	16.2	38	Exon_02|rel=2289-2837|len=549	NC_006114.5:7779436-7784966|strand=+|gene=HSD17B1
330	338	1067	1075	100.000	9	16.2	38	Exon_02|rel=2289-2837|len=549	NC_006114.5:7779436-7784966|strand=+|gene=HSD17B1
470	478	1389	1381	100.000	9	16.2	38	Exon_02|rel=2289-2837|len=549	NC_006114.5:7779436-7784966|strand=+|gene=HSD17B1
275	283	1423	1431	100.000	9	16.2	38	Exon_02|rel=2289-2837|len=549	NC_006114.5:7779436-7784966|strand=+|gene=HSD17B1
486	494	1715	1707	100.000	9	16.2	38	Exon_02|rel=2289-2837|len=549	NC_006114.5:7779436-7784966|strand=+|gene=HSD17B1
322	330	1737	1745	100.000	9	16.2	38	Exon_02|rel=2289-2837|len=549	NC_006114.5:7779436-7784966|strand=+|gene=HSD17B1
178	186	1776	1784	100.000	9	16.2	38	Exon_02|rel=2289-2837|len=549	NC_006114.5:7779436-7784966|strand=+|gene=HSD17B1
416	429	1854	1867	85.714	14	16.2	38	Exon_02|rel=2289-2837|len=549	NC_006114.5:7779436-7784966|strand=+|gene=HSD17B1
61	69	1927	1919	100.000	9	16.2	38	Exon_02|rel=2289-2837|len=549	NC_006114.5:7779436-7784966|strand=+|gene=HSD17B1
200	213	2077	2090	85.714	14	16.2	38	Exon_02|rel=2289-2837|len=549	NC_006114.5:7779436-7784966|strand=+|gene=HSD17B1
289	297	2088	2080	100.000	9	16.2	38	Exon_02|rel=2289-2837|len=549	NC_006114.5:7779436-7784966|strand=+|gene=HSD17B1
455	463	2124	2116	100.000	9	16.2	38	Exon_02|rel=2289-2837|len=549	NC_006114.5:7779436-7784966|strand=+|gene=HSD17B1
364	372	2283	2291	100.000	9	16.2	38	Exon_02|rel=2289-2837|len=549	NC_006114.5:7779436-7784966|strand=+|gene=HSD17B1
48	61	3401	3388	85.714	14	16.2	38	Exon_02|rel=2289-2837|len=549	NC_006114.5:7779436-7784966|strand=+|gene=HSD17B1
248	256	3488	3496	100.000	9	16.2	38	Exon_02|rel=2289-2837|len=549	NC_006114.5:7779436-7784966|strand=+|gene=HSD17B1
57	65	3680	3672	100.000	9	16.2	38	Exon_02|rel=2289-2837|len=549	NC_006114.5:7779436-7784966|strand=+|gene=HSD17B1
98	106	3762	3754	100.000	9	16.2	38	Exon_02|rel=2289-2837|len=549	NC_006114.5:7779436-7784966|strand=+|gene=HSD17B1
139	147	3951	3943	100.000	9	16.2	38	Exon_02|rel=2289-2837|len=549	NC_006114.5:7779436-7784966|strand=+|gene=HSD17B1
354	362	3985	3993	100.000	9	16.2	38	Exon_02|rel=2289-2837|len=549	NC_006114.5:7779436-7784966|strand=+|gene=HSD17B1
496	504	4124	4116	100.000	9	16.2	38	Exon_02|rel=2289-2837|len=549	NC_006114.5:7779436-7784966|strand=+|gene=HSD17B1
198	206	4443	4451	100.000	9	16.2	38	Exon_02|rel=2289-2837|len=549	NC_006114.5:7779436-7784966|strand=+|gene=HSD17B1
148	156	4532	4524	100.000	9	16.2	38	Exon_02|rel=2289-2837|len=549	NC_006114.5:7779436-7784966|strand=+|gene=HSD17B1
84	92	4618	4626	100.000	9	16.2	38	Exon_02|rel=2289-2837|len=549	NC_006114.5:7779436-7784966|strand=+|gene=HSD17B1
274	282	4874	4866	100.000	9	16.2	38	Exon_02|rel=2289-2837|len=549	NC_006114.5:7779436-7784966|strand=+|gene=HSD17B1
64	82	5054	5072	78.947	19	16.2	38	Exon_02|rel=2289-2837|len=549	NC_006114.5:7779436-7784966|strand=+|gene=HSD17B1
1	94	2906	2999	100.000	94	142	4.90e-38	Exon_03|rel=2906-2999|len=94	NC_006114.5:7779436-7784966|strand=+|gene=HSD17B1
19	56	1020	1055	76.923	39	25.9	0.011	Exon_03|rel=2906-2999|len=94	NC_006114.5:7779436-7784966|strand=+|gene=HSD17B1
42	77	4984	5019	72.500	40	22.9	0.084	Exon_03|rel=2906-2999|len=94	NC_006114.5:7779436-7784966|strand=+|gene=HSD17B1
65	85	322	341	85.714	21	22.2	0.084	Exon_03|rel=2906-2999|len=94	NC_006114.5:7779436-7784966|strand=+|gene=HSD17B1
41	57	2095	2076	85.000	20	22.2	0.084	Exon_03|rel=2906-2999|len=94	NC_006114.5:7779436-7784966|strand=+|gene=HSD17B1
27	67	650	694	72.917	48	21.4	0.23	Exon_03|rel=2906-2999|len=94	NC_006114.5:7779436-7784966|strand=+|gene=HSD17B1
5	41	303	335	73.684	38	20.7	0.23	Exon_03|rel=2906-2999|len=94	NC_006114.5:7779436-7784966|strand=+|gene=HSD17B1
45	75	463	433	75.758	33	20.7	0.23	Exon_03|rel=2906-2999|len=94	NC_006114.5:7779436-7784966|strand=+|gene=HSD17B1
50	89	1096	1132	73.171	41	20.7	0.23	Exon_03|rel=2906-2999|len=94	NC_006114.5:7779436-7784966|strand=+|gene=HSD17B1
37	55	3716	3697	85.000	20	20.7	0.23	Exon_03|rel=2906-2999|len=94	NC_006114.5:7779436-7784966|strand=+|gene=HSD17B1
38	78	811	848	70.455	44	19.2	0.66	Exon_03|rel=2906-2999|len=94	NC_006114.5:7779436-7784966|strand=+|gene=HSD17B1
2	17	1194	1209	87.500	16	19.2	0.66	Exon_03|rel=2906-2999|len=94	NC_006114.5:7779436-7784966|strand=+|gene=HSD17B1
51	69	2298	2315	84.211	19	19.2	0.66	Exon_03|rel=2906-2999|len=94	NC_006114.5:7779436-7784966|strand=+|gene=HSD17B1
41	89	2861	2919	67.213	61	19.2	0.66	Exon_03|rel=2906-2999|len=94	NC_006114.5:7779436-7784966|strand=+|gene=HSD17B1
2	29	2982	3008	76.667	30	19.2	0.66	Exon_03|rel=2906-2999|len=94	NC_006114.5:7779436-7784966|strand=+|gene=HSD17B1
41	53	5142	5130	92.308	13	18.4	1.8	Exon_03|rel=2906-2999|len=94	NC_006114.5:7779436-7784966|strand=+|gene=HSD17B1
46	58	1578	1589	92.308	13	17.7	1.8	Exon_03|rel=2906-2999|len=94	NC_006114.5:7779436-7784966|strand=+|gene=HSD17B1
1	10	1657	1648	100.000	10	17.7	1.8	Exon_03|rel=2906-2999|len=94	NC_006114.5:7779436-7784966|strand=+|gene=HSD17B1
39	55	3727	3744	83.333	18	17.7	1.8	Exon_03|rel=2906-2999|len=94	NC_006114.5:7779436-7784966|strand=+|gene=HSD17B1
38	47	5061	5070	100.000	10	17.7	1.8	Exon_03|rel=2906-2999|len=94	NC_006114.5:7779436-7784966|strand=+|gene=HSD17B1
1	12	255	266	91.667	12	17.0	5.2	Exon_03|rel=2906-2999|len=94	NC_006114.5:7779436-7784966|strand=+|gene=HSD17B1
20	31	2650	2639	91.667	12	17.0	5.2	Exon_03|rel=2906-2999|len=94	NC_006114.5:7779436-7784966|strand=+|gene=HSD17B1
44	55	3271	3282	91.667	12	17.0	5.2	Exon_03|rel=2906-2999|len=94	NC_006114.5:7779436-7784966|strand=+|gene=HSD17B1
47	72	382	404	74.074	27	16.2	5.2	Exon_03|rel=2906-2999|len=94	NC_006114.5:7779436-7784966|strand=+|gene=HSD17B1
70	78	414	406	100.000	9	16.2	5.2	Exon_03|rel=2906-2999|len=94	NC_006114.5:7779436-7784966|strand=+|gene=HSD17B1
39	66	808	781	74.194	31	16.2	5.2	Exon_03|rel=2906-2999|len=94	NC_006114.5:7779436-7784966|strand=+|gene=HSD17B1
12	42	844	817	71.875	32	16.2	5.2	Exon_03|rel=2906-2999|len=94	NC_006114.5:7779436-7784966|strand=+|gene=HSD17B1
39	47	1072	1080	100.000	9	16.2	5.2	Exon_03|rel=2906-2999|len=94	NC_006114.5:7779436-7784966|strand=+|gene=HSD17B1
43	53	1131	1120	91.667	12	16.2	5.2	Exon_03|rel=2906-2999|len=94	NC_006114.5:7779436-7784966|strand=+|gene=HSD17B1
59	67	1704	1696	100.000	9	16.2	5.2	Exon_03|rel=2906-2999|len=94	NC_006114.5:7779436-7784966|strand=+|gene=HSD17B1
28	49	2091	2111	77.273	22	16.2	5.2	Exon_03|rel=2906-2999|len=94	NC_006114.5:7779436-7784966|strand=+|gene=HSD17B1
71	83	197	184	85.714	14	15.5	14	Exon_03|rel=2906-2999|len=94	NC_006114.5:7779436-7784966|strand=+|gene=HSD17B1
77	87	256	266	90.909	11	15.5	14	Exon_03|rel=2906-2999|len=94	NC_006114.5:7779436-7784966|strand=+|gene=HSD17B1
23	44	857	880	73.077	26	15.5	14	Exon_03|rel=2906-2999|len=94	NC_006114.5:7779436-7784966|strand=+|gene=HSD17B1
20	57	967	925	68.889	45	15.5	14	Exon_03|rel=2906-2999|len=94	NC_006114.5:7779436-7784966|strand=+|gene=HSD17B1
37	57	2168	2184	76.190	21	15.5	14	Exon_03|rel=2906-2999|len=94	NC_006114.5:7779436-7784966|strand=+|gene=HSD17B1
39	51	3853	3866	85.714	14	15.5	14	Exon_03|rel=2906-2999|len=94	NC_006114.5:7779436-7784966|strand=+|gene=HSD17B1
4	29	3896	3919	74.074	27	15.5	14	Exon_03|rel=2906-2999|len=94	NC_006114.5:7779436-7784966|strand=+|gene=HSD17B1
14	44	4328	4302	71.875	32	15.5	14	Exon_03|rel=2906-2999|len=94	NC_006114.5:7779436-7784966|strand=+|gene=HSD17B1
48	61	4645	4633	85.714	14	15.5	14	Exon_03|rel=2906-2999|len=94	NC_006114.5:7779436-7784966|strand=+|gene=HSD17B1
41	59	5437	5454	78.947	19	15.5	14	Exon_03|rel=2906-2999|len=94	NC_006114.5:7779436-7784966|strand=+|gene=HSD17B1
22	29	98	91	100.000	8	14.7	14	Exon_03|rel=2906-2999|len=94	NC_006114.5:7779436-7784966|strand=+|gene=HSD17B1
1	8	261	254	100.000	8	14.7	14	Exon_03|rel=2906-2999|len=94	NC_006114.5:7779436-7784966|strand=+|gene=HSD17B1
25	32	451	444	100.000	8	14.7	14	Exon_03|rel=2906-2999|len=94	NC_006114.5:7779436-7784966|strand=+|gene=HSD17B1
38	45	697	704	100.000	8	14.7	14	Exon_03|rel=2906-2999|len=94	NC_006114.5:7779436-7784966|strand=+|gene=HSD17B1
1	8	1124	1117	100.000	8	14.7	14	Exon_03|rel=2906-2999|len=94	NC_006114.5:7779436-7784966|strand=+|gene=HSD17B1
40	47	1221	1228	100.000	8	14.7	14	Exon_03|rel=2906-2999|len=94	NC_006114.5:7779436-7784966|strand=+|gene=HSD17B1
1	8	1506	1513	100.000	8	14.7	14	Exon_03|rel=2906-2999|len=94	NC_006114.5:7779436-7784966|strand=+|gene=HSD17B1
45	52	1756	1763	100.000	8	14.7	14	Exon_03|rel=2906-2999|len=94	NC_006114.5:7779436-7784966|strand=+|gene=HSD17B1
2	12	1858	1849	90.909	11	14.7	14	Exon_03|rel=2906-2999|len=94	NC_006114.5:7779436-7784966|strand=+|gene=HSD17B1
2	24	1927	1905	75.000	24	14.7	14	Exon_03|rel=2906-2999|len=94	NC_006114.5:7779436-7784966|strand=+|gene=HSD17B1
47	54	1930	1937	100.000	8	14.7	14	Exon_03|rel=2906-2999|len=94	NC_006114.5:7779436-7784966|strand=+|gene=HSD17B1
43	58	2005	2019	81.250	16	14.7	14	Exon_03|rel=2906-2999|len=94	NC_006114.5:7779436-7784966|strand=+|gene=HSD17B1
14	21	2043	2036	100.000	8	14.7	14	Exon_03|rel=2906-2999|len=94	NC_006114.5:7779436-7784966|strand=+|gene=HSD17B1
75	82	2406	2413	100.000	8	14.7	14	Exon_03|rel=2906-2999|len=94	NC_006114.5:7779436-7784966|strand=+|gene=HSD17B1
49	56	2495	2488	100.000	8	14.7	14	Exon_03|rel=2906-2999|len=94	NC_006114.5:7779436-7784966|strand=+|gene=HSD17B1
76	83	3085	3092	100.000	8	14.7	14	Exon_03|rel=2906-2999|len=94	NC_006114.5:7779436-7784966|strand=+|gene=HSD17B1
39	46	3154	3161	100.000	8	14.7	14	Exon_03|rel=2906-2999|len=94	NC_006114.5:7779436-7784966|strand=+|gene=HSD17B1
50	57	3293	3286	100.000	8	14.7	14	Exon_03|rel=2906-2999|len=94	NC_006114.5:7779436-7784966|strand=+|gene=HSD17B1
65	72	3338	3345	100.000	8	14.7	14	Exon_03|rel=2906-2999|len=94	NC_006114.5:7779436-7784966|strand=+|gene=HSD17B1
25	32	3402	3395	100.000	8	14.7	14	Exon_03|rel=2906-2999|len=94	NC_006114.5:7779436-7784966|strand=+|gene=HSD17B1
47	54	3798	3805	100.000	8	14.7	14	Exon_03|rel=2906-2999|len=94	NC_006114.5:7779436-7784966|strand=+|gene=HSD17B1
38	72	3984	4013	70.270	37	14.7	14	Exon_03|rel=2906-2999|len=94	NC_006114.5:7779436-7784966|strand=+|gene=HSD17B1
15	34	4053	4033	76.190	21	14.7	14	Exon_03|rel=2906-2999|len=94	NC_006114.5:7779436-7784966|strand=+|gene=HSD17B1
1	8	4150	4157	100.000	8	14.7	14	Exon_03|rel=2906-2999|len=94	NC_006114.5:7779436-7784966|strand=+|gene=HSD17B1
1	8	4163	4170	100.000	8	14.7	14	Exon_03|rel=2906-2999|len=94	NC_006114.5:7779436-7784966|strand=+|gene=HSD17B1
27	63	4322	4292	68.421	38	14.7	14	Exon_03|rel=2906-2999|len=94	NC_006114.5:7779436-7784966|strand=+|gene=HSD17B1
1	8	4611	4604	100.000	8	14.7	14	Exon_03|rel=2906-2999|len=94	NC_006114.5:7779436-7784966|strand=+|gene=HSD17B1
42	49	4695	4702	100.000	8	14.7	14	Exon_03|rel=2906-2999|len=94	NC_006114.5:7779436-7784966|strand=+|gene=HSD17B1
55	62	4738	4731	100.000	8	14.7	14	Exon_03|rel=2906-2999|len=94	NC_006114.5:7779436-7784966|strand=+|gene=HSD17B1
59	74	4905	4922	78.947	19	14.7	14	Exon_03|rel=2906-2999|len=94	NC_006114.5:7779436-7784966|strand=+|gene=HSD17B1
47	54	5259	5252	100.000	8	14.7	14	Exon_03|rel=2906-2999|len=94	NC_006114.5:7779436-7784966|strand=+|gene=HSD17B1
38	45	5370	5377	100.000	8	14.7	14	Exon_03|rel=2906-2999|len=94	NC_006114.5:7779436-7784966|strand=+|gene=HSD17B1
38	47	715	706	90.000	10	14.0	40	Exon_03|rel=2906-2999|len=94	NC_006114.5:7779436-7784966|strand=+|gene=HSD17B1
62	81	730	749	75.000	20	14.0	40	Exon_03|rel=2906-2999|len=94	NC_006114.5:7779436-7784966|strand=+|gene=HSD17B1
57	66	1156	1147	90.000	10	14.0	40	Exon_03|rel=2906-2999|len=94	NC_006114.5:7779436-7784966|strand=+|gene=HSD17B1
23	32	1591	1582	90.000	10	14.0	40	Exon_03|rel=2906-2999|len=94	NC_006114.5:7779436-7784966|strand=+|gene=HSD17B1
75	87	1860	1849	84.615	13	14.0	40	Exon_03|rel=2906-2999|len=94	NC_006114.5:7779436-7784966|strand=+|gene=HSD17B1
23	55	3711	3680	70.588	34	14.0	40	Exon_03|rel=2906-2999|len=94	NC_006114.5:7779436-7784966|strand=+|gene=HSD17B1
23	32	3864	3855	90.000	10	14.0	40	Exon_03|rel=2906-2999|len=94	NC_006114.5:7779436-7784966|strand=+|gene=HSD17B1
77	93	3889	3872	77.778	18	14.0	40	Exon_03|rel=2906-2999|len=94	NC_006114.5:7779436-7784966|strand=+|gene=HSD17B1
47	56	3909	3918	90.000	10	14.0	40	Exon_03|rel=2906-2999|len=94	NC_006114.5:7779436-7784966|strand=+|gene=HSD17B1
27	93	4082	4028	65.672	67	14.0	40	Exon_03|rel=2906-2999|len=94	NC_006114.5:7779436-7784966|strand=+|gene=HSD17B1
14	26	4366	4377	84.615	13	14.0	40	Exon_03|rel=2906-2999|len=94	NC_006114.5:7779436-7784966|strand=+|gene=HSD17B1
83	92	4764	4755	90.000	10	14.0	40	Exon_03|rel=2906-2999|len=94	NC_006114.5:7779436-7784966|strand=+|gene=HSD17B1
47	69	5179	5160	75.000	24	14.0	40	Exon_03|rel=2906-2999|len=94	NC_006114.5:7779436-7784966|strand=+|gene=HSD17B1
50	56	52	58	100.000	7	13.2	40	Exon_03|rel=2906-2999|len=94	NC_006114.5:7779436-7784966|strand=+|gene=HSD17B1
1	7	147	141	100.000	7	13.2	40	Exon_03|rel=2906-2999|len=94	NC_006114.5:7779436-7784966|strand=+|gene=HSD17B1
75	81	154	148	100.000	7	13.2	40	Exon_03|rel=2906-2999|len=94	NC_006114.5:7779436-7784966|strand=+|gene=HSD17B1
14	20	354	348	100.000	7	13.2	40	Exon_03|rel=2906-2999|len=94	NC_006114.5:7779436-7784966|strand=+|gene=HSD17B1
39	45	499	493	100.000	7	13.2	40	Exon_03|rel=2906-2999|len=94	NC_006114.5:7779436-7784966|strand=+|gene=HSD17B1
2	8	814	820	100.000	7	13.2	40	Exon_03|rel=2906-2999|len=94	NC_006114.5:7779436-7784966|strand=+|gene=HSD17B1
1	7	835	829	100.000	7	13.2	40	Exon_03|rel=2906-2999|len=94	NC_006114.5:7779436-7784966|strand=+|gene=HSD17B1
39	45	895	889	100.000	7	13.2	40	Exon_03|rel=2906-2999|len=94	NC_006114.5:7779436-7784966|strand=+|gene=HSD17B1
11	17	973	979	100.000	7	13.2	40	Exon_03|rel=2906-2999|len=94	NC_006114.5:7779436-7784966|strand=+|gene=HSD17B1
26	32	1045	1039	100.000	7	13.2	40	Exon_03|rel=2906-2999|len=94	NC_006114.5:7779436-7784966|strand=+|gene=HSD17B1
3	9	1339	1333	100.000	7	13.2	40	Exon_03|rel=2906-2999|len=94	NC_006114.5:7779436-7784966|strand=+|gene=HSD17B1
27	33	1480	1486	100.000	7	13.2	40	Exon_03|rel=2906-2999|len=94	NC_006114.5:7779436-7784966|strand=+|gene=HSD17B1
2	8	1545	1551	100.000	7	13.2	40	Exon_03|rel=2906-2999|len=94	NC_006114.5:7779436-7784966|strand=+|gene=HSD17B1
27	33	1746	1740	100.000	7	13.2	40	Exon_03|rel=2906-2999|len=94	NC_006114.5:7779436-7784966|strand=+|gene=HSD17B1
26	32	2184	2178	100.000	7	13.2	40	Exon_03|rel=2906-2999|len=94	NC_006114.5:7779436-7784966|strand=+|gene=HSD17B1
2	8	2203	2209	100.000	7	13.2	40	Exon_03|rel=2906-2999|len=94	NC_006114.5:7779436-7784966|strand=+|gene=HSD17B1
77	83	2350	2344	100.000	7	13.2	40	Exon_03|rel=2906-2999|len=94	NC_006114.5:7779436-7784966|strand=+|gene=HSD17B1
2	8	2349	2355	100.000	7	13.2	40	Exon_03|rel=2906-2999|len=94	NC_006114.5:7779436-7784966|strand=+|gene=HSD17B1
65	71	2455	2461	100.000	7	13.2	40	Exon_03|rel=2906-2999|len=94	NC_006114.5:7779436-7784966|strand=+|gene=HSD17B1
47	53	2579	2585	100.000	7	13.2	40	Exon_03|rel=2906-2999|len=94	NC_006114.5:7779436-7784966|strand=+|gene=HSD17B1
65	71	2686	2680	100.000	7	13.2	40	Exon_03|rel=2906-2999|len=94	NC_006114.5:7779436-7784966|strand=+|gene=HSD17B1
47	53	2827	2833	100.000	7	13.2	40	Exon_03|rel=2906-2999|len=94	NC_006114.5:7779436-7784966|strand=+|gene=HSD17B1
47	53	2858	2864	100.000	7	13.2	40	Exon_03|rel=2906-2999|len=94	NC_006114.5:7779436-7784966|strand=+|gene=HSD17B1
14	20	3005	3011	100.000	7	13.2	40	Exon_03|rel=2906-2999|len=94	NC_006114.5:7779436-7784966|strand=+|gene=HSD17B1
47	53	3051	3057	100.000	7	13.2	40	Exon_03|rel=2906-2999|len=94	NC_006114.5:7779436-7784966|strand=+|gene=HSD17B1
77	83	3500	3506	100.000	7	13.2	40	Exon_03|rel=2906-2999|len=94	NC_006114.5:7779436-7784966|strand=+|gene=HSD17B1
29	35	3552	3546	100.000	7	13.2	40	Exon_03|rel=2906-2999|len=94	NC_006114.5:7779436-7784966|strand=+|gene=HSD17B1
66	72	3785	3779	100.000	7	13.2	40	Exon_03|rel=2906-2999|len=94	NC_006114.5:7779436-7784966|strand=+|gene=HSD17B1
61	67	4052	4058	100.000	7	13.2	40	Exon_03|rel=2906-2999|len=94	NC_006114.5:7779436-7784966|strand=+|gene=HSD17B1
25	31	4060	4054	100.000	7	13.2	40	Exon_03|rel=2906-2999|len=94	NC_006114.5:7779436-7784966|strand=+|gene=HSD17B1
38	44	4170	4176	100.000	7	13.2	40	Exon_03|rel=2906-2999|len=94	NC_006114.5:7779436-7784966|strand=+|gene=HSD17B1
2	8	4206	4212	100.000	7	13.2	40	Exon_03|rel=2906-2999|len=94	NC_006114.5:7779436-7784966|strand=+|gene=HSD17B1
25	31	4226	4220	100.000	7	13.2	40	Exon_03|rel=2906-2999|len=94	NC_006114.5:7779436-7784966|strand=+|gene=HSD17B1
2	8	4230	4236	100.000	7	13.2	40	Exon_03|rel=2906-2999|len=94	NC_006114.5:7779436-7784966|strand=+|gene=HSD17B1
14	20	4285	4279	100.000	7	13.2	40	Exon_03|rel=2906-2999|len=94	NC_006114.5:7779436-7784966|strand=+|gene=HSD17B1
23	29	4363	4369	100.000	7	13.2	40	Exon_03|rel=2906-2999|len=94	NC_006114.5:7779436-7784966|strand=+|gene=HSD17B1
50	56	4451	4445	100.000	7	13.2	40	Exon_03|rel=2906-2999|len=94	NC_006114.5:7779436-7784966|strand=+|gene=HSD17B1
50	56	4452	4458	100.000	7	13.2	40	Exon_03|rel=2906-2999|len=94	NC_006114.5:7779436-7784966|strand=+|gene=HSD17B1
47	53	4486	4492	100.000	7	13.2	40	Exon_03|rel=2906-2999|len=94	NC_006114.5:7779436-7784966|strand=+|gene=HSD17B1
50	56	4723	4729	100.000	7	13.2	40	Exon_03|rel=2906-2999|len=94	NC_006114.5:7779436-7784966|strand=+|gene=HSD17B1
88	94	4837	4831	100.000	7	13.2	40	Exon_03|rel=2906-2999|len=94	NC_006114.5:7779436-7784966|strand=+|gene=HSD17B1
48	54	4844	4838	100.000	7	13.2	40	Exon_03|rel=2906-2999|len=94	NC_006114.5:7779436-7784966|strand=+|gene=HSD17B1
44	50	5046	5040	100.000	7	13.2	40	Exon_03|rel=2906-2999|len=94	NC_006114.5:7779436-7784966|strand=+|gene=HSD17B1
61	67	5394	5400	100.000	7	13.2	40	Exon_03|rel=2906-2999|len=94	NC_006114.5:7779436-7784966|strand=+|gene=HSD17B1
1	7	5404	5398	100.000	7	13.2	40	Exon_03|rel=2906-2999|len=94	NC_006114.5:7779436-7784966|strand=+|gene=HSD17B1
1	184	3069	3252	100.000	184	276	6.00e-78	Exon_04|rel=3069-3252|len=184	NC_006114.5:7779436-7784966|strand=+|gene=HSD17B1
66	112	2414	2366	76.471	51	31.1	3.86e-04	Exon_04|rel=3069-3252|len=184	NC_006114.5:7779436-7784966|strand=+|gene=HSD17B1
75	143	602	530	70.667	75	29.6	0.001	Exon_04|rel=3069-3252|len=184	NC_006114.5:7779436-7784966|strand=+|gene=HSD17B1
40	67	4042	4070	82.759	29	26.6	0.008	Exon_04|rel=3069-3252|len=184	NC_006114.5:7779436-7784966|strand=+|gene=HSD17B1
47	129	2334	2423	67.391	92	25.9	0.024	Exon_04|rel=3069-3252|len=184	NC_006114.5:7779436-7784966|strand=+|gene=HSD17B1
54	131	3826	3907	68.235	85	25.9	0.024	Exon_04|rel=3069-3252|len=184	NC_006114.5:7779436-7784966|strand=+|gene=HSD17B1
79	166	859	949	67.010	97	24.4	0.067	Exon_04|rel=3069-3252|len=184	NC_006114.5:7779436-7784966|strand=+|gene=HSD17B1
90	139	3334	3382	72.549	51	24.4	0.067	Exon_04|rel=3069-3252|len=184	NC_006114.5:7779436-7784966|strand=+|gene=HSD17B1
56	149	4405	4320	67.000	100	24.4	0.067	Exon_04|rel=3069-3252|len=184	NC_006114.5:7779436-7784966|strand=+|gene=HSD17B1
130	164	4615	4648	77.143	35	24.4	0.067	Exon_04|rel=3069-3252|len=184	NC_006114.5:7779436-7784966|strand=+|gene=HSD17B1
73	128	2854	2900	70.175	57	23.6	0.067	Exon_04|rel=3069-3252|len=184	NC_006114.5:7779436-7784966|strand=+|gene=HSD17B1
50	98	4093	4141	72.549	51	23.6	0.067	Exon_04|rel=3069-3252|len=184	NC_006114.5:7779436-7784966|strand=+|gene=HSD17B1
92	128	5362	5395	76.316	38	23.6	0.067	Exon_04|rel=3069-3252|len=184	NC_006114.5:7779436-7784966|strand=+|gene=HSD17B1
57	98	805	842	74.419	43	22.9	0.19	Exon_04|rel=3069-3252|len=184	NC_006114.5:7779436-7784966|strand=+|gene=HSD17B1
7	92	4026	4111	67.368	95	22.9	0.19	Exon_04|rel=3069-3252|len=184	NC_006114.5:7779436-7784966|strand=+|gene=HSD17B1
51	161	505	615	66.129	124	22.2	0.19	Exon_04|rel=3069-3252|len=184	NC_006114.5:7779436-7784966|strand=+|gene=HSD17B1
115	184	610	675	68.421	76	22.2	0.19	Exon_04|rel=3069-3252|len=184	NC_006114.5:7779436-7784966|strand=+|gene=HSD17B1
25	42	1404	1387	88.889	18	22.2	0.19	Exon_04|rel=3069-3252|len=184	NC_006114.5:7779436-7784966|strand=+|gene=HSD17B1
50	163	3939	3823	64.567	127	22.2	0.19	Exon_04|rel=3069-3252|len=184	NC_006114.5:7779436-7784966|strand=+|gene=HSD17B1
72	121	3906	3947	72.549	51	22.2	0.19	Exon_04|rel=3069-3252|len=184	NC_006114.5:7779436-7784966|strand=+|gene=HSD17B1
57	110	4123	4074	71.429	56	22.2	0.19	Exon_04|rel=3069-3252|len=184	NC_006114.5:7779436-7784966|strand=+|gene=HSD17B1
57	100	4184	4230	70.588	51	22.2	0.19	Exon_04|rel=3069-3252|len=184	NC_006114.5:7779436-7784966|strand=+|gene=HSD17B1
60	110	4343	4293	70.909	55	22.2	0.19	Exon_04|rel=3069-3252|len=184	NC_006114.5:7779436-7784966|strand=+|gene=HSD17B1
19	68	3464	3509	71.698	53	21.4	0.52	Exon_04|rel=3069-3252|len=184	NC_006114.5:7779436-7784966|strand=+|gene=HSD17B1
92	131	559	521	73.171	41	20.7	0.52	Exon_04|rel=3069-3252|len=184	NC_006114.5:7779436-7784966|strand=+|gene=HSD17B1
78	104	816	792	78.571	28	20.7	0.52	Exon_04|rel=3069-3252|len=184	NC_006114.5:7779436-7784966|strand=+|gene=HSD17B1
130	143	179	166	92.857	14	19.9	1.5	Exon_04|rel=3069-3252|len=184	NC_006114.5:7779436-7784966|strand=+|gene=HSD17B1
118	160	484	523	69.565	46	19.9	1.5	Exon_04|rel=3069-3252|len=184	NC_006114.5:7779436-7784966|strand=+|gene=HSD17B1
66	110	723	676	69.231	52	19.9	1.5	Exon_04|rel=3069-3252|len=184	NC_006114.5:7779436-7784966|strand=+|gene=HSD17B1
85	113	896	865	75.758	33	19.9	1.5	Exon_04|rel=3069-3252|len=184	NC_006114.5:7779436-7784966|strand=+|gene=HSD17B1
6	22	947	932	88.235	17	19.9	1.5	Exon_04|rel=3069-3252|len=184	NC_006114.5:7779436-7784966|strand=+|gene=HSD17B1
7	83	2121	2207	67.045	88	19.9	1.5	Exon_04|rel=3069-3252|len=184	NC_006114.5:7779436-7784966|strand=+|gene=HSD17B1
82	100	3292	3310	85.000	20	19.9	1.5	Exon_04|rel=3069-3252|len=184	NC_006114.5:7779436-7784966|strand=+|gene=HSD17B1
101	136	172	142	71.053	38	19.2	1.5	Exon_04|rel=3069-3252|len=184	NC_006114.5:7779436-7784966|strand=+|gene=HSD17B1
2	140	789	668	63.946	147	19.2	1.5	Exon_04|rel=3069-3252|len=184	NC_006114.5:7779436-7784966|strand=+|gene=HSD17B1
50	71	2425	2444	81.818	22	19.2	1.5	Exon_04|rel=3069-3252|len=184	NC_006114.5:7779436-7784966|strand=+|gene=HSD17B1
17	84	2938	2877	68.116	69	19.2	1.5	Exon_04|rel=3069-3252|len=184	NC_006114.5:7779436-7784966|strand=+|gene=HSD17B1
77	112	3180	3145	73.684	38	19.2	1.5	Exon_04|rel=3069-3252|len=184	NC_006114.5:7779436-7784966|strand=+|gene=HSD17B1
49	84	3394	3429	73.684	38	19.2	1.5	Exon_04|rel=3069-3252|len=184	NC_006114.5:7779436-7784966|strand=+|gene=HSD17B1
29	104	3680	3748	66.250	80	19.2	1.5	Exon_04|rel=3069-3252|len=184	NC_006114.5:7779436-7784966|strand=+|gene=HSD17B1
64	84	3918	3938	80.952	21	19.2	1.5	Exon_04|rel=3069-3252|len=184	NC_006114.5:7779436-7784966|strand=+|gene=HSD17B1
57	99	4204	4247	69.388	49	19.2	1.5	Exon_04|rel=3069-3252|len=184	NC_006114.5:7779436-7784966|strand=+|gene=HSD17B1
51	145	4248	4335	66.327	98	19.2	1.5	Exon_04|rel=3069-3252|len=184	NC_006114.5:7779436-7784966|strand=+|gene=HSD17B1
17	31	191	176	87.500	16	18.4	4.1	Exon_04|rel=3069-3252|len=184	NC_006114.5:7779436-7784966|strand=+|gene=HSD17B1
49	109	697	763	67.143	70	18.4	4.1	Exon_04|rel=3069-3252|len=184	NC_006114.5:7779436-7784966|strand=+|gene=HSD17B1
3	51	990	1029	68.627	51	18.4	4.1	Exon_04|rel=3069-3252|len=184	NC_006114.5:7779436-7784966|strand=+|gene=HSD17B1
7	19	1096	1108	92.308	13	18.4	4.1	Exon_04|rel=3069-3252|len=184	NC_006114.5:7779436-7784966|strand=+|gene=HSD17B1
8	30	1135	1110	76.923	26	18.4	4.1	Exon_04|rel=3069-3252|len=184	NC_006114.5:7779436-7784966|strand=+|gene=HSD17B1
75	145	2319	2380	67.123	73	18.4	4.1	Exon_04|rel=3069-3252|len=184	NC_006114.5:7779436-7784966|strand=+|gene=HSD17B1
15	37	3892	3870	79.167	24	18.4	4.1	Exon_04|rel=3069-3252|len=184	NC_006114.5:7779436-7784966|strand=+|gene=HSD17B1
73	98	4068	4090	76.923	26	18.4	4.1	Exon_04|rel=3069-3252|len=184	NC_006114.5:7779436-7784966|strand=+|gene=HSD17B1
76	88	4796	4808	92.308	13	18.4	4.1	Exon_04|rel=3069-3252|len=184	NC_006114.5:7779436-7784966|strand=+|gene=HSD17B1
62	109	4899	4942	70.000	50	18.4	4.1	Exon_04|rel=3069-3252|len=184	NC_006114.5:7779436-7784966|strand=+|gene=HSD17B1
103	151	5173	5124	69.811	53	18.4	4.1	Exon_04|rel=3069-3252|len=184	NC_006114.5:7779436-7784966|strand=+|gene=HSD17B1
125	143	5175	5154	81.818	22	18.4	4.1	Exon_04|rel=3069-3252|len=184	NC_006114.5:7779436-7784966|strand=+|gene=HSD17B1
116	131	5226	5212	87.500	16	18.4	4.1	Exon_04|rel=3069-3252|len=184	NC_006114.5:7779436-7784966|strand=+|gene=HSD17B1
126	138	282	271	92.308	13	17.7	4.1	Exon_04|rel=3069-3252|len=184	NC_006114.5:7779436-7784966|strand=+|gene=HSD17B1
63	82	1486	1505	80.000	20	17.7	4.1	Exon_04|rel=3069-3252|len=184	NC_006114.5:7779436-7784966|strand=+|gene=HSD17B1
125	150	1812	1841	73.333	30	17.7	4.1	Exon_04|rel=3069-3252|len=184	NC_006114.5:7779436-7784966|strand=+|gene=HSD17B1
84	119	2355	2318	70.732	41	17.7	4.1	Exon_04|rel=3069-3252|len=184	NC_006114.5:7779436-7784966|strand=+|gene=HSD17B1
92	104	2478	2467	92.308	13	17.7	4.1	Exon_04|rel=3069-3252|len=184	NC_006114.5:7779436-7784966|strand=+|gene=HSD17B1
119	136	2625	2609	83.333	18	17.7	4.1	Exon_04|rel=3069-3252|len=184	NC_006114.5:7779436-7784966|strand=+|gene=HSD17B1
115	173	3959	4024	67.143	70	17.7	4.1	Exon_04|rel=3069-3252|len=184	NC_006114.5:7779436-7784966|strand=+|gene=HSD17B1
80	111	4657	4622	72.222	36	17.7	4.1	Exon_04|rel=3069-3252|len=184	NC_006114.5:7779436-7784966|strand=+|gene=HSD17B1
157	184	4875	4851	75.000	28	17.7	4.1	Exon_04|rel=3069-3252|len=184	NC_006114.5:7779436-7784966|strand=+|gene=HSD17B1
95	131	5141	5176	72.500	40	17.7	4.1	Exon_04|rel=3069-3252|len=184	NC_006114.5:7779436-7784966|strand=+|gene=HSD17B1
175	184	5222	5213	100.000	10	17.7	4.1	Exon_04|rel=3069-3252|len=184	NC_006114.5:7779436-7784966|strand=+|gene=HSD17B1
28	41	170	156	86.667	15	17.0	11	Exon_04|rel=3069-3252|len=184	NC_006114.5:7779436-7784966|strand=+|gene=HSD17B1
6	98	600	698	64.220	109	17.0	11	Exon_04|rel=3069-3252|len=184	NC_006114.5:7779436-7784966|strand=+|gene=HSD17B1
103	144	863	822	70.455	44	17.0	11	Exon_04|rel=3069-3252|len=184	NC_006114.5:7779436-7784966|strand=+|gene=HSD17B1
128	160	871	836	72.973	37	17.0	11	Exon_04|rel=3069-3252|len=184	NC_006114.5:7779436-7784966|strand=+|gene=HSD17B1
79	109	939	914	75.000	32	17.0	11	Exon_04|rel=3069-3252|len=184	NC_006114.5:7779436-7784966|strand=+|gene=HSD17B1
81	97	1066	1082	83.333	18	17.0	11	Exon_04|rel=3069-3252|len=184	NC_006114.5:7779436-7784966|strand=+|gene=HSD17B1
118	145	2026	1995	72.727	33	17.0	11	Exon_04|rel=3069-3252|len=184	NC_006114.5:7779436-7784966|strand=+|gene=HSD17B1
114	136	2120	2094	74.074	27	17.0	11	Exon_04|rel=3069-3252|len=184	NC_006114.5:7779436-7784966|strand=+|gene=HSD17B1
130	141	2745	2756	91.667	12	17.0	11	Exon_04|rel=3069-3252|len=184	NC_006114.5:7779436-7784966|strand=+|gene=HSD17B1
13	44	2807	2778	73.529	34	17.0	11	Exon_04|rel=3069-3252|len=184	NC_006114.5:7779436-7784966|strand=+|gene=HSD17B1
107	122	3308	3291	83.333	18	17.0	11	Exon_04|rel=3069-3252|len=184	NC_006114.5:7779436-7784966|strand=+|gene=HSD17B1
138	161	3322	3351	70.000	30	17.0	11	Exon_04|rel=3069-3252|len=184	NC_006114.5:7779436-7784966|strand=+|gene=HSD17B1
56	95	3412	3453	69.767	43	17.0	11	Exon_04|rel=3069-3252|len=184	NC_006114.5:7779436-7784966|strand=+|gene=HSD17B1
68	89	3813	3830	77.273	22	17.0	11	Exon_04|rel=3069-3252|len=184	NC_006114.5:7779436-7784966|strand=+|gene=HSD17B1
115	133	4091	4072	80.000	20	17.0	11	Exon_04|rel=3069-3252|len=184	NC_006114.5:7779436-7784966|strand=+|gene=HSD17B1
58	110	4261	4206	68.421	57	17.0	11	Exon_04|rel=3069-3252|len=184	NC_006114.5:7779436-7784966|strand=+|gene=HSD17B1
79	87	81	73	100.000	9	16.2	11	Exon_04|rel=3069-3252|len=184	NC_006114.5:7779436-7784966|strand=+|gene=HSD17B1
127	145	170	152	78.947	19	16.2	11	Exon_04|rel=3069-3252|len=184	NC_006114.5:7779436-7784966|strand=+|gene=HSD17B1
9	17	371	363	100.000	9	16.2	11	Exon_04|rel=3069-3252|len=184	NC_006114.5:7779436-7784966|strand=+|gene=HSD17B1
116	124	497	505	100.000	9	16.2	11	Exon_04|rel=3069-3252|len=184	NC_006114.5:7779436-7784966|strand=+|gene=HSD17B1
104	112	829	821	100.000	9	16.2	11	Exon_04|rel=3069-3252|len=184	NC_006114.5:7779436-7784966|strand=+|gene=HSD17B1
165	176	1161	1171	91.667	12	16.2	11	Exon_04|rel=3069-3252|len=184	NC_006114.5:7779436-7784966|strand=+|gene=HSD17B1
119	129	1193	1204	91.667	12	16.2	11	Exon_04|rel=3069-3252|len=184	NC_006114.5:7779436-7784966|strand=+|gene=HSD17B1
126	134	1370	1362	100.000	9	16.2	11	Exon_04|rel=3069-3252|len=184	NC_006114.5:7779436-7784966|strand=+|gene=HSD17B1
103	113	1456	1445	91.667	12	16.2	11	Exon_04|rel=3069-3252|len=184	NC_006114.5:7779436-7784966|strand=+|gene=HSD17B1
49	67	3135	3117	80.000	20	16.2	11	Exon_04|rel=3069-3252|len=184	NC_006114.5:7779436-7784966|strand=+|gene=HSD17B1
118	133	3260	3244	82.353	17	16.2	11	Exon_04|rel=3069-3252|len=184	NC_006114.5:7779436-7784966|strand=+|gene=HSD17B1
94	107	3479	3492	85.714	14	16.2	11	Exon_04|rel=3069-3252|len=184	NC_006114.5:7779436-7784966|strand=+|gene=HSD17B1
14	30	3496	3511	82.353	17	16.2	11	Exon_04|rel=3069-3252|len=184	NC_006114.5:7779436-7784966|strand=+|gene=HSD17B1
56	69	3764	3751	85.714	14	16.2	11	Exon_04|rel=3069-3252|len=184	NC_006114.5:7779436-7784966|strand=+|gene=HSD17B1
49	88	3996	3953	69.565	46	16.2	11	Exon_04|rel=3069-3252|len=184	NC_006114.5:7779436-7784966|strand=+|gene=HSD17B1
63	71	4532	4524	100.000	9	16.2	11	Exon_04|rel=3069-3252|len=184	NC_006114.5:7779436-7784966|strand=+|gene=HSD17B1
142	152	4737	4748	91.667	12	16.2	11	Exon_04|rel=3069-3252|len=184	NC_006114.5:7779436-7784966|strand=+|gene=HSD17B1
134	144	4917	4906	91.667	12	16.2	11	Exon_04|rel=3069-3252|len=184	NC_006114.5:7779436-7784966|strand=+|gene=HSD17B1
91	130	5229	5196	70.732	41	16.2	11	Exon_04|rel=3069-3252|len=184	NC_006114.5:7779436-7784966|strand=+|gene=HSD17B1
146	158	5353	5368	81.250	16	16.2	11	Exon_04|rel=3069-3252|len=184	NC_006114.5:7779436-7784966|strand=+|gene=HSD17B1
86	98	5371	5386	81.250	16	16.2	11	Exon_04|rel=3069-3252|len=184	NC_006114.5:7779436-7784966|strand=+|gene=HSD17B1
69	92	39	14	73.077	26	15.5	32	Exon_04|rel=3069-3252|len=184	NC_006114.5:7779436-7784966|strand=+|gene=HSD17B1
76	119	424	470	65.385	52	15.5	32	Exon_04|rel=3069-3252|len=184	NC_006114.5:7779436-7784966|strand=+|gene=HSD17B1
71	92	511	493	73.913	23	15.5	32	Exon_04|rel=3069-3252|len=184	NC_006114.5:7779436-7784966|strand=+|gene=HSD17B1
100	113	629	641	85.714	14	15.5	32	Exon_04|rel=3069-3252|len=184	NC_006114.5:7779436-7784966|strand=+|gene=HSD17B1
81	91	983	973	90.909	11	15.5	32	Exon_04|rel=3069-3252|len=184	NC_006114.5:7779436-7784966|strand=+|gene=HSD17B1
131	143	1261	1274	85.714	14	15.5	32	Exon_04|rel=3069-3252|len=184	NC_006114.5:7779436-7784966|strand=+|gene=HSD17B1
50	86	1273	1303	70.270	37	15.5	32	Exon_04|rel=3069-3252|len=184	NC_006114.5:7779436-7784966|strand=+|gene=HSD17B1
155	182	1455	1481	72.414	29	15.5	32	Exon_04|rel=3069-3252|len=184	NC_006114.5:7779436-7784966|strand=+|gene=HSD17B1
126	136	2262	2272	90.909	11	15.5	32	Exon_04|rel=3069-3252|len=184	NC_006114.5:7779436-7784966|strand=+|gene=HSD17B1
125	137	2377	2364	85.714	14	15.5	32	Exon_04|rel=3069-3252|len=184	NC_006114.5:7779436-7784966|strand=+|gene=HSD17B1
65	83	3634	3651	78.947	19	15.5	32	Exon_04|rel=3069-3252|len=184	NC_006114.5:7779436-7784966|strand=+|gene=HSD17B1
155	170	3679	3664	82.353	17	15.5	32	Exon_04|rel=3069-3252|len=184	NC_006114.5:7779436-7784966|strand=+|gene=HSD17B1
67	77	4068	4058	90.909	11	15.5	32	Exon_04|rel=3069-3252|len=184	NC_006114.5:7779436-7784966|strand=+|gene=HSD17B1
115	140	4136	4159	73.077	26	15.5	32	Exon_04|rel=3069-3252|len=184	NC_006114.5:7779436-7784966|strand=+|gene=HSD17B1
56	110	4227	4173	67.241	58	15.5	32	Exon_04|rel=3069-3252|len=184	NC_006114.5:7779436-7784966|strand=+|gene=HSD17B1
68	89	4351	4368	77.273	22	15.5	32	Exon_04|rel=3069-3252|len=184	NC_006114.5:7779436-7784966|strand=+|gene=HSD17B1
115	130	4567	4552	81.250	16	15.5	32	Exon_04|rel=3069-3252|len=184	NC_006114.5:7779436-7784966|strand=+|gene=HSD17B1
174	184	4613	4623	90.909	11	15.5	32	Exon_04|rel=3069-3252|len=184	NC_006114.5:7779436-7784966|strand=+|gene=HSD17B1
44	105	4925	4864	65.672	67	15.5	32	Exon_04|rel=3069-3252|len=184	NC_006114.5:7779436-7784966|strand=+|gene=HSD17B1
71	86	5204	5219	81.250	16	15.5	32	Exon_04|rel=3069-3252|len=184	NC_006114.5:7779436-7784966|strand=+|gene=HSD17B1
28	38	5326	5336	90.909	11	15.5	32	Exon_04|rel=3069-3252|len=184	NC_006114.5:7779436-7784966|strand=+|gene=HSD17B1
58	83	5364	5395	72.727	33	15.5	32	Exon_04|rel=3069-3252|len=184	NC_006114.5:7779436-7784966|strand=+|gene=HSD17B1
98	119	60	42	77.273	22	14.7	32	Exon_04|rel=3069-3252|len=184	NC_006114.5:7779436-7784966|strand=+|gene=HSD17B1
115	130	146	160	81.250	16	14.7	32	Exon_04|rel=3069-3252|len=184	NC_006114.5:7779436-7784966|strand=+|gene=HSD17B1
147	154	198	205	100.000	8	14.7	32	Exon_04|rel=3069-3252|len=184	NC_006114.5:7779436-7784966|strand=+|gene=HSD17B1
71	104	338	303	69.231	39	14.7	32	Exon_04|rel=3069-3252|len=184	NC_006114.5:7779436-7784966|strand=+|gene=HSD17B1
51	58	455	448	100.000	8	14.7	32	Exon_04|rel=3069-3252|len=184	NC_006114.5:7779436-7784966|strand=+|gene=HSD17B1
49	56	532	539	100.000	8	14.7	32	Exon_04|rel=3069-3252|len=184	NC_006114.5:7779436-7784966|strand=+|gene=HSD17B1
77	84	640	633	100.000	8	14.7	32	Exon_04|rel=3069-3252|len=184	NC_006114.5:7779436-7784966|strand=+|gene=HSD17B1
82	92	793	781	84.615	13	14.7	32	Exon_04|rel=3069-3252|len=184	NC_006114.5:7779436-7784966|strand=+|gene=HSD17B1
125	132	922	915	100.000	8	14.7	32	Exon_04|rel=3069-3252|len=184	NC_006114.5:7779436-7784966|strand=+|gene=HSD17B1
1	8	1375	1382	100.000	8	14.7	32	Exon_04|rel=3069-3252|len=184	NC_006114.5:7779436-7784966|strand=+|gene=HSD17B1
125	132	1458	1451	100.000	8	14.7	32	Exon_04|rel=3069-3252|len=184	NC_006114.5:7779436-7784966|strand=+|gene=HSD17B1
103	146	1549	1514	68.182	44	14.7	32	Exon_04|rel=3069-3252|len=184	NC_006114.5:7779436-7784966|strand=+|gene=HSD17B1
106	113	1621	1628	100.000	8	14.7	32	Exon_04|rel=3069-3252|len=184	NC_006114.5:7779436-7784966|strand=+|gene=HSD17B1
128	135	1744	1737	100.000	8	14.7	32	Exon_04|rel=3069-3252|len=184	NC_006114.5:7779436-7784966|strand=+|gene=HSD17B1
157	164	1779	1772	100.000	8	14.7	32	Exon_04|rel=3069-3252|len=184	NC_006114.5:7779436-7784966|strand=+|gene=HSD17B1
99	109	1821	1812	90.909	11	14.7	32	Exon_04|rel=3069-3252|len=184	NC_006114.5:7779436-7784966|strand=+|gene=HSD17B1
105	112	1856	1863	100.000	8	14.7	32	Exon_04|rel=3069-3252|len=184	NC_006114.5:7779436-7784966|strand=+|gene=HSD17B1
25	32	1890	1897	100.000	8	14.7	32	Exon_04|rel=3069-3252|len=184	NC_006114.5:7779436-7784966|strand=+|gene=HSD17B1
7	19	1943	1955	84.615	13	14.7	32	Exon_04|rel=3069-3252|len=184	NC_006114.5:7779436-7784966|strand=+|gene=HSD17B1
103	110	1969	1976	100.000	8	14.7	32	Exon_04|rel=3069-3252|len=184	NC_006114.5:7779436-7784966|strand=+|gene=HSD17B1
157	171	1990	2008	78.947	19	14.7	32	Exon_04|rel=3069-3252|len=184	NC_006114.5:7779436-7784966|strand=+|gene=HSD17B1
7	19	2000	2012	84.615	13	14.7	32	Exon_04|rel=3069-3252|len=184	NC_006114.5:7779436-7784966|strand=+|gene=HSD17B1
31	40	2121	2111	90.909	11	14.7	32	Exon_04|rel=3069-3252|len=184	NC_006114.5:7779436-7784966|strand=+|gene=HSD17B1
3	10	2199	2206	100.000	8	14.7	32	Exon_04|rel=3069-3252|len=184	NC_006114.5:7779436-7784966|strand=+|gene=HSD17B1
80	87	2213	2206	100.000	8	14.7	32	Exon_04|rel=3069-3252|len=184	NC_006114.5:7779436-7784966|strand=+|gene=HSD17B1
124	131	2260	2253	100.000	8	14.7	32	Exon_04|rel=3069-3252|len=184	NC_006114.5:7779436-7784966|strand=+|gene=HSD17B1
6	23	2396	2413	78.947	19	14.7	32	Exon_04|rel=3069-3252|len=184	NC_006114.5:7779436-7784966|strand=+|gene=HSD17B1
160	170	2494	2503	90.909	11	14.7	32	Exon_04|rel=3069-3252|len=184	NC_006114.5:7779436-7784966|strand=+|gene=HSD17B1
124	131	2533	2540	100.000	8	14.7	32	Exon_04|rel=3069-3252|len=184	NC_006114.5:7779436-7784966|strand=+|gene=HSD17B1
85	97	2641	2653	84.615	13	14.7	32	Exon_04|rel=3069-3252|len=184	NC_006114.5:7779436-7784966|strand=+|gene=HSD17B1
22	33	2670	2657	85.714	14	14.7	32	Exon_04|rel=3069-3252|len=184	NC_006114.5:7779436-7784966|strand=+|gene=HSD17B1
48	58	2794	2785	90.909	11	14.7	32	Exon_04|rel=3069-3252|len=184	NC_006114.5:7779436-7784966|strand=+|gene=HSD17B1
124	131	2868	2861	100.000	8	14.7	32	Exon_04|rel=3069-3252|len=184	NC_006114.5:7779436-7784966|strand=+|gene=HSD17B1
137	144	2876	2883	100.000	8	14.7	32	Exon_04|rel=3069-3252|len=184	NC_006114.5:7779436-7784966|strand=+|gene=HSD17B1
86	93	2944	2951	100.000	8	14.7	32	Exon_04|rel=3069-3252|len=184	NC_006114.5:7779436-7784966|strand=+|gene=HSD17B1
17	24	2981	2988	100.000	8	14.7	32	Exon_04|rel=3069-3252|len=184	NC_006114.5:7779436-7784966|strand=+|gene=HSD17B1
172	184	3259	3247	84.615	13	14.7	32	Exon_04|rel=3069-3252|len=184	NC_006114.5:7779436-7784966|strand=+|gene=HSD17B1
65	77	3509	3499	84.615	13	14.7	32	Exon_04|rel=3069-3252|len=184	NC_006114.5:7779436-7784966|strand=+|gene=HSD17B1
19	37	3742	3726	78.947	19	14.7	32	Exon_04|rel=3069-3252|len=184	NC_006114.5:7779436-7784966|strand=+|gene=HSD17B1
154	161	3942	3949	100.000	8	14.7	32	Exon_04|rel=3069-3252|len=184	NC_006114.5:7779436-7784966|strand=+|gene=HSD17B1
71	88	3981	3999	76.190	21	14.7	32	Exon_04|rel=3069-3252|len=184	NC_006114.5:7779436-7784966|strand=+|gene=HSD17B1
115	124	4000	3990	90.909	11	14.7	32	Exon_04|rel=3069-3252|len=184	NC_006114.5:7779436-7784966|strand=+|gene=HSD17B1
6	16	4402	4411	90.909	11	14.7	32	Exon_04|rel=3069-3252|len=184	NC_006114.5:7779436-7784966|strand=+|gene=HSD17B1
128	135	4576	4583	100.000	8	14.7	32	Exon_04|rel=3069-3252|len=184	NC_006114.5:7779436-7784966|strand=+|gene=HSD17B1
7	14	4665	4672	100.000	8	14.7	32	Exon_04|rel=3069-3252|len=184	NC_006114.5:7779436-7784966|strand=+|gene=HSD17B1
132	142	4824	4815	90.909	11	14.7	32	Exon_04|rel=3069-3252|len=184	NC_006114.5:7779436-7784966|strand=+|gene=HSD17B1
160	167	4833	4826	100.000	8	14.7	32	Exon_04|rel=3069-3252|len=184	NC_006114.5:7779436-7784966|strand=+|gene=HSD17B1
86	93	5062	5069	100.000	8	14.7	32	Exon_04|rel=3069-3252|len=184	NC_006114.5:7779436-7784966|strand=+|gene=HSD17B1
137	159	5369	5387	73.913	23	14.7	32	Exon_04|rel=3069-3252|len=184	NC_006114.5:7779436-7784966|strand=+|gene=HSD17B1
83	92	5412	5422	90.909	11	14.7	32	Exon_04|rel=3069-3252|len=184	NC_006114.5:7779436-7784966|strand=+|gene=HSD17B1
155	164	190	181	90.000	10	14.0	90	Exon_04|rel=3069-3252|len=184	NC_006114.5:7779436-7784966|strand=+|gene=HSD17B1
151	160	517	526	90.000	10	14.0	90	Exon_04|rel=3069-3252|len=184	NC_006114.5:7779436-7784966|strand=+|gene=HSD17B1
139	159	538	556	76.190	21	14.0	90	Exon_04|rel=3069-3252|len=184	NC_006114.5:7779436-7784966|strand=+|gene=HSD17B1
98	107	629	638	90.000	10	14.0	90	Exon_04|rel=3069-3252|len=184	NC_006114.5:7779436-7784966|strand=+|gene=HSD17B1
18	30	745	759	80.000	15	14.0	90	Exon_04|rel=3069-3252|len=184	NC_006114.5:7779436-7784966|strand=+|gene=HSD17B1
93	111	1026	1041	78.947	19	14.0	90	Exon_04|rel=3069-3252|len=184	NC_006114.5:7779436-7784966|strand=+|gene=HSD17B1
136	145	1033	1042	90.000	10	14.0	90	Exon_04|rel=3069-3252|len=184	NC_006114.5:7779436-7784966|strand=+|gene=HSD17B1
139	148	2330	2321	90.000	10	14.0	90	Exon_04|rel=3069-3252|len=184	NC_006114.5:7779436-7784966|strand=+|gene=HSD17B1
139	157	2323	2339	75.000	20	14.0	90	Exon_04|rel=3069-3252|len=184	NC_006114.5:7779436-7784966|strand=+|gene=HSD17B1
125	139	2372	2384	80.000	15	14.0	90	Exon_04|rel=3069-3252|len=184	NC_006114.5:7779436-7784966|strand=+|gene=HSD17B1
175	184	2530	2539	90.000	10	14.0	90	Exon_04|rel=3069-3252|len=184	NC_006114.5:7779436-7784966|strand=+|gene=HSD17B1
46	55	2662	2671	90.000	10	14.0	90	Exon_04|rel=3069-3252|len=184	NC_006114.5:7779436-7784966|strand=+|gene=HSD17B1
88	100	2818	2807	84.615	13	14.0	90	Exon_04|rel=3069-3252|len=184	NC_006114.5:7779436-7784966|strand=+|gene=HSD17B1
135	144	3155	3146	90.000	10	14.0	90	Exon_04|rel=3069-3252|len=184	NC_006114.5:7779436-7784966|strand=+|gene=HSD17B1
78	87	3212	3203	90.000	10	14.0	90	Exon_04|rel=3069-3252|len=184	NC_006114.5:7779436-7784966|strand=+|gene=HSD17B1
152	177	3546	3517	70.000	30	14.0	90	Exon_04|rel=3069-3252|len=184	NC_006114.5:7779436-7784966|strand=+|gene=HSD17B1
47	101	3751	3688	64.179	67	14.0	90	Exon_04|rel=3069-3252|len=184	NC_006114.5:7779436-7784966|strand=+|gene=HSD17B1
19	31	3909	3895	80.000	15	14.0	90	Exon_04|rel=3069-3252|len=184	NC_006114.5:7779436-7784966|strand=+|gene=HSD17B1
151	160	4005	3996	90.000	10	14.0	90	Exon_04|rel=3069-3252|len=184	NC_006114.5:7779436-7784966|strand=+|gene=HSD17B1
151	160	4008	3999	90.000	10	14.0	90	Exon_04|rel=3069-3252|len=184	NC_006114.5:7779436-7784966|strand=+|gene=HSD17B1
20	29	4105	4114	90.000	10	14.0	90	Exon_04|rel=3069-3252|len=184	NC_006114.5:7779436-7784966|strand=+|gene=HSD17B1
49	58	4114	4123	90.000	10	14.0	90	Exon_04|rel=3069-3252|len=184	NC_006114.5:7779436-7784966|strand=+|gene=HSD17B1
101	112	4240	4228	84.615	13	14.0	90	Exon_04|rel=3069-3252|len=184	NC_006114.5:7779436-7784966|strand=+|gene=HSD17B1
155	164	4606	4615	90.000	10	14.0	90	Exon_04|rel=3069-3252|len=184	NC_006114.5:7779436-7784966|strand=+|gene=HSD17B1
100	112	4919	4905	80.000	15	14.0	90	Exon_04|rel=3069-3252|len=184	NC_006114.5:7779436-7784966|strand=+|gene=HSD17B1
83	92	5230	5221	90.000	10	14.0	90	Exon_04|rel=3069-3252|len=184	NC_006114.5:7779436-7784966|strand=+|gene=HSD17B1
7	26	5446	5463	76.190	21	14.0	90	Exon_04|rel=3069-3252|len=184	NC_006114.5:7779436-7784966|strand=+|gene=HSD17B1
160	169	5460	5469	90.000	10	14.0	90	Exon_04|rel=3069-3252|len=184	NC_006114.5:7779436-7784966|strand=+|gene=HSD17B1
28	34	1	7	100.000	7	13.2	90	Exon_04|rel=3069-3252|len=184	NC_006114.5:7779436-7784966|strand=+|gene=HSD17B1
69	75	28	34	100.000	7	13.2	90	Exon_04|rel=3069-3252|len=184	NC_006114.5:7779436-7784966|strand=+|gene=HSD17B1
7	13	131	125	100.000	7	13.2	90	Exon_04|rel=3069-3252|len=184	NC_006114.5:7779436-7784966|strand=+|gene=HSD17B1
36	42	261	267	100.000	7	13.2	90	Exon_04|rel=3069-3252|len=184	NC_006114.5:7779436-7784966|strand=+|gene=HSD17B1
57	63	315	309	100.000	7	13.2	90	Exon_04|rel=3069-3252|len=184	NC_006114.5:7779436-7784966|strand=+|gene=HSD17B1
18	24	333	339	100.000	7	13.2	90	Exon_04|rel=3069-3252|len=184	NC_006114.5:7779436-7784966|strand=+|gene=HSD17B1
7	13	385	391	100.000	7	13.2	90	Exon_04|rel=3069-3252|len=184	NC_006114.5:7779436-7784966|strand=+|gene=HSD17B1
148	154	460	466	100.000	7	13.2	90	Exon_04|rel=3069-3252|len=184	NC_006114.5:7779436-7784966|strand=+|gene=HSD17B1
23	29	525	531	100.000	7	13.2	90	Exon_04|rel=3069-3252|len=184	NC_006114.5:7779436-7784966|strand=+|gene=HSD17B1
4	10	559	553	100.000	7	13.2	90	Exon_04|rel=3069-3252|len=184	NC_006114.5:7779436-7784966|strand=+|gene=HSD17B1
109	143	716	749	70.270	37	13.2	90	Exon_04|rel=3069-3252|len=184	NC_006114.5:7779436-7784966|strand=+|gene=HSD17B1
126	132	756	762	100.000	7	13.2	90	Exon_04|rel=3069-3252|len=184	NC_006114.5:7779436-7784966|strand=+|gene=HSD17B1
7	13	1048	1054	100.000	7	13.2	90	Exon_04|rel=3069-3252|len=184	NC_006114.5:7779436-7784966|strand=+|gene=HSD17B1
160	166	1132	1138	100.000	7	13.2	90	Exon_04|rel=3069-3252|len=184	NC_006114.5:7779436-7784966|strand=+|gene=HSD17B1
10	16	1162	1168	100.000	7	13.2	90	Exon_04|rel=3069-3252|len=184	NC_006114.5:7779436-7784966|strand=+|gene=HSD17B1
5	11	1220	1226	100.000	7	13.2	90	Exon_04|rel=3069-3252|len=184	NC_006114.5:7779436-7784966|strand=+|gene=HSD17B1
87	93	1221	1227	100.000	7	13.2	90	Exon_04|rel=3069-3252|len=184	NC_006114.5:7779436-7784966|strand=+|gene=HSD17B1
50	56	1271	1265	100.000	7	13.2	90	Exon_04|rel=3069-3252|len=184	NC_006114.5:7779436-7784966|strand=+|gene=HSD17B1
101	107	1268	1274	100.000	7	13.2	90	Exon_04|rel=3069-3252|len=184	NC_006114.5:7779436-7784966|strand=+|gene=HSD17B1
85	91	1392	1398	100.000	7	13.2	90	Exon_04|rel=3069-3252|len=184	NC_006114.5:7779436-7784966|strand=+|gene=HSD17B1
7	13	1407	1401	100.000	7	13.2	90	Exon_04|rel=3069-3252|len=184	NC_006114.5:7779436-7784966|strand=+|gene=HSD17B1
125	131	1453	1459	100.000	7	13.2	90	Exon_04|rel=3069-3252|len=184	NC_006114.5:7779436-7784966|strand=+|gene=HSD17B1
77	83	1627	1621	100.000	7	13.2	90	Exon_04|rel=3069-3252|len=184	NC_006114.5:7779436-7784966|strand=+|gene=HSD17B1
84	90	1775	1781	100.000	7	13.2	90	Exon_04|rel=3069-3252|len=184	NC_006114.5:7779436-7784966|strand=+|gene=HSD17B1
76	82	1844	1850	100.000	7	13.2	90	Exon_04|rel=3069-3252|len=184	NC_006114.5:7779436-7784966|strand=+|gene=HSD17B1
77	83	1863	1857	100.000	7	13.2	90	Exon_04|rel=3069-3252|len=184	NC_006114.5:7779436-7784966|strand=+|gene=HSD17B1
127	133	1972	1978	100.000	7	13.2	90	Exon_04|rel=3069-3252|len=184	NC_006114.5:7779436-7784966|strand=+|gene=HSD17B1
178	184	2004	1998	100.000	7	13.2	90	Exon_04|rel=3069-3252|len=184	NC_006114.5:7779436-7784966|strand=+|gene=HSD17B1
88	94	2095	2089	100.000	7	13.2	90	Exon_04|rel=3069-3252|len=184	NC_006114.5:7779436-7784966|strand=+|gene=HSD17B1
31	37	2187	2181	100.000	7	13.2	90	Exon_04|rel=3069-3252|len=184	NC_006114.5:7779436-7784966|strand=+|gene=HSD17B1
178	184	2260	2254	100.000	7	13.2	90	Exon_04|rel=3069-3252|len=184	NC_006114.5:7779436-7784966|strand=+|gene=HSD17B1
18	24	2350	2344	100.000	7	13.2	90	Exon_04|rel=3069-3252|len=184	NC_006114.5:7779436-7784966|strand=+|gene=HSD17B1
155	161	2435	2429	100.000	7	13.2	90	Exon_04|rel=3069-3252|len=184	NC_006114.5:7779436-7784966|strand=+|gene=HSD17B1
152	158	2478	2472	100.000	7	13.2	90	Exon_04|rel=3069-3252|len=184	NC_006114.5:7779436-7784966|strand=+|gene=HSD17B1
83	89	2797	2803	100.000	7	13.2	90	Exon_04|rel=3069-3252|len=184	NC_006114.5:7779436-7784966|strand=+|gene=HSD17B1
178	184	2868	2862	100.000	7	13.2	90	Exon_04|rel=3069-3252|len=184	NC_006114.5:7779436-7784966|strand=+|gene=HSD17B1
67	73	3576	3582	100.000	7	13.2	90	Exon_04|rel=3069-3252|len=184	NC_006114.5:7779436-7784966|strand=+|gene=HSD17B1
23	29	3587	3581	100.000	7	13.2	90	Exon_04|rel=3069-3252|len=184	NC_006114.5:7779436-7784966|strand=+|gene=HSD17B1
119	125	3629	3635	100.000	7	13.2	90	Exon_04|rel=3069-3252|len=184	NC_006114.5:7779436-7784966|strand=+|gene=HSD17B1
125	131	3670	3676	100.000	7	13.2	90	Exon_04|rel=3069-3252|len=184	NC_006114.5:7779436-7784966|strand=+|gene=HSD17B1
178	184	3900	3906	100.000	7	13.2	90	Exon_04|rel=3069-3252|len=184	NC_006114.5:7779436-7784966|strand=+|gene=HSD17B1
56	62	3930	3936	100.000	7	13.2	90	Exon_04|rel=3069-3252|len=184	NC_006114.5:7779436-7784966|strand=+|gene=HSD17B1
154	160	3957	3963	100.000	7	13.2	90	Exon_04|rel=3069-3252|len=184	NC_006114.5:7779436-7784966|strand=+|gene=HSD17B1
115	121	4003	3997	100.000	7	13.2	90	Exon_04|rel=3069-3252|len=184	NC_006114.5:7779436-7784966|strand=+|gene=HSD17B1
115	121	4006	4000	100.000	7	13.2	90	Exon_04|rel=3069-3252|len=184	NC_006114.5:7779436-7784966|strand=+|gene=HSD17B1
155	161	4062	4068	100.000	7	13.2	90	Exon_04|rel=3069-3252|len=184	NC_006114.5:7779436-7784966|strand=+|gene=HSD17B1
154	160	4331	4325	100.000	7	13.2	90	Exon_04|rel=3069-3252|len=184	NC_006114.5:7779436-7784966|strand=+|gene=HSD17B1
131	137	4485	4479	100.000	7	13.2	90	Exon_04|rel=3069-3252|len=184	NC_006114.5:7779436-7784966|strand=+|gene=HSD17B1
178	184	4558	4552	100.000	7	13.2	90	Exon_04|rel=3069-3252|len=184	NC_006114.5:7779436-7784966|strand=+|gene=HSD17B1
8	14	4581	4587	100.000	7	13.2	90	Exon_04|rel=3069-3252|len=184	NC_006114.5:7779436-7784966|strand=+|gene=HSD17B1
130	136	4591	4597	100.000	7	13.2	90	Exon_04|rel=3069-3252|len=184	NC_006114.5:7779436-7784966|strand=+|gene=HSD17B1
139	145	4627	4621	100.000	7	13.2	90	Exon_04|rel=3069-3252|len=184	NC_006114.5:7779436-7784966|strand=+|gene=HSD17B1
124	130	4651	4657	100.000	7	13.2	90	Exon_04|rel=3069-3252|len=184	NC_006114.5:7779436-7784966|strand=+|gene=HSD17B1
178	184	4651	4657	100.000	7	13.2	90	Exon_04|rel=3069-3252|len=184	NC_006114.5:7779436-7784966|strand=+|gene=HSD17B1
155	161	4810	4804	100.000	7	13.2	90	Exon_04|rel=3069-3252|len=184	NC_006114.5:7779436-7784966|strand=+|gene=HSD17B1
145	151	4823	4829	100.000	7	13.2	90	Exon_04|rel=3069-3252|len=184	NC_006114.5:7779436-7784966|strand=+|gene=HSD17B1
76	82	4931	4925	100.000	7	13.2	90	Exon_04|rel=3069-3252|len=184	NC_006114.5:7779436-7784966|strand=+|gene=HSD17B1
76	82	5082	5088	100.000	7	13.2	90	Exon_04|rel=3069-3252|len=184	NC_006114.5:7779436-7784966|strand=+|gene=HSD17B1
159	165	5246	5252	100.000	7	13.2	90	Exon_04|rel=3069-3252|len=184	NC_006114.5:7779436-7784966|strand=+|gene=HSD17B1
50	56	5384	5378	100.000	7	13.2	90	Exon_04|rel=3069-3252|len=184	NC_006114.5:7779436-7784966|strand=+|gene=HSD17B1
49	55	5416	5422	100.000	7	13.2	90	Exon_04|rel=3069-3252|len=184	NC_006114.5:7779436-7784966|strand=+|gene=HSD17B1
163	169	5474	5480	100.000	7	13.2	90	Exon_04|rel=3069-3252|len=184	NC_006114.5:7779436-7784966|strand=+|gene=HSD17B1
1	205	3327	3531	100.000	205	307	2.74e-87	Exon_05|rel=3327-3531|len=205	NC_006114.5:7779436-7784966|strand=+|gene=HSD17B1
28	145	3815	3931	68.504	127	39.2	2.54e-06	Exon_05|rel=3327-3531|len=205	NC_006114.5:7779436-7784966|strand=+|gene=HSD17B1
18	91	3942	4008	72.368	76	35.5	1.99e-05	Exon_05|rel=3327-3531|len=205	NC_006114.5:7779436-7784966|strand=+|gene=HSD17B1
31	102	4139	4218	70.238	84	31.8	4.37e-04	Exon_05|rel=3327-3531|len=205	NC_006114.5:7779436-7784966|strand=+|gene=HSD17B1
20	118	3655	3755	68.224	107	31.1	4.37e-04	Exon_05|rel=3327-3531|len=205	NC_006114.5:7779436-7784966|strand=+|gene=HSD17B1
22	106	3926	4005	69.767	86	30.3	0.001	Exon_05|rel=3327-3531|len=205	NC_006114.5:7779436-7784966|strand=+|gene=HSD17B1
55	107	4149	4202	74.545	55	30.3	0.001	Exon_05|rel=3327-3531|len=205	NC_006114.5:7779436-7784966|strand=+|gene=HSD17B1
35	104	557	496	68.919	74	25.9	0.027	Exon_05|rel=3327-3531|len=205	NC_006114.5:7779436-7784966|strand=+|gene=HSD17B1
44	79	1300	1265	76.923	39	25.9	0.027	Exon_05|rel=3327-3531|len=205	NC_006114.5:7779436-7784966|strand=+|gene=HSD17B1
17	107	3433	3343	68.041	97	25.9	0.027	Exon_05|rel=3327-3531|len=205	NC_006114.5:7779436-7784966|strand=+|gene=HSD17B1
13	37	3860	3837	84.615	26	25.9	0.027	Exon_05|rel=3327-3531|len=205	NC_006114.5:7779436-7784966|strand=+|gene=HSD17B1
155	171	2164	2147	94.444	18	25.1	0.027	Exon_05|rel=3327-3531|len=205	NC_006114.5:7779436-7784966|strand=+|gene=HSD17B1
34	84	3295	3246	72.222	54	25.1	0.027	Exon_05|rel=3327-3531|len=205	NC_006114.5:7779436-7784966|strand=+|gene=HSD17B1
18	101	3870	3793	67.816	87	25.1	0.027	Exon_05|rel=3327-3531|len=205	NC_006114.5:7779436-7784966|strand=+|gene=HSD17B1
21	185	4206	4055	64.607	178	25.1	0.027	Exon_05|rel=3327-3531|len=205	NC_006114.5:7779436-7784966|strand=+|gene=HSD17B1
8	64	2379	2441	69.841	63	24.4	0.075	Exon_05|rel=3327-3531|len=205	NC_006114.5:7779436-7784966|strand=+|gene=HSD17B1
8	56	3158	3207	72.549	51	24.4	0.075	Exon_05|rel=3327-3531|len=205	NC_006114.5:7779436-7784966|strand=+|gene=HSD17B1
13	93	3785	3698	67.391	92	24.4	0.075	Exon_05|rel=3327-3531|len=205	NC_006114.5:7779436-7784966|strand=+|gene=HSD17B1
20	100	4156	4249	66.337	101	24.4	0.075	Exon_05|rel=3327-3531|len=205	NC_006114.5:7779436-7784966|strand=+|gene=HSD17B1
42	83	109	69	75.000	44	23.6	0.075	Exon_05|rel=3327-3531|len=205	NC_006114.5:7779436-7784966|strand=+|gene=HSD17B1
32	81	497	547	71.698	53	23.6	0.075	Exon_05|rel=3327-3531|len=205	NC_006114.5:7779436-7784966|strand=+|gene=HSD17B1
27	185	4009	3878	63.804	163	23.6	0.075	Exon_05|rel=3327-3531|len=205	NC_006114.5:7779436-7784966|strand=+|gene=HSD17B1
150	175	4309	4283	81.481	27	23.6	0.075	Exon_05|rel=3327-3531|len=205	NC_006114.5:7779436-7784966|strand=+|gene=HSD17B1
48	71	4408	4385	83.333	24	23.6	0.075	Exon_05|rel=3327-3531|len=205	NC_006114.5:7779436-7784966|strand=+|gene=HSD17B1
4	64	4966	4901	69.565	69	23.6	0.075	Exon_05|rel=3327-3531|len=205	NC_006114.5:7779436-7784966|strand=+|gene=HSD17B1
150	179	144	175	78.788	33	22.9	0.21	Exon_05|rel=3327-3531|len=205	NC_006114.5:7779436-7784966|strand=+|gene=HSD17B1
20	93	3265	3182	68.605	86	22.9	0.21	Exon_05|rel=3327-3531|len=205	NC_006114.5:7779436-7784966|strand=+|gene=HSD17B1
62	182	3815	3931	65.649	131	22.9	0.21	Exon_05|rel=3327-3531|len=205	NC_006114.5:7779436-7784966|strand=+|gene=HSD17B1
36	87	4907	4956	71.154	52	22.9	0.21	Exon_05|rel=3327-3531|len=205	NC_006114.5:7779436-7784966|strand=+|gene=HSD17B1
138	177	2433	2393	74.419	43	22.2	0.21	Exon_05|rel=3327-3531|len=205	NC_006114.5:7779436-7784966|strand=+|gene=HSD17B1
42	106	763	691	68.919	74	21.4	0.59	Exon_05|rel=3327-3531|len=205	NC_006114.5:7779436-7784966|strand=+|gene=HSD17B1
18	79	2348	2412	66.197	71	21.4	0.59	Exon_05|rel=3327-3531|len=205	NC_006114.5:7779436-7784966|strand=+|gene=HSD17B1
140	159	2489	2470	85.000	20	21.4	0.59	Exon_05|rel=3327-3531|len=205	NC_006114.5:7779436-7784966|strand=+|gene=HSD17B1
34	179	4128	3981	64.815	162	21.4	0.59	Exon_05|rel=3327-3531|len=205	NC_006114.5:7779436-7784966|strand=+|gene=HSD17B1
56	103	4039	4090	71.698	53	21.4	0.59	Exon_05|rel=3327-3531|len=205	NC_006114.5:7779436-7784966|strand=+|gene=HSD17B1
144	184	4171	4135	73.810	42	21.4	0.59	Exon_05|rel=3327-3531|len=205	NC_006114.5:7779436-7784966|strand=+|gene=HSD17B1
148	184	721	689	72.973	37	20.7	0.59	Exon_05|rel=3327-3531|len=205	NC_006114.5:7779436-7784966|strand=+|gene=HSD17B1
56	106	884	938	68.966	58	20.7	0.59	Exon_05|rel=3327-3531|len=205	NC_006114.5:7779436-7784966|strand=+|gene=HSD17B1
73	92	3257	3275	85.000	20	20.7	0.59	Exon_05|rel=3327-3531|len=205	NC_006114.5:7779436-7784966|strand=+|gene=HSD17B1
10	108	4182	4290	65.812	117	20.7	0.59	Exon_05|rel=3327-3531|len=205	NC_006114.5:7779436-7784966|strand=+|gene=HSD17B1
25	97	4262	4185	67.073	82	20.7	0.59	Exon_05|rel=3327-3531|len=205	NC_006114.5:7779436-7784966|strand=+|gene=HSD17B1
33	91	2346	2418	67.105	76	19.9	1.7	Exon_05|rel=3327-3531|len=205	NC_006114.5:7779436-7784966|strand=+|gene=HSD17B1
140	184	3348	3391	70.833	48	19.9	1.7	Exon_05|rel=3327-3531|len=205	NC_006114.5:7779436-7784966|strand=+|gene=HSD17B1
22	65	3466	3510	70.833	48	19.9	1.7	Exon_05|rel=3327-3531|len=205	NC_006114.5:7779436-7784966|strand=+|gene=HSD17B1
22	75	4108	4051	68.333	60	19.9	1.7	Exon_05|rel=3327-3531|len=205	NC_006114.5:7779436-7784966|strand=+|gene=HSD17B1
40	77	5382	5419	73.171	41	19.9	1.7	Exon_05|rel=3327-3531|len=205	NC_006114.5:7779436-7784966|strand=+|gene=HSD17B1
58	71	5466	5453	92.857	14	19.9	1.7	Exon_05|rel=3327-3531|len=205	NC_006114.5:7779436-7784966|strand=+|gene=HSD17B1
153	180	313	339	75.862	29	19.2	1.7	Exon_05|rel=3327-3531|len=205	NC_006114.5:7779436-7784966|strand=+|gene=HSD17B1
8	18	318	328	100.000	11	19.2	1.7	Exon_05|rel=3327-3531|len=205	NC_006114.5:7779436-7784966|strand=+|gene=HSD17B1
73	106	496	524	73.529	34	19.2	1.7	Exon_05|rel=3327-3531|len=205	NC_006114.5:7779436-7784966|strand=+|gene=HSD17B1
30	182	4049	4201	63.314	169	19.2	1.7	Exon_05|rel=3327-3531|len=205	NC_006114.5:7779436-7784966|strand=+|gene=HSD17B1
19	29	4062	4072	100.000	11	19.2	1.7	Exon_05|rel=3327-3531|len=205	NC_006114.5:7779436-7784966|strand=+|gene=HSD17B1
12	46	4350	4316	72.973	37	19.2	1.7	Exon_05|rel=3327-3531|len=205	NC_006114.5:7779436-7784966|strand=+|gene=HSD17B1
14	62	4400	4355	70.000	50	19.2	1.7	Exon_05|rel=3327-3531|len=205	NC_006114.5:7779436-7784966|strand=+|gene=HSD17B1
23	45	511	531	79.167	24	18.4	4.6	Exon_05|rel=3327-3531|len=205	NC_006114.5:7779436-7784966|strand=+|gene=HSD17B1
69	81	1039	1051	92.308	13	18.4	4.6	Exon_05|rel=3327-3531|len=205	NC_006114.5:7779436-7784966|strand=+|gene=HSD17B1
138	160	3388	3410	78.261	23	18.4	4.6	Exon_05|rel=3327-3531|len=205	NC_006114.5:7779436-7784966|strand=+|gene=HSD17B1
62	84	3464	3486	78.261	23	18.4	4.6	Exon_05|rel=3327-3531|len=205	NC_006114.5:7779436-7784966|strand=+|gene=HSD17B1
53	89	3527	3561	71.795	39	18.4	4.6	Exon_05|rel=3327-3531|len=205	NC_006114.5:7779436-7784966|strand=+|gene=HSD17B1
18	104	4002	3915	64.948	97	18.4	4.6	Exon_05|rel=3327-3531|len=205	NC_006114.5:7779436-7784966|strand=+|gene=HSD17B1
62	77	3924	3938	87.500	16	18.4	4.6	Exon_05|rel=3327-3531|len=205	NC_006114.5:7779436-7784966|strand=+|gene=HSD17B1
63	87	325	301	76.923	26	17.7	4.6	Exon_05|rel=3327-3531|len=205	NC_006114.5:7779436-7784966|strand=+|gene=HSD17B1
134	151	306	322	83.333	18	17.7	4.6	Exon_05|rel=3327-3531|len=205	NC_006114.5:7779436-7784966|strand=+|gene=HSD17B1
98	107	318	309	100.000	10	17.7	4.6	Exon_05|rel=3327-3531|len=205	NC_006114.5:7779436-7784966|strand=+|gene=HSD17B1
139	178	508	545	71.429	42	17.7	4.6	Exon_05|rel=3327-3531|len=205	NC_006114.5:7779436-7784966|strand=+|gene=HSD17B1
31	58	840	807	71.429	35	17.7	4.6	Exon_05|rel=3327-3531|len=205	NC_006114.5:7779436-7784966|strand=+|gene=HSD17B1
33	104	909	973	67.105	76	17.7	4.6	Exon_05|rel=3327-3531|len=205	NC_006114.5:7779436-7784966|strand=+|gene=HSD17B1
159	176	3733	3749	83.333	18	17.7	4.6	Exon_05|rel=3327-3531|len=205	NC_006114.5:7779436-7784966|strand=+|gene=HSD17B1
22	57	4009	3972	70.000	40	17.7	4.6	Exon_05|rel=3327-3531|len=205	NC_006114.5:7779436-7784966|strand=+|gene=HSD17B1
145	175	4344	4377	69.444	36	17.7	4.6	Exon_05|rel=3327-3531|len=205	NC_006114.5:7779436-7784966|strand=+|gene=HSD17B1
14	54	4476	4428	68.000	50	17.7	4.6	Exon_05|rel=3327-3531|len=205	NC_006114.5:7779436-7784966|strand=+|gene=HSD17B1
175	187	4883	4894	92.308	13	17.7	4.6	Exon_05|rel=3327-3531|len=205	NC_006114.5:7779436-7784966|strand=+|gene=HSD17B1
79	123	7	48	69.565	46	17.0	13	Exon_05|rel=3327-3531|len=205	NC_006114.5:7779436-7784966|strand=+|gene=HSD17B1
66	77	598	609	91.667	12	17.0	13	Exon_05|rel=3327-3531|len=205	NC_006114.5:7779436-7784966|strand=+|gene=HSD17B1
41	65	712	689	76.000	25	17.0	13	Exon_05|rel=3327-3531|len=205	NC_006114.5:7779436-7784966|strand=+|gene=HSD17B1
19	93	2865	2790	65.854	82	17.0	13	Exon_05|rel=3327-3531|len=205	NC_006114.5:7779436-7784966|strand=+|gene=HSD17B1
86	127	3124	3163	69.767	43	17.0	13	Exon_05|rel=3327-3531|len=205	NC_006114.5:7779436-7784966|strand=+|gene=HSD17B1
81	107	3546	3520	75.862	29	17.0	13	Exon_05|rel=3327-3531|len=205	NC_006114.5:7779436-7784966|strand=+|gene=HSD17B1
70	86	4984	5000	82.353	17	17.0	13	Exon_05|rel=3327-3531|len=205	NC_006114.5:7779436-7784966|strand=+|gene=HSD17B1
14	28	5321	5334	86.667	15	17.0	13	Exon_05|rel=3327-3531|len=205	NC_006114.5:7779436-7784966|strand=+|gene=HSD17B1
18	48	520	559	67.500	40	16.2	13	Exon_05|rel=3327-3531|len=205	NC_006114.5:7779436-7784966|strand=+|gene=HSD17B1
96	169	688	764	64.634	82	16.2	13	Exon_05|rel=3327-3531|len=205	NC_006114.5:7779436-7784966|strand=+|gene=HSD17B1
62	75	2349	2336	85.714	14	16.2	13	Exon_05|rel=3327-3531|len=205	NC_006114.5:7779436-7784966|strand=+|gene=HSD17B1
162	170	2536	2544	100.000	9	16.2	13	Exon_05|rel=3327-3531|len=205	NC_006114.5:7779436-7784966|strand=+|gene=HSD17B1
170	185	3082	3098	82.353	17	16.2	13	Exon_05|rel=3327-3531|len=205	NC_006114.5:7779436-7784966|strand=+|gene=HSD17B1
153	166	3162	3175	85.714	14	16.2	13	Exon_05|rel=3327-3531|len=205	NC_006114.5:7779436-7784966|strand=+|gene=HSD17B1
110	118	4022	4030	100.000	9	16.2	13	Exon_05|rel=3327-3531|len=205	NC_006114.5:7779436-7784966|strand=+|gene=HSD17B1
159	179	4045	4064	78.261	23	16.2	13	Exon_05|rel=3327-3531|len=205	NC_006114.5:7779436-7784966|strand=+|gene=HSD17B1
155	168	4343	4330	85.714	14	16.2	13	Exon_05|rel=3327-3531|len=205	NC_006114.5:7779436-7784966|strand=+|gene=HSD17B1
62	70	4883	4891	100.000	9	16.2	13	Exon_05|rel=3327-3531|len=205	NC_006114.5:7779436-7784966|strand=+|gene=HSD17B1
12	23	5053	5063	91.667	12	16.2	13	Exon_05|rel=3327-3531|len=205	NC_006114.5:7779436-7784966|strand=+|gene=HSD17B1
152	173	5331	5351	77.273	22	16.2	13	Exon_05|rel=3327-3531|len=205	NC_006114.5:7779436-7784966|strand=+|gene=HSD17B1
21	41	94	76	76.190	21	15.5	36	Exon_05|rel=3327-3531|len=205	NC_006114.5:7779436-7784966|strand=+|gene=HSD17B1
152	165	1129	1141	85.714	14	15.5	36	Exon_05|rel=3327-3531|len=205	NC_006114.5:7779436-7784966|strand=+|gene=HSD17B1
41	51	1365	1375	90.909	11	15.5	36	Exon_05|rel=3327-3531|len=205	NC_006114.5:7779436-7784966|strand=+|gene=HSD17B1
170	199	1782	1752	69.697	33	15.5	36	Exon_05|rel=3327-3531|len=205	NC_006114.5:7779436-7784966|strand=+|gene=HSD17B1
159	171	1854	1867	85.714	14	15.5	36	Exon_05|rel=3327-3531|len=205	NC_006114.5:7779436-7784966|strand=+|gene=HSD17B1
75	85	2001	1991	90.909	11	15.5	36	Exon_05|rel=3327-3531|len=205	NC_006114.5:7779436-7784966|strand=+|gene=HSD17B1
75	85	2194	2204	90.909	11	15.5	36	Exon_05|rel=3327-3531|len=205	NC_006114.5:7779436-7784966|strand=+|gene=HSD17B1
162	182	2865	2845	76.190	21	15.5	36	Exon_05|rel=3327-3531|len=205	NC_006114.5:7779436-7784966|strand=+|gene=HSD17B1
163	175	2994	3007	85.714	14	15.5	36	Exon_05|rel=3327-3531|len=205	NC_006114.5:7779436-7784966|strand=+|gene=HSD17B1
94	104	3014	3004	90.909	11	15.5	36	Exon_05|rel=3327-3531|len=205	NC_006114.5:7779436-7784966|strand=+|gene=HSD17B1
172	182	3273	3263	90.909	11	15.5	36	Exon_05|rel=3327-3531|len=205	NC_006114.5:7779436-7784966|strand=+|gene=HSD17B1
96	106	3779	3789	90.909	11	15.5	36	Exon_05|rel=3327-3531|len=205	NC_006114.5:7779436-7784966|strand=+|gene=HSD17B1
138	148	3815	3825	90.909	11	15.5	36	Exon_05|rel=3327-3531|len=205	NC_006114.5:7779436-7784966|strand=+|gene=HSD17B1
135	145	4880	4890	90.909	11	15.5	36	Exon_05|rel=3327-3531|len=205	NC_006114.5:7779436-7784966|strand=+|gene=HSD17B1
74	90	5419	5402	78.947	19	15.5	36	Exon_05|rel=3327-3531|len=205	NC_006114.5:7779436-7784966|strand=+|gene=HSD17B1
63	70	11	18	100.000	8	14.7	36	Exon_05|rel=3327-3531|len=205	NC_006114.5:7779436-7784966|strand=+|gene=HSD17B1
99	106	310	317	100.000	8	14.7	36	Exon_05|rel=3327-3531|len=205	NC_006114.5:7779436-7784966|strand=+|gene=HSD17B1
193	205	386	398	84.615	13	14.7	36	Exon_05|rel=3327-3531|len=205	NC_006114.5:7779436-7784966|strand=+|gene=HSD17B1
69	76	444	451	100.000	8	14.7	36	Exon_05|rel=3327-3531|len=205	NC_006114.5:7779436-7784966|strand=+|gene=HSD17B1
18	25	608	615	100.000	8	14.7	36	Exon_05|rel=3327-3531|len=205	NC_006114.5:7779436-7784966|strand=+|gene=HSD17B1
151	167	694	675	75.000	20	14.7	36	Exon_05|rel=3327-3531|len=205	NC_006114.5:7779436-7784966|strand=+|gene=HSD17B1
32	44	794	782	84.615	13	14.7	36	Exon_05|rel=3327-3531|len=205	NC_006114.5:7779436-7784966|strand=+|gene=HSD17B1
66	73	1012	1005	100.000	8	14.7	36	Exon_05|rel=3327-3531|len=205	NC_006114.5:7779436-7784966|strand=+|gene=HSD17B1
78	85	1662	1655	100.000	8	14.7	36	Exon_05|rel=3327-3531|len=205	NC_006114.5:7779436-7784966|strand=+|gene=HSD17B1
154	166	1826	1814	84.615	13	14.7	36	Exon_05|rel=3327-3531|len=205	NC_006114.5:7779436-7784966|strand=+|gene=HSD17B1
174	181	2350	2343	100.000	8	14.7	36	Exon_05|rel=3327-3531|len=205	NC_006114.5:7779436-7784966|strand=+|gene=HSD17B1
19	26	2435	2428	100.000	8	14.7	36	Exon_05|rel=3327-3531|len=205	NC_006114.5:7779436-7784966|strand=+|gene=HSD17B1
84	91	2795	2802	100.000	8	14.7	36	Exon_05|rel=3327-3531|len=205	NC_006114.5:7779436-7784966|strand=+|gene=HSD17B1
69	76	2937	2930	100.000	8	14.7	36	Exon_05|rel=3327-3531|len=205	NC_006114.5:7779436-7784966|strand=+|gene=HSD17B1
12	19	2970	2977	100.000	8	14.7	36	Exon_05|rel=3327-3531|len=205	NC_006114.5:7779436-7784966|strand=+|gene=HSD17B1
18	25	3222	3229	100.000	8	14.7	36	Exon_05|rel=3327-3531|len=205	NC_006114.5:7779436-7784966|strand=+|gene=HSD17B1
138	145	3270	3263	100.000	8	14.7	36	Exon_05|rel=3327-3531|len=205	NC_006114.5:7779436-7784966|strand=+|gene=HSD17B1
175	182	3388	3395	100.000	8	14.7	36	Exon_05|rel=3327-3531|len=205	NC_006114.5:7779436-7784966|strand=+|gene=HSD17B1
99	106	3432	3425	100.000	8	14.7	36	Exon_05|rel=3327-3531|len=205	NC_006114.5:7779436-7784966|strand=+|gene=HSD17B1
62	69	3501	3508	100.000	8	14.7	36	Exon_05|rel=3327-3531|len=205	NC_006114.5:7779436-7784966|strand=+|gene=HSD17B1
33	40	3679	3672	100.000	8	14.7	36	Exon_05|rel=3327-3531|len=205	NC_006114.5:7779436-7784966|strand=+|gene=HSD17B1
175	182	3815	3822	100.000	8	14.7	36	Exon_05|rel=3327-3531|len=205	NC_006114.5:7779436-7784966|strand=+|gene=HSD17B1
62	69	3888	3881	100.000	8	14.7	36	Exon_05|rel=3327-3531|len=205	NC_006114.5:7779436-7784966|strand=+|gene=HSD17B1
197	204	4166	4173	100.000	8	14.7	36	Exon_05|rel=3327-3531|len=205	NC_006114.5:7779436-7784966|strand=+|gene=HSD17B1
197	204	4232	4239	100.000	8	14.7	36	Exon_05|rel=3327-3531|len=205	NC_006114.5:7779436-7784966|strand=+|gene=HSD17B1
151	158	4263	4256	100.000	8	14.7	36	Exon_05|rel=3327-3531|len=205	NC_006114.5:7779436-7784966|strand=+|gene=HSD17B1
150	157	4334	4327	100.000	8	14.7	36	Exon_05|rel=3327-3531|len=205	NC_006114.5:7779436-7784966|strand=+|gene=HSD17B1
178	185	4382	4375	100.000	8	14.7	36	Exon_05|rel=3327-3531|len=205	NC_006114.5:7779436-7784966|strand=+|gene=HSD17B1
175	182	4394	4387	100.000	8	14.7	36	Exon_05|rel=3327-3531|len=205	NC_006114.5:7779436-7784966|strand=+|gene=HSD17B1
138	145	4394	4387	100.000	8	14.7	36	Exon_05|rel=3327-3531|len=205	NC_006114.5:7779436-7784966|strand=+|gene=HSD17B1
77	84	4488	4495	100.000	8	14.7	36	Exon_05|rel=3327-3531|len=205	NC_006114.5:7779436-7784966|strand=+|gene=HSD17B1
58	65	5043	5050	100.000	8	14.7	36	Exon_05|rel=3327-3531|len=205	NC_006114.5:7779436-7784966|strand=+|gene=HSD17B1
171	178	5066	5059	100.000	8	14.7	36	Exon_05|rel=3327-3531|len=205	NC_006114.5:7779436-7784966|strand=+|gene=HSD17B1
117	124	5110	5103	100.000	8	14.7	36	Exon_05|rel=3327-3531|len=205	NC_006114.5:7779436-7784966|strand=+|gene=HSD17B1
10	17	5112	5105	100.000	8	14.7	36	Exon_05|rel=3327-3531|len=205	NC_006114.5:7779436-7784966|strand=+|gene=HSD17B1
161	168	5159	5152	100.000	8	14.7	36	Exon_05|rel=3327-3531|len=205	NC_006114.5:7779436-7784966|strand=+|gene=HSD17B1
