1	242	2001	2242	100.000	242	362	2.03e-103	Exon_01|rel=2001-2242|len=242	NC_006088.5:171141861-171154064|strand=-|gene=DLEU7
28	103	2653	2581	67.857	84	25.1	0.071	Exon_01|rel=2001-2242|len=242	NC_006088.5:171141861-171154064|strand=-|gene=DLEU7
214	228	195	181	93.333	15	21.4	1.6	Exon_01|rel=2001-2242|len=242	NC_006088.5:171141861-171154064|strand=-|gene=DLEU7
213	235	2370	2349	82.609	23	21.4	1.6	Exon_01|rel=2001-2242|len=242	NC_006088.5:171141861-171154064|strand=-|gene=DLEU7
82	93	135	146	100.000	12	20.7	1.6	Exon_01|rel=2001-2242|len=242	NC_006088.5:171141861-171154064|strand=-|gene=DLEU7
162	193	424	453	75.000	32	20.7	1.6	Exon_01|rel=2001-2242|len=242	NC_006088.5:171141861-171154064|strand=-|gene=DLEU7
159	180	1309	1290	82.609	23	20.7	1.6	Exon_01|rel=2001-2242|len=242	NC_006088.5:171141861-171154064|strand=-|gene=DLEU7
177	188	7312	7323	100.000	12	20.7	1.6	Exon_01|rel=2001-2242|len=242	NC_006088.5:171141861-171154064|strand=-|gene=DLEU7
141	152	7556	7567	100.000	12	20.7	1.6	Exon_01|rel=2001-2242|len=242	NC_006088.5:171141861-171154064|strand=-|gene=DLEU7
144	167	8785	8812	78.571	28	20.7	1.6	Exon_01|rel=2001-2242|len=242	NC_006088.5:171141861-171154064|strand=-|gene=DLEU7
16	39	2427	2446	79.167	24	19.9	4.4	Exon_01|rel=2001-2242|len=242	NC_006088.5:171141861-171154064|strand=-|gene=DLEU7
96	109	8998	8985	92.857	14	19.9	4.4	Exon_01|rel=2001-2242|len=242	NC_006088.5:171141861-171154064|strand=-|gene=DLEU7
88	115	11005	11029	78.571	28	19.9	4.4	Exon_01|rel=2001-2242|len=242	NC_006088.5:171141861-171154064|strand=-|gene=DLEU7
67	111	389	344	70.000	50	19.2	4.4	Exon_01|rel=2001-2242|len=242	NC_006088.5:171141861-171154064|strand=-|gene=DLEU7
2	34	3794	3821	72.727	33	19.2	4.4	Exon_01|rel=2001-2242|len=242	NC_006088.5:171141861-171154064|strand=-|gene=DLEU7
136	150	6330	6346	88.235	17	19.2	4.4	Exon_01|rel=2001-2242|len=242	NC_006088.5:171141861-171154064|strand=-|gene=DLEU7
53	65	7667	7654	92.857	14	19.2	4.4	Exon_01|rel=2001-2242|len=242	NC_006088.5:171141861-171154064|strand=-|gene=DLEU7
92	109	9431	9415	84.211	19	19.2	4.4	Exon_01|rel=2001-2242|len=242	NC_006088.5:171141861-171154064|strand=-|gene=DLEU7
20	49	9949	9977	72.727	33	19.2	4.4	Exon_01|rel=2001-2242|len=242	NC_006088.5:171141861-171154064|strand=-|gene=DLEU7
39	67	421	450	75.000	32	18.4	12	Exon_01|rel=2001-2242|len=242	NC_006088.5:171141861-171154064|strand=-|gene=DLEU7
196	234	1298	1332	71.795	39	18.4	12	Exon_01|rel=2001-2242|len=242	NC_006088.5:171141861-171154064|strand=-|gene=DLEU7
42	59	2422	2405	83.333	18	18.4	12	Exon_01|rel=2001-2242|len=242	NC_006088.5:171141861-171154064|strand=-|gene=DLEU7
180	192	7067	7055	92.308	13	18.4	12	Exon_01|rel=2001-2242|len=242	NC_006088.5:171141861-171154064|strand=-|gene=DLEU7
14	56	8085	8051	70.455	44	18.4	12	Exon_01|rel=2001-2242|len=242	NC_006088.5:171141861-171154064|strand=-|gene=DLEU7
160	184	8921	8942	76.000	25	18.4	12	Exon_01|rel=2001-2242|len=242	NC_006088.5:171141861-171154064|strand=-|gene=DLEU7
13	32	547	566	80.000	20	17.7	12	Exon_01|rel=2001-2242|len=242	NC_006088.5:171141861-171154064|strand=-|gene=DLEU7
105	114	758	749	100.000	10	17.7	12	Exon_01|rel=2001-2242|len=242	NC_006088.5:171141861-171154064|strand=-|gene=DLEU7
135	144	2144	2135	100.000	10	17.7	12	Exon_01|rel=2001-2242|len=242	NC_006088.5:171141861-171154064|strand=-|gene=DLEU7
103	115	3172	3161	92.308	13	17.7	12	Exon_01|rel=2001-2242|len=242	NC_006088.5:171141861-171154064|strand=-|gene=DLEU7
67	76	4485	4476	100.000	10	17.7	12	Exon_01|rel=2001-2242|len=242	NC_006088.5:171141861-171154064|strand=-|gene=DLEU7
153	169	4481	4498	83.333	18	17.7	12	Exon_01|rel=2001-2242|len=242	NC_006088.5:171141861-171154064|strand=-|gene=DLEU7
185	199	5074	5060	86.667	15	17.7	12	Exon_01|rel=2001-2242|len=242	NC_006088.5:171141861-171154064|strand=-|gene=DLEU7
122	131	5963	5954	100.000	10	17.7	12	Exon_01|rel=2001-2242|len=242	NC_006088.5:171141861-171154064|strand=-|gene=DLEU7
195	209	7427	7441	86.667	15	17.7	12	Exon_01|rel=2001-2242|len=242	NC_006088.5:171141861-171154064|strand=-|gene=DLEU7
99	108	7528	7537	100.000	10	17.7	12	Exon_01|rel=2001-2242|len=242	NC_006088.5:171141861-171154064|strand=-|gene=DLEU7
167	176	7651	7642	100.000	10	17.7	12	Exon_01|rel=2001-2242|len=242	NC_006088.5:171141861-171154064|strand=-|gene=DLEU7
18	32	10098	10084	86.667	15	17.7	12	Exon_01|rel=2001-2242|len=242	NC_006088.5:171141861-171154064|strand=-|gene=DLEU7
157	168	10399	10411	92.308	13	17.7	12	Exon_01|rel=2001-2242|len=242	NC_006088.5:171141861-171154064|strand=-|gene=DLEU7
220	236	10996	10979	83.333	18	17.7	12	Exon_01|rel=2001-2242|len=242	NC_006088.5:171141861-171154064|strand=-|gene=DLEU7
195	204	11220	11229	100.000	10	17.7	12	Exon_01|rel=2001-2242|len=242	NC_006088.5:171141861-171154064|strand=-|gene=DLEU7
181	190	11344	11335	100.000	10	17.7	12	Exon_01|rel=2001-2242|len=242	NC_006088.5:171141861-171154064|strand=-|gene=DLEU7
67	78	11379	11391	92.308	13	17.7	12	Exon_01|rel=2001-2242|len=242	NC_006088.5:171141861-171154064|strand=-|gene=DLEU7
136	164	918	881	68.421	38	17.0	34	Exon_01|rel=2001-2242|len=242	NC_006088.5:171141861-171154064|strand=-|gene=DLEU7
74	88	2785	2772	86.667	15	17.0	34	Exon_01|rel=2001-2242|len=242	NC_006088.5:171141861-171154064|strand=-|gene=DLEU7
101	123	2916	2896	78.261	23	17.0	34	Exon_01|rel=2001-2242|len=242	NC_006088.5:171141861-171154064|strand=-|gene=DLEU7
141	152	3267	3278	91.667	12	17.0	34	Exon_01|rel=2001-2242|len=242	NC_006088.5:171141861-171154064|strand=-|gene=DLEU7
60	71	6397	6408	91.667	12	17.0	34	Exon_01|rel=2001-2242|len=242	NC_006088.5:171141861-171154064|strand=-|gene=DLEU7
76	87	7133	7122	91.667	12	17.0	34	Exon_01|rel=2001-2242|len=242	NC_006088.5:171141861-171154064|strand=-|gene=DLEU7
40	51	7960	7971	91.667	12	17.0	34	Exon_01|rel=2001-2242|len=242	NC_006088.5:171141861-171154064|strand=-|gene=DLEU7
127	155	9038	9067	73.333	30	17.0	34	Exon_01|rel=2001-2242|len=242	NC_006088.5:171141861-171154064|strand=-|gene=DLEU7
67	81	10080	10093	86.667	15	17.0	34	Exon_01|rel=2001-2242|len=242	NC_006088.5:171141861-171154064|strand=-|gene=DLEU7
88	99	10780	10769	91.667	12	17.0	34	Exon_01|rel=2001-2242|len=242	NC_006088.5:171141861-171154064|strand=-|gene=DLEU7
114	127	10860	10874	86.667	15	17.0	34	Exon_01|rel=2001-2242|len=242	NC_006088.5:171141861-171154064|strand=-|gene=DLEU7
5	21	10897	10913	82.353	17	17.0	34	Exon_01|rel=2001-2242|len=242	NC_006088.5:171141861-171154064|strand=-|gene=DLEU7
106	117	10944	10933	91.667	12	17.0	34	Exon_01|rel=2001-2242|len=242	NC_006088.5:171141861-171154064|strand=-|gene=DLEU7
224	235	11402	11413	91.667	12	17.0	34	Exon_01|rel=2001-2242|len=242	NC_006088.5:171141861-171154064|strand=-|gene=DLEU7
224	235	11426	11437	91.667	12	17.0	34	Exon_01|rel=2001-2242|len=242	NC_006088.5:171141861-171154064|strand=-|gene=DLEU7
62	75	11474	11488	86.667	15	17.0	34	Exon_01|rel=2001-2242|len=242	NC_006088.5:171141861-171154064|strand=-|gene=DLEU7
109	120	15	5	91.667	12	16.2	34	Exon_01|rel=2001-2242|len=242	NC_006088.5:171141861-171154064|strand=-|gene=DLEU7
32	40	2362	2354	100.000	9	16.2	34	Exon_01|rel=2001-2242|len=242	NC_006088.5:171141861-171154064|strand=-|gene=DLEU7
40	50	2706	2717	91.667	12	16.2	34	Exon_01|rel=2001-2242|len=242	NC_006088.5:171141861-171154064|strand=-|gene=DLEU7
146	168	2786	2761	74.074	27	16.2	34	Exon_01|rel=2001-2242|len=242	NC_006088.5:171141861-171154064|strand=-|gene=DLEU7
14	27	3392	3381	85.714	14	16.2	34	Exon_01|rel=2001-2242|len=242	NC_006088.5:171141861-171154064|strand=-|gene=DLEU7
169	182	3947	3934	85.714	14	16.2	34	Exon_01|rel=2001-2242|len=242	NC_006088.5:171141861-171154064|strand=-|gene=DLEU7
105	113	4360	4352	100.000	9	16.2	34	Exon_01|rel=2001-2242|len=242	NC_006088.5:171141861-171154064|strand=-|gene=DLEU7
219	227	4530	4538	100.000	9	16.2	34	Exon_01|rel=2001-2242|len=242	NC_006088.5:171141861-171154064|strand=-|gene=DLEU7
160	175	5246	5232	82.353	17	16.2	34	Exon_01|rel=2001-2242|len=242	NC_006088.5:171141861-171154064|strand=-|gene=DLEU7
132	145	5653	5640	85.714	14	16.2	34	Exon_01|rel=2001-2242|len=242	NC_006088.5:171141861-171154064|strand=-|gene=DLEU7
203	211	5760	5768	100.000	9	16.2	34	Exon_01|rel=2001-2242|len=242	NC_006088.5:171141861-171154064|strand=-|gene=DLEU7
51	59	6206	6198	100.000	9	16.2	34	Exon_01|rel=2001-2242|len=242	NC_006088.5:171141861-171154064|strand=-|gene=DLEU7
25	33	6257	6265	100.000	9	16.2	34	Exon_01|rel=2001-2242|len=242	NC_006088.5:171141861-171154064|strand=-|gene=DLEU7
28	36	6263	6271	100.000	9	16.2	34	Exon_01|rel=2001-2242|len=242	NC_006088.5:171141861-171154064|strand=-|gene=DLEU7
55	66	6635	6648	85.714	14	16.2	34	Exon_01|rel=2001-2242|len=242	NC_006088.5:171141861-171154064|strand=-|gene=DLEU7
141	152	6673	6660	85.714	14	16.2	34	Exon_01|rel=2001-2242|len=242	NC_006088.5:171141861-171154064|strand=-|gene=DLEU7
101	109	7023	7015	100.000	9	16.2	34	Exon_01|rel=2001-2242|len=242	NC_006088.5:171141861-171154064|strand=-|gene=DLEU7
14	22	7925	7917	100.000	9	16.2	34	Exon_01|rel=2001-2242|len=242	NC_006088.5:171141861-171154064|strand=-|gene=DLEU7
93	101	8429	8421	100.000	9	16.2	34	Exon_01|rel=2001-2242|len=242	NC_006088.5:171141861-171154064|strand=-|gene=DLEU7
147	157	8891	8902	91.667	12	16.2	34	Exon_01|rel=2001-2242|len=242	NC_006088.5:171141861-171154064|strand=-|gene=DLEU7
70	78	9105	9113	100.000	9	16.2	34	Exon_01|rel=2001-2242|len=242	NC_006088.5:171141861-171154064|strand=-|gene=DLEU7
185	193	10863	10855	100.000	9	16.2	34	Exon_01|rel=2001-2242|len=242	NC_006088.5:171141861-171154064|strand=-|gene=DLEU7
169	177	11157	11149	100.000	9	16.2	34	Exon_01|rel=2001-2242|len=242	NC_006088.5:171141861-171154064|strand=-|gene=DLEU7
56	64	11706	11714	100.000	9	16.2	34	Exon_01|rel=2001-2242|len=242	NC_006088.5:171141861-171154064|strand=-|gene=DLEU7
30	40	1197	1207	90.909	11	15.5	96	Exon_01|rel=2001-2242|len=242	NC_006088.5:171141861-171154064|strand=-|gene=DLEU7
71	81	3104	3094	90.909	11	15.5	96	Exon_01|rel=2001-2242|len=242	NC_006088.5:171141861-171154064|strand=-|gene=DLEU7
31	41	3904	3914	90.909	11	15.5	96	Exon_01|rel=2001-2242|len=242	NC_006088.5:171141861-171154064|strand=-|gene=DLEU7
173	183	4011	4021	90.909	11	15.5	96	Exon_01|rel=2001-2242|len=242	NC_006088.5:171141861-171154064|strand=-|gene=DLEU7
31	46	4487	4505	78.947	19	15.5	96	Exon_01|rel=2001-2242|len=242	NC_006088.5:171141861-171154064|strand=-|gene=DLEU7
171	181	5654	5664	90.909	11	15.5	96	Exon_01|rel=2001-2242|len=242	NC_006088.5:171141861-171154064|strand=-|gene=DLEU7
166	186	6218	6200	76.190	21	15.5	96	Exon_01|rel=2001-2242|len=242	NC_006088.5:171141861-171154064|strand=-|gene=DLEU7
180	190	6297	6287	90.909	11	15.5	96	Exon_01|rel=2001-2242|len=242	NC_006088.5:171141861-171154064|strand=-|gene=DLEU7
32	42	7668	7678	90.909	11	15.5	96	Exon_01|rel=2001-2242|len=242	NC_006088.5:171141861-171154064|strand=-|gene=DLEU7
7	25	8146	8131	78.947	19	15.5	96	Exon_01|rel=2001-2242|len=242	NC_006088.5:171141861-171154064|strand=-|gene=DLEU7
99	109	10655	10665	90.909	11	15.5	96	Exon_01|rel=2001-2242|len=242	NC_006088.5:171141861-171154064|strand=-|gene=DLEU7
52	64	10735	10722	85.714	14	15.5	96	Exon_01|rel=2001-2242|len=242	NC_006088.5:171141861-171154064|strand=-|gene=DLEU7
218	232	11152	11168	82.353	17	15.5	96	Exon_01|rel=2001-2242|len=242	NC_006088.5:171141861-171154064|strand=-|gene=DLEU7
65	75	11558	11548	90.909	11	15.5	96	Exon_01|rel=2001-2242|len=242	NC_006088.5:171141861-171154064|strand=-|gene=DLEU7
142	149	87	80	100.000	8	14.7	96	Exon_01|rel=2001-2242|len=242	NC_006088.5:171141861-171154064|strand=-|gene=DLEU7
1	8	157	150	100.000	8	14.7	96	Exon_01|rel=2001-2242|len=242	NC_006088.5:171141861-171154064|strand=-|gene=DLEU7
171	178	316	309	100.000	8	14.7	96	Exon_01|rel=2001-2242|len=242	NC_006088.5:171141861-171154064|strand=-|gene=DLEU7
97	104	384	391	100.000	8	14.7	96	Exon_01|rel=2001-2242|len=242	NC_006088.5:171141861-171154064|strand=-|gene=DLEU7
223	230	701	708	100.000	8	14.7	96	Exon_01|rel=2001-2242|len=242	NC_006088.5:171141861-171154064|strand=-|gene=DLEU7
150	157	833	826	100.000	8	14.7	96	Exon_01|rel=2001-2242|len=242	NC_006088.5:171141861-171154064|strand=-|gene=DLEU7
192	199	950	943	100.000	8	14.7	96	Exon_01|rel=2001-2242|len=242	NC_006088.5:171141861-171154064|strand=-|gene=DLEU7
172	179	955	948	100.000	8	14.7	96	Exon_01|rel=2001-2242|len=242	NC_006088.5:171141861-171154064|strand=-|gene=DLEU7
70	77	1249	1256	100.000	8	14.7	96	Exon_01|rel=2001-2242|len=242	NC_006088.5:171141861-171154064|strand=-|gene=DLEU7
32	39	1321	1328	100.000	8	14.7	96	Exon_01|rel=2001-2242|len=242	NC_006088.5:171141861-171154064|strand=-|gene=DLEU7
138	145	1400	1407	100.000	8	14.7	96	Exon_01|rel=2001-2242|len=242	NC_006088.5:171141861-171154064|strand=-|gene=DLEU7
169	176	1553	1546	100.000	8	14.7	96	Exon_01|rel=2001-2242|len=242	NC_006088.5:171141861-171154064|strand=-|gene=DLEU7
195	202	1710	1703	100.000	8	14.7	96	Exon_01|rel=2001-2242|len=242	NC_006088.5:171141861-171154064|strand=-|gene=DLEU7
182	189	1883	1876	100.000	8	14.7	96	Exon_01|rel=2001-2242|len=242	NC_006088.5:171141861-171154064|strand=-|gene=DLEU7
228	235	2294	2287	100.000	8	14.7	96	Exon_01|rel=2001-2242|len=242	NC_006088.5:171141861-171154064|strand=-|gene=DLEU7
104	111	2297	2290	100.000	8	14.7	96	Exon_01|rel=2001-2242|len=242	NC_006088.5:171141861-171154064|strand=-|gene=DLEU7
221	228	2506	2513	100.000	8	14.7	96	Exon_01|rel=2001-2242|len=242	NC_006088.5:171141861-171154064|strand=-|gene=DLEU7
181	188	2547	2540	100.000	8	14.7	96	Exon_01|rel=2001-2242|len=242	NC_006088.5:171141861-171154064|strand=-|gene=DLEU7
111	118	2708	2715	100.000	8	14.7	96	Exon_01|rel=2001-2242|len=242	NC_006088.5:171141861-171154064|strand=-|gene=DLEU7
116	123	2751	2744	100.000	8	14.7	96	Exon_01|rel=2001-2242|len=242	NC_006088.5:171141861-171154064|strand=-|gene=DLEU7
188	195	2777	2784	100.000	8	14.7	96	Exon_01|rel=2001-2242|len=242	NC_006088.5:171141861-171154064|strand=-|gene=DLEU7
59	71	2846	2834	84.615	13	14.7	96	Exon_01|rel=2001-2242|len=242	NC_006088.5:171141861-171154064|strand=-|gene=DLEU7
161	168	3200	3193	100.000	8	14.7	96	Exon_01|rel=2001-2242|len=242	NC_006088.5:171141861-171154064|strand=-|gene=DLEU7
218	225	3271	3264	100.000	8	14.7	96	Exon_01|rel=2001-2242|len=242	NC_006088.5:171141861-171154064|strand=-|gene=DLEU7
149	156	3353	3346	100.000	8	14.7	96	Exon_01|rel=2001-2242|len=242	NC_006088.5:171141861-171154064|strand=-|gene=DLEU7
153	160	3429	3422	100.000	8	14.7	96	Exon_01|rel=2001-2242|len=242	NC_006088.5:171141861-171154064|strand=-|gene=DLEU7
49	56	3428	3435	100.000	8	14.7	96	Exon_01|rel=2001-2242|len=242	NC_006088.5:171141861-171154064|strand=-|gene=DLEU7
198	205	3515	3522	100.000	8	14.7	96	Exon_01|rel=2001-2242|len=242	NC_006088.5:171141861-171154064|strand=-|gene=DLEU7
161	168	3542	3535	100.000	8	14.7	96	Exon_01|rel=2001-2242|len=242	NC_006088.5:171141861-171154064|strand=-|gene=DLEU7
169	176	3553	3546	100.000	8	14.7	96	Exon_01|rel=2001-2242|len=242	NC_006088.5:171141861-171154064|strand=-|gene=DLEU7
58	65	3654	3661	100.000	8	14.7	96	Exon_01|rel=2001-2242|len=242	NC_006088.5:171141861-171154064|strand=-|gene=DLEU7
49	56	3942	3949	100.000	8	14.7	96	Exon_01|rel=2001-2242|len=242	NC_006088.5:171141861-171154064|strand=-|gene=DLEU7
219	226	3949	3956	100.000	8	14.7	96	Exon_01|rel=2001-2242|len=242	NC_006088.5:171141861-171154064|strand=-|gene=DLEU7
54	61	4326	4333	100.000	8	14.7	96	Exon_01|rel=2001-2242|len=242	NC_006088.5:171141861-171154064|strand=-|gene=DLEU7
9	16	4433	4440	100.000	8	14.7	96	Exon_01|rel=2001-2242|len=242	NC_006088.5:171141861-171154064|strand=-|gene=DLEU7
177	184	4755	4762	100.000	8	14.7	96	Exon_01|rel=2001-2242|len=242	NC_006088.5:171141861-171154064|strand=-|gene=DLEU7
19	26	4777	4770	100.000	8	14.7	96	Exon_01|rel=2001-2242|len=242	NC_006088.5:171141861-171154064|strand=-|gene=DLEU7
108	115	4776	4783	100.000	8	14.7	96	Exon_01|rel=2001-2242|len=242	NC_006088.5:171141861-171154064|strand=-|gene=DLEU7
223	230	5051	5044	100.000	8	14.7	96	Exon_01|rel=2001-2242|len=242	NC_006088.5:171141861-171154064|strand=-|gene=DLEU7
34	41	5062	5055	100.000	8	14.7	96	Exon_01|rel=2001-2242|len=242	NC_006088.5:171141861-171154064|strand=-|gene=DLEU7
127	134	5301	5294	100.000	8	14.7	96	Exon_01|rel=2001-2242|len=242	NC_006088.5:171141861-171154064|strand=-|gene=DLEU7
113	120	5460	5453	100.000	8	14.7	96	Exon_01|rel=2001-2242|len=242	NC_006088.5:171141861-171154064|strand=-|gene=DLEU7
186	193	5551	5558	100.000	8	14.7	96	Exon_01|rel=2001-2242|len=242	NC_006088.5:171141861-171154064|strand=-|gene=DLEU7
37	44	5578	5571	100.000	8	14.7	96	Exon_01|rel=2001-2242|len=242	NC_006088.5:171141861-171154064|strand=-|gene=DLEU7
223	230	5726	5733	100.000	8	14.7	96	Exon_01|rel=2001-2242|len=242	NC_006088.5:171141861-171154064|strand=-|gene=DLEU7
143	150	5825	5818	100.000	8	14.7	96	Exon_01|rel=2001-2242|len=242	NC_006088.5:171141861-171154064|strand=-|gene=DLEU7
198	205	5874	5881	100.000	8	14.7	96	Exon_01|rel=2001-2242|len=242	NC_006088.5:171141861-171154064|strand=-|gene=DLEU7
10	17	6370	6363	100.000	8	14.7	96	Exon_01|rel=2001-2242|len=242	NC_006088.5:171141861-171154064|strand=-|gene=DLEU7
69	76	6912	6919	100.000	8	14.7	96	Exon_01|rel=2001-2242|len=242	NC_006088.5:171141861-171154064|strand=-|gene=DLEU7
186	193	7007	7000	100.000	8	14.7	96	Exon_01|rel=2001-2242|len=242	NC_006088.5:171141861-171154064|strand=-|gene=DLEU7
181	188	7705	7712	100.000	8	14.7	96	Exon_01|rel=2001-2242|len=242	NC_006088.5:171141861-171154064|strand=-|gene=DLEU7
171	178	7983	7976	100.000	8	14.7	96	Exon_01|rel=2001-2242|len=242	NC_006088.5:171141861-171154064|strand=-|gene=DLEU7
222	234	8452	8464	84.615	13	14.7	96	Exon_01|rel=2001-2242|len=242	NC_006088.5:171141861-171154064|strand=-|gene=DLEU7
159	166	8619	8612	100.000	8	14.7	96	Exon_01|rel=2001-2242|len=242	NC_006088.5:171141861-171154064|strand=-|gene=DLEU7
209	216	9021	9028	100.000	8	14.7	96	Exon_01|rel=2001-2242|len=242	NC_006088.5:171141861-171154064|strand=-|gene=DLEU7
208	215	9258	9251	100.000	8	14.7	96	Exon_01|rel=2001-2242|len=242	NC_006088.5:171141861-171154064|strand=-|gene=DLEU7
50	57	9538	9531	100.000	8	14.7	96	Exon_01|rel=2001-2242|len=242	NC_006088.5:171141861-171154064|strand=-|gene=DLEU7
52	59	9582	9575	100.000	8	14.7	96	Exon_01|rel=2001-2242|len=242	NC_006088.5:171141861-171154064|strand=-|gene=DLEU7
70	77	9678	9671	100.000	8	14.7	96	Exon_01|rel=2001-2242|len=242	NC_006088.5:171141861-171154064|strand=-|gene=DLEU7
185	192	9720	9713	100.000	8	14.7	96	Exon_01|rel=2001-2242|len=242	NC_006088.5:171141861-171154064|strand=-|gene=DLEU7
148	155	9751	9744	100.000	8	14.7	96	Exon_01|rel=2001-2242|len=242	NC_006088.5:171141861-171154064|strand=-|gene=DLEU7
64	71	9747	9754	100.000	8	14.7	96	Exon_01|rel=2001-2242|len=242	NC_006088.5:171141861-171154064|strand=-|gene=DLEU7
44	51	9926	9919	100.000	8	14.7	96	Exon_01|rel=2001-2242|len=242	NC_006088.5:171141861-171154064|strand=-|gene=DLEU7
112	119	9951	9958	100.000	8	14.7	96	Exon_01|rel=2001-2242|len=242	NC_006088.5:171141861-171154064|strand=-|gene=DLEU7
69	76	10267	10274	100.000	8	14.7	96	Exon_01|rel=2001-2242|len=242	NC_006088.5:171141861-171154064|strand=-|gene=DLEU7
217	234	10609	10626	77.778	18	14.7	96	Exon_01|rel=2001-2242|len=242	NC_006088.5:171141861-171154064|strand=-|gene=DLEU7
228	235	10665	10672	100.000	8	14.7	96	Exon_01|rel=2001-2242|len=242	NC_006088.5:171141861-171154064|strand=-|gene=DLEU7
33	40	10853	10846	100.000	8	14.7	96	Exon_01|rel=2001-2242|len=242	NC_006088.5:171141861-171154064|strand=-|gene=DLEU7
29	36	10876	10883	100.000	8	14.7	96	Exon_01|rel=2001-2242|len=242	NC_006088.5:171141861-171154064|strand=-|gene=DLEU7
40	47	10941	10934	100.000	8	14.7	96	Exon_01|rel=2001-2242|len=242	NC_006088.5:171141861-171154064|strand=-|gene=DLEU7
66	73	11064	11071	100.000	8	14.7	96	Exon_01|rel=2001-2242|len=242	NC_006088.5:171141861-171154064|strand=-|gene=DLEU7
218	225	11070	11077	100.000	8	14.7	96	Exon_01|rel=2001-2242|len=242	NC_006088.5:171141861-171154064|strand=-|gene=DLEU7
221	228	11114	11121	100.000	8	14.7	96	Exon_01|rel=2001-2242|len=242	NC_006088.5:171141861-171154064|strand=-|gene=DLEU7
146	153	11278	11271	100.000	8	14.7	96	Exon_01|rel=2001-2242|len=242	NC_006088.5:171141861-171154064|strand=-|gene=DLEU7
193	200	11285	11292	100.000	8	14.7	96	Exon_01|rel=2001-2242|len=242	NC_006088.5:171141861-171154064|strand=-|gene=DLEU7
108	120	11794	11782	84.615	13	14.7	96	Exon_01|rel=2001-2242|len=242	NC_006088.5:171141861-171154064|strand=-|gene=DLEU7
180	187	11871	11864	100.000	8	14.7	96	Exon_01|rel=2001-2242|len=242	NC_006088.5:171141861-171154064|strand=-|gene=DLEU7
24	31	11877	11884	100.000	8	14.7	96	Exon_01|rel=2001-2242|len=242	NC_006088.5:171141861-171154064|strand=-|gene=DLEU7
106	113	12061	12054	100.000	8	14.7	96	Exon_01|rel=2001-2242|len=242	NC_006088.5:171141861-171154064|strand=-|gene=DLEU7
218	225	12082	12089	100.000	8	14.7	96	Exon_01|rel=2001-2242|len=242	NC_006088.5:171141861-171154064|strand=-|gene=DLEU7
91	98	12127	12134	100.000	8	14.7	96	Exon_01|rel=2001-2242|len=242	NC_006088.5:171141861-171154064|strand=-|gene=DLEU7
54	61	12141	12148	100.000	8	14.7	96	Exon_01|rel=2001-2242|len=242	NC_006088.5:171141861-171154064|strand=-|gene=DLEU7
1	584	9621	10204	100.000	584	870	0.0	Exon_02|rel=9621-10204|len=584	NC_006088.5:171141861-171154064|strand=-|gene=DLEU7
358	422	10042	9978	75.758	66	40.0	6.17e-06	Exon_02|rel=9621-10204|len=584	NC_006088.5:171141861-171154064|strand=-|gene=DLEU7
454	490	11562	11526	76.923	39	24.4	0.51	Exon_02|rel=9621-10204|len=584	NC_006088.5:171141861-171154064|strand=-|gene=DLEU7
303	331	9904	9878	80.000	30	23.6	0.51	Exon_02|rel=9621-10204|len=584	NC_006088.5:171141861-171154064|strand=-|gene=DLEU7
306	324	9906	9888	89.474	19	23.6	0.51	Exon_02|rel=9621-10204|len=584	NC_006088.5:171141861-171154064|strand=-|gene=DLEU7
258	284	9951	9923	80.000	30	23.6	0.51	Exon_02|rel=9621-10204|len=584	NC_006088.5:171141861-171154064|strand=-|gene=DLEU7
268	286	9944	9926	89.474	19	23.6	0.51	Exon_02|rel=9621-10204|len=584	NC_006088.5:171141861-171154064|strand=-|gene=DLEU7
276	291	2709	2694	93.750	16	22.9	1.4	Exon_02|rel=9621-10204|len=584	NC_006088.5:171141861-171154064|strand=-|gene=DLEU7
479	499	5636	5613	83.333	24	22.9	1.4	Exon_02|rel=9621-10204|len=584	NC_006088.5:171141861-171154064|strand=-|gene=DLEU7
541	558	6844	6826	89.474	19	22.9	1.4	Exon_02|rel=9621-10204|len=584	NC_006088.5:171141861-171154064|strand=-|gene=DLEU7
482	507	10196	10221	81.481	27	22.9	1.4	Exon_02|rel=9621-10204|len=584	NC_006088.5:171141861-171154064|strand=-|gene=DLEU7
434	446	3331	3343	100.000	13	22.2	1.4	Exon_02|rel=9621-10204|len=584	NC_006088.5:171141861-171154064|strand=-|gene=DLEU7
247	261	5340	5327	93.333	15	20.7	4.0	Exon_02|rel=9621-10204|len=584	NC_006088.5:171141861-171154064|strand=-|gene=DLEU7
568	584	10205	10189	88.235	17	20.7	4.0	Exon_02|rel=9621-10204|len=584	NC_006088.5:171141861-171154064|strand=-|gene=DLEU7
226	237	11844	11833	100.000	12	20.7	4.0	Exon_02|rel=9621-10204|len=584	NC_006088.5:171141861-171154064|strand=-|gene=DLEU7
399	418	3342	3362	81.818	22	19.9	11	Exon_02|rel=9621-10204|len=584	NC_006088.5:171141861-171154064|strand=-|gene=DLEU7
201	224	6884	6907	79.167	24	19.9	11	Exon_02|rel=9621-10204|len=584	NC_006088.5:171141861-171154064|strand=-|gene=DLEU7
224	242	11028	11010	84.211	19	19.9	11	Exon_02|rel=9621-10204|len=584	NC_006088.5:171141861-171154064|strand=-|gene=DLEU7
133	150	335	317	84.211	19	19.2	11	Exon_02|rel=9621-10204|len=584	NC_006088.5:171141861-171154064|strand=-|gene=DLEU7
254	267	1813	1825	92.857	14	19.2	11	Exon_02|rel=9621-10204|len=584	NC_006088.5:171141861-171154064|strand=-|gene=DLEU7
397	407	4343	4353	100.000	11	19.2	11	Exon_02|rel=9621-10204|len=584	NC_006088.5:171141861-171154064|strand=-|gene=DLEU7
172	208	8096	8128	72.973	37	19.2	11	Exon_02|rel=9621-10204|len=584	NC_006088.5:171141861-171154064|strand=-|gene=DLEU7
209	224	8510	8495	87.500	16	19.2	11	Exon_02|rel=9621-10204|len=584	NC_006088.5:171141861-171154064|strand=-|gene=DLEU7
474	488	1534	1519	87.500	16	18.4	32	Exon_02|rel=9621-10204|len=584	NC_006088.5:171141861-171154064|strand=-|gene=DLEU7
93	105	5067	5079	92.308	13	18.4	32	Exon_02|rel=9621-10204|len=584	NC_006088.5:171141861-171154064|strand=-|gene=DLEU7
162	174	5424	5412	92.308	13	18.4	32	Exon_02|rel=9621-10204|len=584	NC_006088.5:171141861-171154064|strand=-|gene=DLEU7
156	173	6923	6908	83.333	18	18.4	32	Exon_02|rel=9621-10204|len=584	NC_006088.5:171141861-171154064|strand=-|gene=DLEU7
424	436	8670	8658	92.308	13	18.4	32	Exon_02|rel=9621-10204|len=584	NC_006088.5:171141861-171154064|strand=-|gene=DLEU7
513	532	10341	10357	80.000	20	18.4	32	Exon_02|rel=9621-10204|len=584	NC_006088.5:171141861-171154064|strand=-|gene=DLEU7
496	508	12149	12161	92.308	13	18.4	32	Exon_02|rel=9621-10204|len=584	NC_006088.5:171141861-171154064|strand=-|gene=DLEU7
232	243	323	311	92.308	13	17.7	32	Exon_02|rel=9621-10204|len=584	NC_006088.5:171141861-171154064|strand=-|gene=DLEU7
538	550	1168	1157	92.308	13	17.7	32	Exon_02|rel=9621-10204|len=584	NC_006088.5:171141861-171154064|strand=-|gene=DLEU7
145	154	1685	1694	100.000	10	17.7	32	Exon_02|rel=9621-10204|len=584	NC_006088.5:171141861-171154064|strand=-|gene=DLEU7
464	478	2032	2018	86.667	15	17.7	32	Exon_02|rel=9621-10204|len=584	NC_006088.5:171141861-171154064|strand=-|gene=DLEU7
156	165	2928	2937	100.000	10	17.7	32	Exon_02|rel=9621-10204|len=584	NC_006088.5:171141861-171154064|strand=-|gene=DLEU7
436	445	3287	3296	100.000	10	17.7	32	Exon_02|rel=9621-10204|len=584	NC_006088.5:171141861-171154064|strand=-|gene=DLEU7
111	120	3397	3406	100.000	10	17.7	32	Exon_02|rel=9621-10204|len=584	NC_006088.5:171141861-171154064|strand=-|gene=DLEU7
220	236	3879	3866	82.353	17	17.7	32	Exon_02|rel=9621-10204|len=584	NC_006088.5:171141861-171154064|strand=-|gene=DLEU7
181	190	4514	4523	100.000	10	17.7	32	Exon_02|rel=9621-10204|len=584	NC_006088.5:171141861-171154064|strand=-|gene=DLEU7
317	326	4549	4540	100.000	10	17.7	32	Exon_02|rel=9621-10204|len=584	NC_006088.5:171141861-171154064|strand=-|gene=DLEU7
249	258	5175	5184	100.000	10	17.7	32	Exon_02|rel=9621-10204|len=584	NC_006088.5:171141861-171154064|strand=-|gene=DLEU7
208	217	5340	5331	100.000	10	17.7	32	Exon_02|rel=9621-10204|len=584	NC_006088.5:171141861-171154064|strand=-|gene=DLEU7
140	149	5477	5468	100.000	10	17.7	32	Exon_02|rel=9621-10204|len=584	NC_006088.5:171141861-171154064|strand=-|gene=DLEU7
157	166	6260	6269	100.000	10	17.7	32	Exon_02|rel=9621-10204|len=584	NC_006088.5:171141861-171154064|strand=-|gene=DLEU7
56	71	6450	6430	76.190	21	17.7	32	Exon_02|rel=9621-10204|len=584	NC_006088.5:171141861-171154064|strand=-|gene=DLEU7
92	101	7054	7063	100.000	10	17.7	32	Exon_02|rel=9621-10204|len=584	NC_006088.5:171141861-171154064|strand=-|gene=DLEU7
241	253	7405	7394	92.308	13	17.7	32	Exon_02|rel=9621-10204|len=584	NC_006088.5:171141861-171154064|strand=-|gene=DLEU7
285	302	7413	7397	83.333	18	17.7	32	Exon_02|rel=9621-10204|len=584	NC_006088.5:171141861-171154064|strand=-|gene=DLEU7
193	202	7989	7980	100.000	10	17.7	32	Exon_02|rel=9621-10204|len=584	NC_006088.5:171141861-171154064|strand=-|gene=DLEU7
70	84	8794	8808	86.667	15	17.7	32	Exon_02|rel=9621-10204|len=584	NC_006088.5:171141861-171154064|strand=-|gene=DLEU7
486	518	9751	9783	72.222	36	17.7	32	Exon_02|rel=9621-10204|len=584	NC_006088.5:171141861-171154064|strand=-|gene=DLEU7
131	163	10106	10138	72.222	36	17.7	32	Exon_02|rel=9621-10204|len=584	NC_006088.5:171141861-171154064|strand=-|gene=DLEU7
160	172	12158	12144	86.667	15	17.7	32	Exon_02|rel=9621-10204|len=584	NC_006088.5:171141861-171154064|strand=-|gene=DLEU7
240	251	4133	4144	91.667	12	17.0	89	Exon_02|rel=9621-10204|len=584	NC_006088.5:171141861-171154064|strand=-|gene=DLEU7
514	525	4619	4608	91.667	12	17.0	89	Exon_02|rel=9621-10204|len=584	NC_006088.5:171141861-171154064|strand=-|gene=DLEU7
125	136	5005	5016	91.667	12	17.0	89	Exon_02|rel=9621-10204|len=584	NC_006088.5:171141861-171154064|strand=-|gene=DLEU7
262	275	5410	5424	86.667	15	17.0	89	Exon_02|rel=9621-10204|len=584	NC_006088.5:171141861-171154064|strand=-|gene=DLEU7
497	508	6642	6631	91.667	12	17.0	89	Exon_02|rel=9621-10204|len=584	NC_006088.5:171141861-171154064|strand=-|gene=DLEU7
388	399	7512	7501	91.667	12	17.0	89	Exon_02|rel=9621-10204|len=584	NC_006088.5:171141861-171154064|strand=-|gene=DLEU7
214	238	8514	8493	76.000	25	17.0	89	Exon_02|rel=9621-10204|len=584	NC_006088.5:171141861-171154064|strand=-|gene=DLEU7
74	85	9445	9434	91.667	12	17.0	89	Exon_02|rel=9621-10204|len=584	NC_006088.5:171141861-171154064|strand=-|gene=DLEU7
429	440	9725	9736	91.667	12	17.0	89	Exon_02|rel=9621-10204|len=584	NC_006088.5:171141861-171154064|strand=-|gene=DLEU7
105	116	10049	10060	91.667	12	17.0	89	Exon_02|rel=9621-10204|len=584	NC_006088.5:171141861-171154064|strand=-|gene=DLEU7
45	76	10239	10266	71.875	32	17.0	89	Exon_02|rel=9621-10204|len=584	NC_006088.5:171141861-171154064|strand=-|gene=DLEU7
244	252	377	385	100.000	9	16.2	89	Exon_02|rel=9621-10204|len=584	NC_006088.5:171141861-171154064|strand=-|gene=DLEU7
206	214	378	386	100.000	9	16.2	89	Exon_02|rel=9621-10204|len=584	NC_006088.5:171141861-171154064|strand=-|gene=DLEU7
40	48	1121	1113	100.000	9	16.2	89	Exon_02|rel=9621-10204|len=584	NC_006088.5:171141861-171154064|strand=-|gene=DLEU7
485	493	1728	1736	100.000	9	16.2	89	Exon_02|rel=9621-10204|len=584	NC_006088.5:171141861-171154064|strand=-|gene=DLEU7
74	82	2395	2387	100.000	9	16.2	89	Exon_02|rel=9621-10204|len=584	NC_006088.5:171141861-171154064|strand=-|gene=DLEU7
22	30	2399	2407	100.000	9	16.2	89	Exon_02|rel=9621-10204|len=584	NC_006088.5:171141861-171154064|strand=-|gene=DLEU7
359	367	2937	2945	100.000	9	16.2	89	Exon_02|rel=9621-10204|len=584	NC_006088.5:171141861-171154064|strand=-|gene=DLEU7
317	325	3037	3045	100.000	9	16.2	89	Exon_02|rel=9621-10204|len=584	NC_006088.5:171141861-171154064|strand=-|gene=DLEU7
63	71	3058	3050	100.000	9	16.2	89	Exon_02|rel=9621-10204|len=584	NC_006088.5:171141861-171154064|strand=-|gene=DLEU7
485	493	3284	3292	100.000	9	16.2	89	Exon_02|rel=9621-10204|len=584	NC_006088.5:171141861-171154064|strand=-|gene=DLEU7
156	164	4258	4250	100.000	9	16.2	89	Exon_02|rel=9621-10204|len=584	NC_006088.5:171141861-171154064|strand=-|gene=DLEU7
371	379	4355	4347	100.000	9	16.2	89	Exon_02|rel=9621-10204|len=584	NC_006088.5:171141861-171154064|strand=-|gene=DLEU7
432	440	4452	4444	100.000	9	16.2	89	Exon_02|rel=9621-10204|len=584	NC_006088.5:171141861-171154064|strand=-|gene=DLEU7
510	523	4730	4743	85.714	14	16.2	89	Exon_02|rel=9621-10204|len=584	NC_006088.5:171141861-171154064|strand=-|gene=DLEU7
4	12	4975	4967	100.000	9	16.2	89	Exon_02|rel=9621-10204|len=584	NC_006088.5:171141861-171154064|strand=-|gene=DLEU7
67	75	5138	5130	100.000	9	16.2	89	Exon_02|rel=9621-10204|len=584	NC_006088.5:171141861-171154064|strand=-|gene=DLEU7
114	122	5178	5186	100.000	9	16.2	89	Exon_02|rel=9621-10204|len=584	NC_006088.5:171141861-171154064|strand=-|gene=DLEU7
68	76	5231	5223	100.000	9	16.2	89	Exon_02|rel=9621-10204|len=584	NC_006088.5:171141861-171154064|strand=-|gene=DLEU7
543	551	5692	5700	100.000	9	16.2	89	Exon_02|rel=9621-10204|len=584	NC_006088.5:171141861-171154064|strand=-|gene=DLEU7
96	104	6073	6081	100.000	9	16.2	89	Exon_02|rel=9621-10204|len=584	NC_006088.5:171141861-171154064|strand=-|gene=DLEU7
350	358	6169	6177	100.000	9	16.2	89	Exon_02|rel=9621-10204|len=584	NC_006088.5:171141861-171154064|strand=-|gene=DLEU7
23	31	6261	6269	100.000	9	16.2	89	Exon_02|rel=9621-10204|len=584	NC_006088.5:171141861-171154064|strand=-|gene=DLEU7
554	562	6346	6354	100.000	9	16.2	89	Exon_02|rel=9621-10204|len=584	NC_006088.5:171141861-171154064|strand=-|gene=DLEU7
340	348	6369	6377	100.000	9	16.2	89	Exon_02|rel=9621-10204|len=584	NC_006088.5:171141861-171154064|strand=-|gene=DLEU7
159	167	6804	6796	100.000	9	16.2	89	Exon_02|rel=9621-10204|len=584	NC_006088.5:171141861-171154064|strand=-|gene=DLEU7
554	562	7337	7345	100.000	9	16.2	89	Exon_02|rel=9621-10204|len=584	NC_006088.5:171141861-171154064|strand=-|gene=DLEU7
318	326	8037	8045	100.000	9	16.2	89	Exon_02|rel=9621-10204|len=584	NC_006088.5:171141861-171154064|strand=-|gene=DLEU7
43	51	8322	8314	100.000	9	16.2	89	Exon_02|rel=9621-10204|len=584	NC_006088.5:171141861-171154064|strand=-|gene=DLEU7
396	404	9053	9061	100.000	9	16.2	89	Exon_02|rel=9621-10204|len=584	NC_006088.5:171141861-171154064|strand=-|gene=DLEU7
158	166	9643	9651	100.000	9	16.2	89	Exon_02|rel=9621-10204|len=584	NC_006088.5:171141861-171154064|strand=-|gene=DLEU7
23	31	9778	9786	100.000	9	16.2	89	Exon_02|rel=9621-10204|len=584	NC_006088.5:171141861-171154064|strand=-|gene=DLEU7
493	501	10009	10001	100.000	9	16.2	89	Exon_02|rel=9621-10204|len=584	NC_006088.5:171141861-171154064|strand=-|gene=DLEU7
381	389	10121	10113	100.000	9	16.2	89	Exon_02|rel=9621-10204|len=584	NC_006088.5:171141861-171154064|strand=-|gene=DLEU7
269	277	10530	10538	100.000	9	16.2	89	Exon_02|rel=9621-10204|len=584	NC_006088.5:171141861-171154064|strand=-|gene=DLEU7
279	287	10530	10538	100.000	9	16.2	89	Exon_02|rel=9621-10204|len=584	NC_006088.5:171141861-171154064|strand=-|gene=DLEU7
93	101	10856	10864	100.000	9	16.2	89	Exon_02|rel=9621-10204|len=584	NC_006088.5:171141861-171154064|strand=-|gene=DLEU7
27	35	10862	10870	100.000	9	16.2	89	Exon_02|rel=9621-10204|len=584	NC_006088.5:171141861-171154064|strand=-|gene=DLEU7
193	201	10919	10927	100.000	9	16.2	89	Exon_02|rel=9621-10204|len=584	NC_006088.5:171141861-171154064|strand=-|gene=DLEU7
163	171	11032	11024	100.000	9	16.2	89	Exon_02|rel=9621-10204|len=584	NC_006088.5:171141861-171154064|strand=-|gene=DLEU7
207	220	11267	11254	85.714	14	16.2	89	Exon_02|rel=9621-10204|len=584	NC_006088.5:171141861-171154064|strand=-|gene=DLEU7
102	115	11374	11387	85.714	14	16.2	89	Exon_02|rel=9621-10204|len=584	NC_006088.5:171141861-171154064|strand=-|gene=DLEU7
