1	2270	2001	4270	100.000	2270	3376	0.0	Exon_01|rel=2001-4270|len=2270	NC_006088.5:104192657-104256939|strand=-|gene=CYYR1
964	985	23081	23059	95.652	23	32.6	0.023	Exon_01|rel=2001-4270|len=2270	NC_006088.5:104192657-104256939|strand=-|gene=CYYR1
1226	1243	3243	3226	100.000	18	29.6	0.18	Exon_01|rel=2001-4270|len=2270	NC_006088.5:104192657-104256939|strand=-|gene=CYYR1
1219	1241	7385	7408	87.500	24	26.6	1.4	Exon_01|rel=2001-4270|len=2270	NC_006088.5:104192657-104256939|strand=-|gene=CYYR1
316	350	12811	12775	78.378	37	26.6	1.4	Exon_01|rel=2001-4270|len=2270	NC_006088.5:104192657-104256939|strand=-|gene=CYYR1
316	376	49652	49598	72.308	65	26.6	1.4	Exon_01|rel=2001-4270|len=2270	NC_006088.5:104192657-104256939|strand=-|gene=CYYR1
1676	1724	60576	60528	73.077	52	26.6	1.4	Exon_01|rel=2001-4270|len=2270	NC_006088.5:104192657-104256939|strand=-|gene=CYYR1
1975	1997	5277	5255	86.957	23	25.9	3.9	Exon_01|rel=2001-4270|len=2270	NC_006088.5:104192657-104256939|strand=-|gene=CYYR1
69	89	25219	25197	86.957	23	25.9	3.9	Exon_01|rel=2001-4270|len=2270	NC_006088.5:104192657-104256939|strand=-|gene=CYYR1
74	98	2098	2074	84.615	26	25.1	3.9	Exon_01|rel=2001-4270|len=2270	NC_006088.5:104192657-104256939|strand=-|gene=CYYR1
511	525	6478	6464	100.000	15	25.1	3.9	Exon_01|rel=2001-4270|len=2270	NC_006088.5:104192657-104256939|strand=-|gene=CYYR1
1266	1324	26156	26213	70.769	65	25.1	3.9	Exon_01|rel=2001-4270|len=2270	NC_006088.5:104192657-104256939|strand=-|gene=CYYR1
973	993	46309	46327	90.476	21	25.1	3.9	Exon_01|rel=2001-4270|len=2270	NC_006088.5:104192657-104256939|strand=-|gene=CYYR1
1461	1485	56855	56833	84.000	25	25.1	3.9	Exon_01|rel=2001-4270|len=2270	NC_006088.5:104192657-104256939|strand=-|gene=CYYR1
2152	2171	6827	6806	86.364	22	24.4	11	Exon_01|rel=2001-4270|len=2270	NC_006088.5:104192657-104256939|strand=-|gene=CYYR1
1537	1556	8567	8585	90.000	20	24.4	11	Exon_01|rel=2001-4270|len=2270	NC_006088.5:104192657-104256939|strand=-|gene=CYYR1
465	481	36019	36035	94.118	17	24.4	11	Exon_01|rel=2001-4270|len=2270	NC_006088.5:104192657-104256939|strand=-|gene=CYYR1
1547	1565	56586	56605	90.000	20	24.4	11	Exon_01|rel=2001-4270|len=2270	NC_006088.5:104192657-104256939|strand=-|gene=CYYR1
623	646	2646	2623	83.333	24	23.6	11	Exon_01|rel=2001-4270|len=2270	NC_006088.5:104192657-104256939|strand=-|gene=CYYR1
316	334	7074	7092	89.474	19	23.6	11	Exon_01|rel=2001-4270|len=2270	NC_006088.5:104192657-104256939|strand=-|gene=CYYR1
79	99	14396	14417	86.364	22	23.6	11	Exon_01|rel=2001-4270|len=2270	NC_006088.5:104192657-104256939|strand=-|gene=CYYR1
1561	1576	15163	15179	94.118	17	23.6	11	Exon_01|rel=2001-4270|len=2270	NC_006088.5:104192657-104256939|strand=-|gene=CYYR1
497	515	23747	23729	89.474	19	23.6	11	Exon_01|rel=2001-4270|len=2270	NC_006088.5:104192657-104256939|strand=-|gene=CYYR1
1328	1343	23954	23938	94.118	17	23.6	11	Exon_01|rel=2001-4270|len=2270	NC_006088.5:104192657-104256939|strand=-|gene=CYYR1
319	334	37972	37956	94.118	17	23.6	11	Exon_01|rel=2001-4270|len=2270	NC_006088.5:104192657-104256939|strand=-|gene=CYYR1
320	336	39067	39085	89.474	19	23.6	11	Exon_01|rel=2001-4270|len=2270	NC_006088.5:104192657-104256939|strand=-|gene=CYYR1
606	621	16591	16606	93.750	16	22.9	31	Exon_01|rel=2001-4270|len=2270	NC_006088.5:104192657-104256939|strand=-|gene=CYYR1
319	334	23370	23385	93.750	16	22.9	31	Exon_01|rel=2001-4270|len=2270	NC_006088.5:104192657-104256939|strand=-|gene=CYYR1
319	334	23371	23386	93.750	16	22.9	31	Exon_01|rel=2001-4270|len=2270	NC_006088.5:104192657-104256939|strand=-|gene=CYYR1
319	334	23372	23387	93.750	16	22.9	31	Exon_01|rel=2001-4270|len=2270	NC_006088.5:104192657-104256939|strand=-|gene=CYYR1
319	334	23373	23388	93.750	16	22.9	31	Exon_01|rel=2001-4270|len=2270	NC_006088.5:104192657-104256939|strand=-|gene=CYYR1
319	334	23374	23389	93.750	16	22.9	31	Exon_01|rel=2001-4270|len=2270	NC_006088.5:104192657-104256939|strand=-|gene=CYYR1
319	334	23375	23390	93.750	16	22.9	31	Exon_01|rel=2001-4270|len=2270	NC_006088.5:104192657-104256939|strand=-|gene=CYYR1
319	334	23376	23391	93.750	16	22.9	31	Exon_01|rel=2001-4270|len=2270	NC_006088.5:104192657-104256939|strand=-|gene=CYYR1
319	334	23377	23392	93.750	16	22.9	31	Exon_01|rel=2001-4270|len=2270	NC_006088.5:104192657-104256939|strand=-|gene=CYYR1
319	334	23378	23393	93.750	16	22.9	31	Exon_01|rel=2001-4270|len=2270	NC_006088.5:104192657-104256939|strand=-|gene=CYYR1
319	334	23379	23394	93.750	16	22.9	31	Exon_01|rel=2001-4270|len=2270	NC_006088.5:104192657-104256939|strand=-|gene=CYYR1
319	334	23380	23395	93.750	16	22.9	31	Exon_01|rel=2001-4270|len=2270	NC_006088.5:104192657-104256939|strand=-|gene=CYYR1
319	334	23381	23396	93.750	16	22.9	31	Exon_01|rel=2001-4270|len=2270	NC_006088.5:104192657-104256939|strand=-|gene=CYYR1
319	334	23382	23397	93.750	16	22.9	31	Exon_01|rel=2001-4270|len=2270	NC_006088.5:104192657-104256939|strand=-|gene=CYYR1
319	334	23383	23398	93.750	16	22.9	31	Exon_01|rel=2001-4270|len=2270	NC_006088.5:104192657-104256939|strand=-|gene=CYYR1
319	334	23386	23401	93.750	16	22.9	31	Exon_01|rel=2001-4270|len=2270	NC_006088.5:104192657-104256939|strand=-|gene=CYYR1
1667	1682	30912	30927	93.750	16	22.9	31	Exon_01|rel=2001-4270|len=2270	NC_006088.5:104192657-104256939|strand=-|gene=CYYR1
462	485	31490	31468	83.333	24	22.9	31	Exon_01|rel=2001-4270|len=2270	NC_006088.5:104192657-104256939|strand=-|gene=CYYR1
319	337	37974	37957	89.474	19	22.9	31	Exon_01|rel=2001-4270|len=2270	NC_006088.5:104192657-104256939|strand=-|gene=CYYR1
261	276	39563	39578	93.750	16	22.9	31	Exon_01|rel=2001-4270|len=2270	NC_006088.5:104192657-104256939|strand=-|gene=CYYR1
1008	1025	133	116	88.889	18	22.2	31	Exon_01|rel=2001-4270|len=2270	NC_006088.5:104192657-104256939|strand=-|gene=CYYR1
1662	1674	6513	6501	100.000	13	22.2	31	Exon_01|rel=2001-4270|len=2270	NC_006088.5:104192657-104256939|strand=-|gene=CYYR1
317	329	7097	7109	100.000	13	22.2	31	Exon_01|rel=2001-4270|len=2270	NC_006088.5:104192657-104256939|strand=-|gene=CYYR1
1137	1149	8257	8269	100.000	13	22.2	31	Exon_01|rel=2001-4270|len=2270	NC_006088.5:104192657-104256939|strand=-|gene=CYYR1
1885	1902	9278	9295	88.889	18	22.2	31	Exon_01|rel=2001-4270|len=2270	NC_006088.5:104192657-104256939|strand=-|gene=CYYR1
486	498	10062	10050	100.000	13	22.2	31	Exon_01|rel=2001-4270|len=2270	NC_006088.5:104192657-104256939|strand=-|gene=CYYR1
1969	1986	19047	19030	88.889	18	22.2	31	Exon_01|rel=2001-4270|len=2270	NC_006088.5:104192657-104256939|strand=-|gene=CYYR1
1714	1726	19221	19233	100.000	13	22.2	31	Exon_01|rel=2001-4270|len=2270	NC_006088.5:104192657-104256939|strand=-|gene=CYYR1
317	329	28119	28131	100.000	13	22.2	31	Exon_01|rel=2001-4270|len=2270	NC_006088.5:104192657-104256939|strand=-|gene=CYYR1
1675	1699	30143	30168	80.769	26	22.2	31	Exon_01|rel=2001-4270|len=2270	NC_006088.5:104192657-104256939|strand=-|gene=CYYR1
1570	1582	36595	36607	100.000	13	22.2	31	Exon_01|rel=2001-4270|len=2270	NC_006088.5:104192657-104256939|strand=-|gene=CYYR1
1287	1302	48872	48858	93.750	16	22.2	31	Exon_01|rel=2001-4270|len=2270	NC_006088.5:104192657-104256939|strand=-|gene=CYYR1
317	334	49940	49957	88.889	18	22.2	31	Exon_01|rel=2001-4270|len=2270	NC_006088.5:104192657-104256939|strand=-|gene=CYYR1
319	331	51650	51638	100.000	13	22.2	31	Exon_01|rel=2001-4270|len=2270	NC_006088.5:104192657-104256939|strand=-|gene=CYYR1
758	770	52619	52607	100.000	13	22.2	31	Exon_01|rel=2001-4270|len=2270	NC_006088.5:104192657-104256939|strand=-|gene=CYYR1
2258	2270	57572	57560	100.000	13	22.2	31	Exon_01|rel=2001-4270|len=2270	NC_006088.5:104192657-104256939|strand=-|gene=CYYR1
1558	1586	59928	59952	79.310	29	22.2	31	Exon_01|rel=2001-4270|len=2270	NC_006088.5:104192657-104256939|strand=-|gene=CYYR1
318	330	62986	62974	100.000	13	22.2	31	Exon_01|rel=2001-4270|len=2270	NC_006088.5:104192657-104256939|strand=-|gene=CYYR1
319	331	63769	63757	100.000	13	22.2	31	Exon_01|rel=2001-4270|len=2270	NC_006088.5:104192657-104256939|strand=-|gene=CYYR1
1310	1334	522	498	80.000	25	21.4	86	Exon_01|rel=2001-4270|len=2270	NC_006088.5:104192657-104256939|strand=-|gene=CYYR1
800	824	2824	2800	80.000	25	21.4	86	Exon_01|rel=2001-4270|len=2270	NC_006088.5:104192657-104256939|strand=-|gene=CYYR1
317	331	7093	7107	93.333	15	21.4	86	Exon_01|rel=2001-4270|len=2270	NC_006088.5:104192657-104256939|strand=-|gene=CYYR1
1834	1848	9876	9890	93.333	15	21.4	86	Exon_01|rel=2001-4270|len=2270	NC_006088.5:104192657-104256939|strand=-|gene=CYYR1
1286	1305	12854	12835	85.000	20	21.4	86	Exon_01|rel=2001-4270|len=2270	NC_006088.5:104192657-104256939|strand=-|gene=CYYR1
1642	1656	13248	13262	93.333	15	21.4	86	Exon_01|rel=2001-4270|len=2270	NC_006088.5:104192657-104256939|strand=-|gene=CYYR1
88	109	16329	16351	82.609	23	21.4	86	Exon_01|rel=2001-4270|len=2270	NC_006088.5:104192657-104256939|strand=-|gene=CYYR1
315	354	19027	19058	72.500	40	21.4	86	Exon_01|rel=2001-4270|len=2270	NC_006088.5:104192657-104256939|strand=-|gene=CYYR1
1690	1714	27755	27777	80.769	26	21.4	86	Exon_01|rel=2001-4270|len=2270	NC_006088.5:104192657-104256939|strand=-|gene=CYYR1
318	332	28118	28132	93.333	15	21.4	86	Exon_01|rel=2001-4270|len=2270	NC_006088.5:104192657-104256939|strand=-|gene=CYYR1
2242	2261	28331	28312	85.000	20	21.4	86	Exon_01|rel=2001-4270|len=2270	NC_006088.5:104192657-104256939|strand=-|gene=CYYR1
1649	1667	35302	35323	81.818	22	21.4	86	Exon_01|rel=2001-4270|len=2270	NC_006088.5:104192657-104256939|strand=-|gene=CYYR1
1687	1706	37579	37560	85.000	20	21.4	86	Exon_01|rel=2001-4270|len=2270	NC_006088.5:104192657-104256939|strand=-|gene=CYYR1
1275	1289	39261	39275	93.333	15	21.4	86	Exon_01|rel=2001-4270|len=2270	NC_006088.5:104192657-104256939|strand=-|gene=CYYR1
1160	1174	41704	41718	93.333	15	21.4	86	Exon_01|rel=2001-4270|len=2270	NC_006088.5:104192657-104256939|strand=-|gene=CYYR1
1983	2007	42819	42843	80.000	25	21.4	86	Exon_01|rel=2001-4270|len=2270	NC_006088.5:104192657-104256939|strand=-|gene=CYYR1
57	71	43307	43293	93.333	15	21.4	86	Exon_01|rel=2001-4270|len=2270	NC_006088.5:104192657-104256939|strand=-|gene=CYYR1
1237	1256	43587	43606	85.000	20	21.4	86	Exon_01|rel=2001-4270|len=2270	NC_006088.5:104192657-104256939|strand=-|gene=CYYR1
2147	2161	48458	48472	93.333	15	21.4	86	Exon_01|rel=2001-4270|len=2270	NC_006088.5:104192657-104256939|strand=-|gene=CYYR1
317	331	48874	48888	93.333	15	21.4	86	Exon_01|rel=2001-4270|len=2270	NC_006088.5:104192657-104256939|strand=-|gene=CYYR1
1233	1252	51220	51239	85.000	20	21.4	86	Exon_01|rel=2001-4270|len=2270	NC_006088.5:104192657-104256939|strand=-|gene=CYYR1
319	333	51649	51635	93.333	15	21.4	86	Exon_01|rel=2001-4270|len=2270	NC_006088.5:104192657-104256939|strand=-|gene=CYYR1
1410	1424	52796	52810	93.333	15	21.4	86	Exon_01|rel=2001-4270|len=2270	NC_006088.5:104192657-104256939|strand=-|gene=CYYR1
1223	1237	54058	54044	93.333	15	21.4	86	Exon_01|rel=2001-4270|len=2270	NC_006088.5:104192657-104256939|strand=-|gene=CYYR1
317	331	55061	55075	93.333	15	21.4	86	Exon_01|rel=2001-4270|len=2270	NC_006088.5:104192657-104256939|strand=-|gene=CYYR1
317	331	62988	62974	93.333	15	21.4	86	Exon_01|rel=2001-4270|len=2270	NC_006088.5:104192657-104256939|strand=-|gene=CYYR1
319	333	63768	63754	93.333	15	21.4	86	Exon_01|rel=2001-4270|len=2270	NC_006088.5:104192657-104256939|strand=-|gene=CYYR1
921	932	4423	4434	100.000	12	20.7	86	Exon_01|rel=2001-4270|len=2270	NC_006088.5:104192657-104256939|strand=-|gene=CYYR1
583	594	6582	6593	100.000	12	20.7	86	Exon_01|rel=2001-4270|len=2270	NC_006088.5:104192657-104256939|strand=-|gene=CYYR1
391	402	8141	8152	100.000	12	20.7	86	Exon_01|rel=2001-4270|len=2270	NC_006088.5:104192657-104256939|strand=-|gene=CYYR1
1532	1543	9356	9345	100.000	12	20.7	86	Exon_01|rel=2001-4270|len=2270	NC_006088.5:104192657-104256939|strand=-|gene=CYYR1
1305	1316	10934	10923	100.000	12	20.7	86	Exon_01|rel=2001-4270|len=2270	NC_006088.5:104192657-104256939|strand=-|gene=CYYR1
156	172	19541	19525	88.235	17	20.7	86	Exon_01|rel=2001-4270|len=2270	NC_006088.5:104192657-104256939|strand=-|gene=CYYR1
316	332	21440	21456	88.235	17	20.7	86	Exon_01|rel=2001-4270|len=2270	NC_006088.5:104192657-104256939|strand=-|gene=CYYR1
1687	1698	22397	22386	100.000	12	20.7	86	Exon_01|rel=2001-4270|len=2270	NC_006088.5:104192657-104256939|strand=-|gene=CYYR1
320	331	22729	22718	100.000	12	20.7	86	Exon_01|rel=2001-4270|len=2270	NC_006088.5:104192657-104256939|strand=-|gene=CYYR1
319	330	22729	22718	100.000	12	20.7	86	Exon_01|rel=2001-4270|len=2270	NC_006088.5:104192657-104256939|strand=-|gene=CYYR1
813	824	23065	23054	100.000	12	20.7	86	Exon_01|rel=2001-4270|len=2270	NC_006088.5:104192657-104256939|strand=-|gene=CYYR1
595	606	25619	25608	100.000	12	20.7	86	Exon_01|rel=2001-4270|len=2270	NC_006088.5:104192657-104256939|strand=-|gene=CYYR1
1659	1675	29491	29475	88.235	17	20.7	86	Exon_01|rel=2001-4270|len=2270	NC_006088.5:104192657-104256939|strand=-|gene=CYYR1
347	358	31152	31163	100.000	12	20.7	86	Exon_01|rel=2001-4270|len=2270	NC_006088.5:104192657-104256939|strand=-|gene=CYYR1
1926	1937	31286	31297	100.000	12	20.7	86	Exon_01|rel=2001-4270|len=2270	NC_006088.5:104192657-104256939|strand=-|gene=CYYR1
1061	1072	31748	31737	100.000	12	20.7	86	Exon_01|rel=2001-4270|len=2270	NC_006088.5:104192657-104256939|strand=-|gene=CYYR1
239	255	32675	32659	88.235	17	20.7	86	Exon_01|rel=2001-4270|len=2270	NC_006088.5:104192657-104256939|strand=-|gene=CYYR1
2191	2202	32712	32723	100.000	12	20.7	86	Exon_01|rel=2001-4270|len=2270	NC_006088.5:104192657-104256939|strand=-|gene=CYYR1
982	993	32850	32839	100.000	12	20.7	86	Exon_01|rel=2001-4270|len=2270	NC_006088.5:104192657-104256939|strand=-|gene=CYYR1
498	509	34876	34887	100.000	12	20.7	86	Exon_01|rel=2001-4270|len=2270	NC_006088.5:104192657-104256939|strand=-|gene=CYYR1
590	606	38613	38629	88.235	17	20.7	86	Exon_01|rel=2001-4270|len=2270	NC_006088.5:104192657-104256939|strand=-|gene=CYYR1
321	337	39039	39055	88.235	17	20.7	86	Exon_01|rel=2001-4270|len=2270	NC_006088.5:104192657-104256939|strand=-|gene=CYYR1
319	335	39063	39079	88.235	17	20.7	86	Exon_01|rel=2001-4270|len=2270	NC_006088.5:104192657-104256939|strand=-|gene=CYYR1
168	179	42644	42655	100.000	12	20.7	86	Exon_01|rel=2001-4270|len=2270	NC_006088.5:104192657-104256939|strand=-|gene=CYYR1
1225	1241	42685	42669	88.235	17	20.7	86	Exon_01|rel=2001-4270|len=2270	NC_006088.5:104192657-104256939|strand=-|gene=CYYR1
1485	1501	43225	43241	88.235	17	20.7	86	Exon_01|rel=2001-4270|len=2270	NC_006088.5:104192657-104256939|strand=-|gene=CYYR1
272	283	43918	43929	100.000	12	20.7	86	Exon_01|rel=2001-4270|len=2270	NC_006088.5:104192657-104256939|strand=-|gene=CYYR1
1523	1534	46873	46884	100.000	12	20.7	86	Exon_01|rel=2001-4270|len=2270	NC_006088.5:104192657-104256939|strand=-|gene=CYYR1
2149	2160	48423	48412	100.000	12	20.7	86	Exon_01|rel=2001-4270|len=2270	NC_006088.5:104192657-104256939|strand=-|gene=CYYR1
960	976	48488	48472	88.235	17	20.7	86	Exon_01|rel=2001-4270|len=2270	NC_006088.5:104192657-104256939|strand=-|gene=CYYR1
263	274	50761	50772	100.000	12	20.7	86	Exon_01|rel=2001-4270|len=2270	NC_006088.5:104192657-104256939|strand=-|gene=CYYR1
431	447	54075	54091	88.235	17	20.7	86	Exon_01|rel=2001-4270|len=2270	NC_006088.5:104192657-104256939|strand=-|gene=CYYR1
1318	1329	54637	54648	100.000	12	20.7	86	Exon_01|rel=2001-4270|len=2270	NC_006088.5:104192657-104256939|strand=-|gene=CYYR1
1264	1275	55693	55682	100.000	12	20.7	86	Exon_01|rel=2001-4270|len=2270	NC_006088.5:104192657-104256939|strand=-|gene=CYYR1
139	150	55690	55701	100.000	12	20.7	86	Exon_01|rel=2001-4270|len=2270	NC_006088.5:104192657-104256939|strand=-|gene=CYYR1
1295	1306	56593	56582	100.000	12	20.7	86	Exon_01|rel=2001-4270|len=2270	NC_006088.5:104192657-104256939|strand=-|gene=CYYR1
62	73	57233	57222	100.000	12	20.7	86	Exon_01|rel=2001-4270|len=2270	NC_006088.5:104192657-104256939|strand=-|gene=CYYR1
318	334	59073	59057	88.235	17	20.7	86	Exon_01|rel=2001-4270|len=2270	NC_006088.5:104192657-104256939|strand=-|gene=CYYR1
2047	2068	60447	60426	81.818	22	20.7	86	Exon_01|rel=2001-4270|len=2270	NC_006088.5:104192657-104256939|strand=-|gene=CYYR1
322	338	63769	63753	88.235	17	20.7	86	Exon_01|rel=2001-4270|len=2270	NC_006088.5:104192657-104256939|strand=-|gene=CYYR1
1	158	6822	6979	100.000	158	237	2.38e-65	Exon_02|rel=6822-6979|len=158	NC_006088.5:104192657-104256939|strand=-|gene=CYYR1
54	86	11544	11572	79.412	34	24.4	0.62	Exon_02|rel=6822-6979|len=158	NC_006088.5:104192657-104256939|strand=-|gene=CYYR1
15	43	44850	44877	77.419	31	22.2	1.7	Exon_02|rel=6822-6979|len=158	NC_006088.5:104192657-104256939|strand=-|gene=CYYR1
62	90	52901	52868	73.529	34	22.2	1.7	Exon_02|rel=6822-6979|len=158	NC_006088.5:104192657-104256939|strand=-|gene=CYYR1
69	93	3821	3794	78.571	28	21.4	4.9	Exon_02|rel=6822-6979|len=158	NC_006088.5:104192657-104256939|strand=-|gene=CYYR1
54	70	35489	35472	88.889	18	21.4	4.9	Exon_02|rel=6822-6979|len=158	NC_006088.5:104192657-104256939|strand=-|gene=CYYR1
3	32	40649	40678	77.419	31	21.4	4.9	Exon_02|rel=6822-6979|len=158	NC_006088.5:104192657-104256939|strand=-|gene=CYYR1
79	96	52228	52244	88.889	18	21.4	4.9	Exon_02|rel=6822-6979|len=158	NC_006088.5:104192657-104256939|strand=-|gene=CYYR1
75	89	6345	6332	93.333	15	20.7	4.9	Exon_02|rel=6822-6979|len=158	NC_006088.5:104192657-104256939|strand=-|gene=CYYR1
71	82	11550	11539	100.000	12	20.7	4.9	Exon_02|rel=6822-6979|len=158	NC_006088.5:104192657-104256939|strand=-|gene=CYYR1
71	82	42661	42650	100.000	12	20.7	4.9	Exon_02|rel=6822-6979|len=158	NC_006088.5:104192657-104256939|strand=-|gene=CYYR1
65	76	48464	48453	100.000	12	20.7	4.9	Exon_02|rel=6822-6979|len=158	NC_006088.5:104192657-104256939|strand=-|gene=CYYR1
75	88	11552	11539	92.857	14	19.9	14	Exon_02|rel=6822-6979|len=158	NC_006088.5:104192657-104256939|strand=-|gene=CYYR1
73	93	52228	52249	81.818	22	19.9	14	Exon_02|rel=6822-6979|len=158	NC_006088.5:104192657-104256939|strand=-|gene=CYYR1
72	95	9342	9364	79.167	24	19.2	14	Exon_02|rel=6822-6979|len=158	NC_006088.5:104192657-104256939|strand=-|gene=CYYR1
77	87	23559	23549	100.000	11	19.2	14	Exon_02|rel=6822-6979|len=158	NC_006088.5:104192657-104256939|strand=-|gene=CYYR1
80	100	23701	23681	80.952	21	19.2	14	Exon_02|rel=6822-6979|len=158	NC_006088.5:104192657-104256939|strand=-|gene=CYYR1
9	29	44243	44227	80.952	21	19.2	14	Exon_02|rel=6822-6979|len=158	NC_006088.5:104192657-104256939|strand=-|gene=CYYR1
7	34	45229	45194	72.222	36	19.2	14	Exon_02|rel=6822-6979|len=158	NC_006088.5:104192657-104256939|strand=-|gene=CYYR1
84	99	1690	1676	87.500	16	18.4	38	Exon_02|rel=6822-6979|len=158	NC_006088.5:104192657-104256939|strand=-|gene=CYYR1
61	100	18472	18432	70.732	41	18.4	38	Exon_02|rel=6822-6979|len=158	NC_006088.5:104192657-104256939|strand=-|gene=CYYR1
79	98	27610	27592	80.952	21	18.4	38	Exon_02|rel=6822-6979|len=158	NC_006088.5:104192657-104256939|strand=-|gene=CYYR1
67	79	30587	30599	92.308	13	18.4	38	Exon_02|rel=6822-6979|len=158	NC_006088.5:104192657-104256939|strand=-|gene=CYYR1
16	28	31407	31419	92.308	13	18.4	38	Exon_02|rel=6822-6979|len=158	NC_006088.5:104192657-104256939|strand=-|gene=CYYR1
76	88	42662	42650	92.308	13	18.4	38	Exon_02|rel=6822-6979|len=158	NC_006088.5:104192657-104256939|strand=-|gene=CYYR1
139	151	43332	43320	92.308	13	18.4	38	Exon_02|rel=6822-6979|len=158	NC_006088.5:104192657-104256939|strand=-|gene=CYYR1
103	123	63941	63960	80.952	21	18.4	38	Exon_02|rel=6822-6979|len=158	NC_006088.5:104192657-104256939|strand=-|gene=CYYR1
67	76	3244	3253	100.000	10	17.7	38	Exon_02|rel=6822-6979|len=158	NC_006088.5:104192657-104256939|strand=-|gene=CYYR1
58	74	17463	17480	83.333	18	17.7	38	Exon_02|rel=6822-6979|len=158	NC_006088.5:104192657-104256939|strand=-|gene=CYYR1
131	140	37555	37546	100.000	10	17.7	38	Exon_02|rel=6822-6979|len=158	NC_006088.5:104192657-104256939|strand=-|gene=CYYR1
139	148	52654	52645	100.000	10	17.7	38	Exon_02|rel=6822-6979|len=158	NC_006088.5:104192657-104256939|strand=-|gene=CYYR1
135	144	60102	60111	100.000	10	17.7	38	Exon_02|rel=6822-6979|len=158	NC_006088.5:104192657-104256939|strand=-|gene=CYYR1
87	96	61583	61592	100.000	10	17.7	38	Exon_02|rel=6822-6979|len=158	NC_006088.5:104192657-104256939|strand=-|gene=CYYR1
1	106	56474	56579	100.000	106	160	2.59e-42	Exon_03|rel=56474-56579|len=106	NC_006088.5:104192657-104256939|strand=-|gene=CYYR1
9	33	32113	32089	80.769	26	21.4	2.9	Exon_03|rel=56474-56579|len=106	NC_006088.5:104192657-104256939|strand=-|gene=CYYR1
73	87	60829	60843	93.333	15	21.4	2.9	Exon_03|rel=56474-56579|len=106	NC_006088.5:104192657-104256939|strand=-|gene=CYYR1
17	35	15840	15821	85.000	20	20.7	2.9	Exon_03|rel=56474-56579|len=106	NC_006088.5:104192657-104256939|strand=-|gene=CYYR1
56	96	34263	34226	71.111	45	20.7	2.9	Exon_03|rel=56474-56579|len=106	NC_006088.5:104192657-104256939|strand=-|gene=CYYR1
13	33	18471	18490	81.818	22	19.9	8.1	Exon_03|rel=56474-56579|len=106	NC_006088.5:104192657-104256939|strand=-|gene=CYYR1
68	86	22247	22265	84.211	19	19.9	8.1	Exon_03|rel=56474-56579|len=106	NC_006088.5:104192657-104256939|strand=-|gene=CYYR1
56	73	57956	57937	85.000	20	19.9	8.1	Exon_03|rel=56474-56579|len=106	NC_006088.5:104192657-104256939|strand=-|gene=CYYR1
78	96	2759	2776	84.211	19	19.2	8.1	Exon_03|rel=56474-56579|len=106	NC_006088.5:104192657-104256939|strand=-|gene=CYYR1
86	99	15473	15458	87.500	16	19.2	8.1	Exon_03|rel=56474-56579|len=106	NC_006088.5:104192657-104256939|strand=-|gene=CYYR1
52	67	40178	40193	87.500	16	19.2	8.1	Exon_03|rel=56474-56579|len=106	NC_006088.5:104192657-104256939|strand=-|gene=CYYR1
20	41	56087	56106	81.818	22	19.2	8.1	Exon_03|rel=56474-56579|len=106	NC_006088.5:104192657-104256939|strand=-|gene=CYYR1
20	34	56777	56760	83.333	18	19.2	8.1	Exon_03|rel=56474-56579|len=106	NC_006088.5:104192657-104256939|strand=-|gene=CYYR1
15	27	3482	3470	92.308	13	18.4	23	Exon_03|rel=56474-56579|len=106	NC_006088.5:104192657-104256939|strand=-|gene=CYYR1
77	89	39676	39688	92.308	13	18.4	23	Exon_03|rel=56474-56579|len=106	NC_006088.5:104192657-104256939|strand=-|gene=CYYR1
57	86	48288	48316	74.194	31	18.4	23	Exon_03|rel=56474-56579|len=106	NC_006088.5:104192657-104256939|strand=-|gene=CYYR1
9	21	48915	48927	92.308	13	18.4	23	Exon_03|rel=56474-56579|len=106	NC_006088.5:104192657-104256939|strand=-|gene=CYYR1
74	98	54548	54522	75.000	28	18.4	23	Exon_03|rel=56474-56579|len=106	NC_006088.5:104192657-104256939|strand=-|gene=CYYR1
82	105	54621	54645	76.923	26	18.4	23	Exon_03|rel=56474-56579|len=106	NC_006088.5:104192657-104256939|strand=-|gene=CYYR1
57	69	59563	59551	92.308	13	18.4	23	Exon_03|rel=56474-56579|len=106	NC_006088.5:104192657-104256939|strand=-|gene=CYYR1
83	92	6679	6688	100.000	10	17.7	23	Exon_03|rel=56474-56579|len=106	NC_006088.5:104192657-104256939|strand=-|gene=CYYR1
61	70	8497	8506	100.000	10	17.7	23	Exon_03|rel=56474-56579|len=106	NC_006088.5:104192657-104256939|strand=-|gene=CYYR1
69	78	12549	12540	100.000	10	17.7	23	Exon_03|rel=56474-56579|len=106	NC_006088.5:104192657-104256939|strand=-|gene=CYYR1
8	27	17184	17203	80.000	20	17.7	23	Exon_03|rel=56474-56579|len=106	NC_006088.5:104192657-104256939|strand=-|gene=CYYR1
15	75	22267	22214	67.692	65	17.7	23	Exon_03|rel=56474-56579|len=106	NC_006088.5:104192657-104256939|strand=-|gene=CYYR1
88	105	22410	22429	80.000	20	17.7	23	Exon_03|rel=56474-56579|len=106	NC_006088.5:104192657-104256939|strand=-|gene=CYYR1
6	15	24556	24547	100.000	10	17.7	23	Exon_03|rel=56474-56579|len=106	NC_006088.5:104192657-104256939|strand=-|gene=CYYR1
31	40	24734	24743	100.000	10	17.7	23	Exon_03|rel=56474-56579|len=106	NC_006088.5:104192657-104256939|strand=-|gene=CYYR1
18	32	27789	27803	86.667	15	17.7	23	Exon_03|rel=56474-56579|len=106	NC_006088.5:104192657-104256939|strand=-|gene=CYYR1
71	80	39368	39377	100.000	10	17.7	23	Exon_03|rel=56474-56579|len=106	NC_006088.5:104192657-104256939|strand=-|gene=CYYR1
32	41	48287	48296	100.000	10	17.7	23	Exon_03|rel=56474-56579|len=106	NC_006088.5:104192657-104256939|strand=-|gene=CYYR1
13	27	48434	48420	86.667	15	17.7	23	Exon_03|rel=56474-56579|len=106	NC_006088.5:104192657-104256939|strand=-|gene=CYYR1
18	27	51952	51943	100.000	10	17.7	23	Exon_03|rel=56474-56579|len=106	NC_006088.5:104192657-104256939|strand=-|gene=CYYR1
59	68	57237	57246	100.000	10	17.7	23	Exon_03|rel=56474-56579|len=106	NC_006088.5:104192657-104256939|strand=-|gene=CYYR1
49	58	57678	57687	100.000	10	17.7	23	Exon_03|rel=56474-56579|len=106	NC_006088.5:104192657-104256939|strand=-|gene=CYYR1
73	92	59313	59296	80.000	20	17.7	23	Exon_03|rel=56474-56579|len=106	NC_006088.5:104192657-104256939|strand=-|gene=CYYR1
6	18	61706	61717	92.308	13	17.7	23	Exon_03|rel=56474-56579|len=106	NC_006088.5:104192657-104256939|strand=-|gene=CYYR1
54	88	62013	62045	71.429	35	17.7	23	Exon_03|rel=56474-56579|len=106	NC_006088.5:104192657-104256939|strand=-|gene=CYYR1
38	91	2419	2480	67.188	64	17.0	64	Exon_03|rel=56474-56579|len=106	NC_006088.5:104192657-104256939|strand=-|gene=CYYR1
87	103	7010	7026	82.353	17	17.0	64	Exon_03|rel=56474-56579|len=106	NC_006088.5:104192657-104256939|strand=-|gene=CYYR1
4	41	8072	8113	69.767	43	17.0	64	Exon_03|rel=56474-56579|len=106	NC_006088.5:104192657-104256939|strand=-|gene=CYYR1
52	68	8170	8186	82.353	17	17.0	64	Exon_03|rel=56474-56579|len=106	NC_006088.5:104192657-104256939|strand=-|gene=CYYR1
53	64	22553	22542	91.667	12	17.0	64	Exon_03|rel=56474-56579|len=106	NC_006088.5:104192657-104256939|strand=-|gene=CYYR1
13	24	24391	24380	91.667	12	17.0	64	Exon_03|rel=56474-56579|len=106	NC_006088.5:104192657-104256939|strand=-|gene=CYYR1
3	19	24724	24708	82.353	17	17.0	64	Exon_03|rel=56474-56579|len=106	NC_006088.5:104192657-104256939|strand=-|gene=CYYR1
8	26	27170	27153	80.000	20	17.0	64	Exon_03|rel=56474-56579|len=106	NC_006088.5:104192657-104256939|strand=-|gene=CYYR1
54	65	39632	39643	91.667	12	17.0	64	Exon_03|rel=56474-56579|len=106	NC_006088.5:104192657-104256939|strand=-|gene=CYYR1
2	13	46441	46452	91.667	12	17.0	64	Exon_03|rel=56474-56579|len=106	NC_006088.5:104192657-104256939|strand=-|gene=CYYR1
5	21	52490	52474	82.353	17	17.0	64	Exon_03|rel=56474-56579|len=106	NC_006088.5:104192657-104256939|strand=-|gene=CYYR1
3	14	57662	57673	91.667	12	17.0	64	Exon_03|rel=56474-56579|len=106	NC_006088.5:104192657-104256939|strand=-|gene=CYYR1
30	64	58363	58397	71.053	38	17.0	64	Exon_03|rel=56474-56579|len=106	NC_006088.5:104192657-104256939|strand=-|gene=CYYR1
66	77	62236	62247	91.667	12	17.0	64	Exon_03|rel=56474-56579|len=106	NC_006088.5:104192657-104256939|strand=-|gene=CYYR1
63	71	517	509	100.000	9	16.2	64	Exon_03|rel=56474-56579|len=106	NC_006088.5:104192657-104256939|strand=-|gene=CYYR1
98	106	1003	995	100.000	9	16.2	64	Exon_03|rel=56474-56579|len=106	NC_006088.5:104192657-104256939|strand=-|gene=CYYR1
29	37	1355	1347	100.000	9	16.2	64	Exon_03|rel=56474-56579|len=106	NC_006088.5:104192657-104256939|strand=-|gene=CYYR1
55	63	3749	3757	100.000	9	16.2	64	Exon_03|rel=56474-56579|len=106	NC_006088.5:104192657-104256939|strand=-|gene=CYYR1
39	47	6729	6721	100.000	9	16.2	64	Exon_03|rel=56474-56579|len=106	NC_006088.5:104192657-104256939|strand=-|gene=CYYR1
57	65	8105	8113	100.000	9	16.2	64	Exon_03|rel=56474-56579|len=106	NC_006088.5:104192657-104256939|strand=-|gene=CYYR1
17	25	11678	11670	100.000	9	16.2	64	Exon_03|rel=56474-56579|len=106	NC_006088.5:104192657-104256939|strand=-|gene=CYYR1
32	40	22550	22542	100.000	9	16.2	64	Exon_03|rel=56474-56579|len=106	NC_006088.5:104192657-104256939|strand=-|gene=CYYR1
4	12	23087	23095	100.000	9	16.2	64	Exon_03|rel=56474-56579|len=106	NC_006088.5:104192657-104256939|strand=-|gene=CYYR1
50	58	24551	24543	100.000	9	16.2	64	Exon_03|rel=56474-56579|len=106	NC_006088.5:104192657-104256939|strand=-|gene=CYYR1
54	62	24804	24812	100.000	9	16.2	64	Exon_03|rel=56474-56579|len=106	NC_006088.5:104192657-104256939|strand=-|gene=CYYR1
28	36	25560	25568	100.000	9	16.2	64	Exon_03|rel=56474-56579|len=106	NC_006088.5:104192657-104256939|strand=-|gene=CYYR1
50	58	25573	25581	100.000	9	16.2	64	Exon_03|rel=56474-56579|len=106	NC_006088.5:104192657-104256939|strand=-|gene=CYYR1
49	57	30398	30406	100.000	9	16.2	64	Exon_03|rel=56474-56579|len=106	NC_006088.5:104192657-104256939|strand=-|gene=CYYR1
17	25	31677	31685	100.000	9	16.2	64	Exon_03|rel=56474-56579|len=106	NC_006088.5:104192657-104256939|strand=-|gene=CYYR1
26	39	32969	32982	85.714	14	16.2	64	Exon_03|rel=56474-56579|len=106	NC_006088.5:104192657-104256939|strand=-|gene=CYYR1
10	18	37075	37083	100.000	9	16.2	64	Exon_03|rel=56474-56579|len=106	NC_006088.5:104192657-104256939|strand=-|gene=CYYR1
61	69	38177	38185	100.000	9	16.2	64	Exon_03|rel=56474-56579|len=106	NC_006088.5:104192657-104256939|strand=-|gene=CYYR1
32	40	38271	38263	100.000	9	16.2	64	Exon_03|rel=56474-56579|len=106	NC_006088.5:104192657-104256939|strand=-|gene=CYYR1
34	42	39636	39644	100.000	9	16.2	64	Exon_03|rel=56474-56579|len=106	NC_006088.5:104192657-104256939|strand=-|gene=CYYR1
92	100	41904	41912	100.000	9	16.2	64	Exon_03|rel=56474-56579|len=106	NC_006088.5:104192657-104256939|strand=-|gene=CYYR1
55	63	42244	42236	100.000	9	16.2	64	Exon_03|rel=56474-56579|len=106	NC_006088.5:104192657-104256939|strand=-|gene=CYYR1
95	103	44875	44883	100.000	9	16.2	64	Exon_03|rel=56474-56579|len=106	NC_006088.5:104192657-104256939|strand=-|gene=CYYR1
31	44	47641	47628	85.714	14	16.2	64	Exon_03|rel=56474-56579|len=106	NC_006088.5:104192657-104256939|strand=-|gene=CYYR1
52	65	49620	49607	85.714	14	16.2	64	Exon_03|rel=56474-56579|len=106	NC_006088.5:104192657-104256939|strand=-|gene=CYYR1
60	68	52076	52084	100.000	9	16.2	64	Exon_03|rel=56474-56579|len=106	NC_006088.5:104192657-104256939|strand=-|gene=CYYR1
68	76	53294	53286	100.000	9	16.2	64	Exon_03|rel=56474-56579|len=106	NC_006088.5:104192657-104256939|strand=-|gene=CYYR1
29	37	57214	57222	100.000	9	16.2	64	Exon_03|rel=56474-56579|len=106	NC_006088.5:104192657-104256939|strand=-|gene=CYYR1
66	74	60609	60617	100.000	9	16.2	64	Exon_03|rel=56474-56579|len=106	NC_006088.5:104192657-104256939|strand=-|gene=CYYR1
58	66	61106	61114	100.000	9	16.2	64	Exon_03|rel=56474-56579|len=106	NC_006088.5:104192657-104256939|strand=-|gene=CYYR1
54	62	61487	61479	100.000	9	16.2	64	Exon_03|rel=56474-56579|len=106	NC_006088.5:104192657-104256939|strand=-|gene=CYYR1
3	11	62817	62809	100.000	9	16.2	64	Exon_03|rel=56474-56579|len=106	NC_006088.5:104192657-104256939|strand=-|gene=CYYR1
1	484	58619	59102	100.000	484	722	0.0	Exon_04|rel=58619-59102|len=484	NC_006088.5:104192657-104256939|strand=-|gene=CYYR1
28	190	58808	58646	68.889	180	57.8	1.13e-10	Exon_04|rel=58619-59102|len=484	NC_006088.5:104192657-104256939|strand=-|gene=CYYR1
83	260	58878	58701	68.020	197	54.1	2.49e-09	Exon_04|rel=58619-59102|len=484	NC_006088.5:104192657-104256939|strand=-|gene=CYYR1
121	291	58909	58739	63.317	199	39.2	7.40e-05	Exon_04|rel=58619-59102|len=484	NC_006088.5:104192657-104256939|strand=-|gene=CYYR1
116	200	58604	58520	69.892	93	35.5	5.81e-04	Exon_04|rel=58619-59102|len=484	NC_006088.5:104192657-104256939|strand=-|gene=CYYR1
408	472	54224	54157	69.333	75	29.6	0.036	Exon_04|rel=58619-59102|len=484	NC_006088.5:104192657-104256939|strand=-|gene=CYYR1
432	461	54488	54462	83.333	30	29.6	0.036	Exon_04|rel=58619-59102|len=484	NC_006088.5:104192657-104256939|strand=-|gene=CYYR1
246	264	58727	58745	94.737	19	27.4	0.28	Exon_04|rel=58619-59102|len=484	NC_006088.5:104192657-104256939|strand=-|gene=CYYR1
109	127	58864	58882	94.737	19	27.4	0.28	Exon_04|rel=58619-59102|len=484	NC_006088.5:104192657-104256939|strand=-|gene=CYYR1
12	32	40640	40620	90.476	21	26.6	0.28	Exon_04|rel=58619-59102|len=484	NC_006088.5:104192657-104256939|strand=-|gene=CYYR1
235	270	58888	58853	77.778	36	26.6	0.28	Exon_04|rel=58619-59102|len=484	NC_006088.5:104192657-104256939|strand=-|gene=CYYR1
432	473	12795	12833	73.913	46	25.9	0.79	Exon_04|rel=58619-59102|len=484	NC_006088.5:104192657-104256939|strand=-|gene=CYYR1
175	288	58484	58597	65.600	125	25.9	0.79	Exon_04|rel=58619-59102|len=484	NC_006088.5:104192657-104256939|strand=-|gene=CYYR1
431	445	54484	54470	100.000	15	25.1	0.79	Exon_04|rel=58619-59102|len=484	NC_006088.5:104192657-104256939|strand=-|gene=CYYR1
9	30	40640	40619	86.364	22	24.4	2.2	Exon_04|rel=58619-59102|len=484	NC_006088.5:104192657-104256939|strand=-|gene=CYYR1
433	455	7109	7090	86.957	23	23.6	2.2	Exon_04|rel=58619-59102|len=484	NC_006088.5:104192657-104256939|strand=-|gene=CYYR1
14	32	40641	40623	89.474	19	23.6	2.2	Exon_04|rel=58619-59102|len=484	NC_006088.5:104192657-104256939|strand=-|gene=CYYR1
335	348	40649	40662	100.000	14	23.6	2.2	Exon_04|rel=58619-59102|len=484	NC_006088.5:104192657-104256939|strand=-|gene=CYYR1
434	452	2334	2317	89.474	19	22.9	6.2	Exon_04|rel=58619-59102|len=484	NC_006088.5:104192657-104256939|strand=-|gene=CYYR1
440	473	28271	28239	76.471	34	22.9	6.2	Exon_04|rel=58619-59102|len=484	NC_006088.5:104192657-104256939|strand=-|gene=CYYR1
311	331	35184	35164	85.714	21	22.9	6.2	Exon_04|rel=58619-59102|len=484	NC_006088.5:104192657-104256939|strand=-|gene=CYYR1
437	452	55076	55061	93.750	16	22.9	6.2	Exon_04|rel=58619-59102|len=484	NC_006088.5:104192657-104256939|strand=-|gene=CYYR1
432	454	56072	56049	83.333	24	22.9	6.2	Exon_04|rel=58619-59102|len=484	NC_006088.5:104192657-104256939|strand=-|gene=CYYR1
432	454	7109	7087	83.333	24	22.2	6.2	Exon_04|rel=58619-59102|len=484	NC_006088.5:104192657-104256939|strand=-|gene=CYYR1
178	211	16486	16455	76.471	34	22.2	6.2	Exon_04|rel=58619-59102|len=484	NC_006088.5:104192657-104256939|strand=-|gene=CYYR1
432	454	23413	23391	82.609	23	22.2	6.2	Exon_04|rel=58619-59102|len=484	NC_006088.5:104192657-104256939|strand=-|gene=CYYR1
7	27	40638	40619	85.714	21	22.2	6.2	Exon_04|rel=58619-59102|len=484	NC_006088.5:104192657-104256939|strand=-|gene=CYYR1
437	454	49964	49947	88.889	18	22.2	6.2	Exon_04|rel=58619-59102|len=484	NC_006088.5:104192657-104256939|strand=-|gene=CYYR1
437	454	48888	48872	88.889	18	21.4	17	Exon_04|rel=58619-59102|len=484	NC_006088.5:104192657-104256939|strand=-|gene=CYYR1
13	27	52704	52718	93.333	15	21.4	17	Exon_04|rel=58619-59102|len=484	NC_006088.5:104192657-104256939|strand=-|gene=CYYR1
439	455	2334	2318	88.235	17	20.7	17	Exon_04|rel=58619-59102|len=484	NC_006088.5:104192657-104256939|strand=-|gene=CYYR1
409	420	4828	4817	100.000	12	20.7	17	Exon_04|rel=58619-59102|len=484	NC_006088.5:104192657-104256939|strand=-|gene=CYYR1
436	449	5169	5155	93.333	15	20.7	17	Exon_04|rel=58619-59102|len=484	NC_006088.5:104192657-104256939|strand=-|gene=CYYR1
435	456	24881	24860	81.818	22	20.7	17	Exon_04|rel=58619-59102|len=484	NC_006088.5:104192657-104256939|strand=-|gene=CYYR1
16	27	38143	38154	100.000	12	20.7	17	Exon_04|rel=58619-59102|len=484	NC_006088.5:104192657-104256939|strand=-|gene=CYYR1
431	447	38294	38278	88.235	17	20.7	17	Exon_04|rel=58619-59102|len=484	NC_006088.5:104192657-104256939|strand=-|gene=CYYR1
4	30	52692	52718	77.778	27	20.7	17	Exon_04|rel=58619-59102|len=484	NC_006088.5:104192657-104256939|strand=-|gene=CYYR1
266	282	58483	58499	88.235	17	20.7	17	Exon_04|rel=58619-59102|len=484	NC_006088.5:104192657-104256939|strand=-|gene=CYYR1
390	401	59019	59008	100.000	12	20.7	17	Exon_04|rel=58619-59102|len=484	NC_006088.5:104192657-104256939|strand=-|gene=CYYR1
337	348	60372	60383	100.000	12	20.7	17	Exon_04|rel=58619-59102|len=484	NC_006088.5:104192657-104256939|strand=-|gene=CYYR1
432	454	7106	7082	80.000	25	19.9	48	Exon_04|rel=58619-59102|len=484	NC_006088.5:104192657-104256939|strand=-|gene=CYYR1
8	24	10581	10596	88.235	17	19.9	48	Exon_04|rel=58619-59102|len=484	NC_006088.5:104192657-104256939|strand=-|gene=CYYR1
239	252	16492	16479	92.857	14	19.9	48	Exon_04|rel=58619-59102|len=484	NC_006088.5:104192657-104256939|strand=-|gene=CYYR1
8	21	19076	19063	92.857	14	19.9	48	Exon_04|rel=58619-59102|len=484	NC_006088.5:104192657-104256939|strand=-|gene=CYYR1
431	447	21456	21441	88.235	17	19.9	48	Exon_04|rel=58619-59102|len=484	NC_006088.5:104192657-104256939|strand=-|gene=CYYR1
5	18	24587	24600	92.857	14	19.9	48	Exon_04|rel=58619-59102|len=484	NC_006088.5:104192657-104256939|strand=-|gene=CYYR1
18	31	27587	27574	92.857	14	19.9	48	Exon_04|rel=58619-59102|len=484	NC_006088.5:104192657-104256939|strand=-|gene=CYYR1
435	465	36087	36052	72.973	37	19.9	48	Exon_04|rel=58619-59102|len=484	NC_006088.5:104192657-104256939|strand=-|gene=CYYR1
437	452	37342	37326	88.235	17	19.9	48	Exon_04|rel=58619-59102|len=484	NC_006088.5:104192657-104256939|strand=-|gene=CYYR1
437	450	37776	37789	92.857	14	19.9	48	Exon_04|rel=58619-59102|len=484	NC_006088.5:104192657-104256939|strand=-|gene=CYYR1
432	453	39075	39055	81.818	22	19.9	48	Exon_04|rel=58619-59102|len=484	NC_006088.5:104192657-104256939|strand=-|gene=CYYR1
18	31	40221	40234	92.857	14	19.9	48	Exon_04|rel=58619-59102|len=484	NC_006088.5:104192657-104256939|strand=-|gene=CYYR1
442	455	48888	48875	92.857	14	19.9	48	Exon_04|rel=58619-59102|len=484	NC_006088.5:104192657-104256939|strand=-|gene=CYYR1
429	444	55666	55682	88.235	17	19.9	48	Exon_04|rel=58619-59102|len=484	NC_006088.5:104192657-104256939|strand=-|gene=CYYR1
357	370	58518	58531	92.857	14	19.9	48	Exon_04|rel=58619-59102|len=484	NC_006088.5:104192657-104256939|strand=-|gene=CYYR1
431	444	63901	63888	92.857	14	19.9	48	Exon_04|rel=58619-59102|len=484	NC_006088.5:104192657-104256939|strand=-|gene=CYYR1
440	450	10504	10494	100.000	11	19.2	48	Exon_04|rel=58619-59102|len=484	NC_006088.5:104192657-104256939|strand=-|gene=CYYR1
416	426	32773	32763	100.000	11	19.2	48	Exon_04|rel=58619-59102|len=484	NC_006088.5:104192657-104256939|strand=-|gene=CYYR1
432	452	38298	38278	80.952	21	19.2	48	Exon_04|rel=58619-59102|len=484	NC_006088.5:104192657-104256939|strand=-|gene=CYYR1
23	33	52306	52316	100.000	11	19.2	48	Exon_04|rel=58619-59102|len=484	NC_006088.5:104192657-104256939|strand=-|gene=CYYR1
468	483	52548	52533	87.500	16	19.2	48	Exon_04|rel=58619-59102|len=484	NC_006088.5:104192657-104256939|strand=-|gene=CYYR1
467	482	55839	55854	87.500	16	19.2	48	Exon_04|rel=58619-59102|len=484	NC_006088.5:104192657-104256939|strand=-|gene=CYYR1
296	311	58929	58914	87.500	16	19.2	48	Exon_04|rel=58619-59102|len=484	NC_006088.5:104192657-104256939|strand=-|gene=CYYR1
1	174	62110	62283	100.000	174	261	1.86e-72	Exon_05|rel=62110-62283|len=174	NC_006088.5:104192657-104256939|strand=-|gene=CYYR1
116	136	42619	42638	90.476	21	25.9	0.25	Exon_05|rel=62110-62283|len=174	NC_006088.5:104192657-104256939|strand=-|gene=CYYR1
84	109	32494	32467	82.143	28	24.4	0.69	Exon_05|rel=62110-62283|len=174	NC_006088.5:104192657-104256939|strand=-|gene=CYYR1
5	19	10346	10361	93.750	16	22.2	1.9	Exon_05|rel=62110-62283|len=174	NC_006088.5:104192657-104256939|strand=-|gene=CYYR1
93	110	46053	46036	88.889	18	22.2	1.9	Exon_05|rel=62110-62283|len=174	NC_006088.5:104192657-104256939|strand=-|gene=CYYR1
138	160	62353	62333	82.609	23	22.2	1.9	Exon_05|rel=62110-62283|len=174	NC_006088.5:104192657-104256939|strand=-|gene=CYYR1
3	20	20980	20996	88.889	18	21.4	5.4	Exon_05|rel=62110-62283|len=174	NC_006088.5:104192657-104256939|strand=-|gene=CYYR1
138	157	41167	41150	85.000	20	21.4	5.4	Exon_05|rel=62110-62283|len=174	NC_006088.5:104192657-104256939|strand=-|gene=CYYR1
10	78	51310	51381	66.234	77	21.4	5.4	Exon_05|rel=62110-62283|len=174	NC_006088.5:104192657-104256939|strand=-|gene=CYYR1
75	93	53063	53084	81.818	22	21.4	5.4	Exon_05|rel=62110-62283|len=174	NC_006088.5:104192657-104256939|strand=-|gene=CYYR1
132	148	24511	24495	88.235	17	20.7	5.4	Exon_05|rel=62110-62283|len=174	NC_006088.5:104192657-104256939|strand=-|gene=CYYR1
29	57	13278	13249	75.000	32	19.9	15	Exon_05|rel=62110-62283|len=174	NC_006088.5:104192657-104256939|strand=-|gene=CYYR1
150	165	25373	25357	88.235	17	19.9	15	Exon_05|rel=62110-62283|len=174	NC_006088.5:104192657-104256939|strand=-|gene=CYYR1
116	132	25470	25488	84.211	19	19.9	15	Exon_05|rel=62110-62283|len=174	NC_006088.5:104192657-104256939|strand=-|gene=CYYR1
131	155	32228	32208	80.000	25	19.9	15	Exon_05|rel=62110-62283|len=174	NC_006088.5:104192657-104256939|strand=-|gene=CYYR1
153	174	33085	33059	77.778	27	19.9	15	Exon_05|rel=62110-62283|len=174	NC_006088.5:104192657-104256939|strand=-|gene=CYYR1
132	145	39435	39422	92.857	14	19.9	15	Exon_05|rel=62110-62283|len=174	NC_006088.5:104192657-104256939|strand=-|gene=CYYR1
160	173	40463	40476	92.857	14	19.9	15	Exon_05|rel=62110-62283|len=174	NC_006088.5:104192657-104256939|strand=-|gene=CYYR1
107	120	44900	44913	92.857	14	19.9	15	Exon_05|rel=62110-62283|len=174	NC_006088.5:104192657-104256939|strand=-|gene=CYYR1
17	30	44947	44934	92.857	14	19.9	15	Exon_05|rel=62110-62283|len=174	NC_006088.5:104192657-104256939|strand=-|gene=CYYR1
1	18	63560	63541	85.000	20	19.9	15	Exon_05|rel=62110-62283|len=174	NC_006088.5:104192657-104256939|strand=-|gene=CYYR1
19	34	5613	5598	87.500	16	19.2	15	Exon_05|rel=62110-62283|len=174	NC_006088.5:104192657-104256939|strand=-|gene=CYYR1
102	117	7442	7427	87.500	16	19.2	15	Exon_05|rel=62110-62283|len=174	NC_006088.5:104192657-104256939|strand=-|gene=CYYR1
39	49	14059	14049	100.000	11	19.2	15	Exon_05|rel=62110-62283|len=174	NC_006088.5:104192657-104256939|strand=-|gene=CYYR1
32	42	29521	29531	100.000	11	19.2	15	Exon_05|rel=62110-62283|len=174	NC_006088.5:104192657-104256939|strand=-|gene=CYYR1
114	124	33026	33016	100.000	11	19.2	15	Exon_05|rel=62110-62283|len=174	NC_006088.5:104192657-104256939|strand=-|gene=CYYR1
106	121	33606	33593	87.500	16	19.2	15	Exon_05|rel=62110-62283|len=174	NC_006088.5:104192657-104256939|strand=-|gene=CYYR1
12	22	33619	33629	100.000	11	19.2	15	Exon_05|rel=62110-62283|len=174	NC_006088.5:104192657-104256939|strand=-|gene=CYYR1
116	128	53337	53324	92.857	14	19.2	15	Exon_05|rel=62110-62283|len=174	NC_006088.5:104192657-104256939|strand=-|gene=CYYR1
127	167	63124	63168	69.565	46	19.2	15	Exon_05|rel=62110-62283|len=174	NC_006088.5:104192657-104256939|strand=-|gene=CYYR1
115	130	63996	64011	87.500	16	19.2	15	Exon_05|rel=62110-62283|len=174	NC_006088.5:104192657-104256939|strand=-|gene=CYYR1
108	122	3967	3982	87.500	16	18.4	43	Exon_05|rel=62110-62283|len=174	NC_006088.5:104192657-104256939|strand=-|gene=CYYR1
57	74	15314	15297	83.333	18	18.4	43	Exon_05|rel=62110-62283|len=174	NC_006088.5:104192657-104256939|strand=-|gene=CYYR1
35	52	15626	15643	83.333	18	18.4	43	Exon_05|rel=62110-62283|len=174	NC_006088.5:104192657-104256939|strand=-|gene=CYYR1
82	101	35910	35890	80.952	21	18.4	43	Exon_05|rel=62110-62283|len=174	NC_006088.5:104192657-104256939|strand=-|gene=CYYR1
117	129	38553	38541	92.308	13	18.4	43	Exon_05|rel=62110-62283|len=174	NC_006088.5:104192657-104256939|strand=-|gene=CYYR1
152	164	39545	39557	92.308	13	18.4	43	Exon_05|rel=62110-62283|len=174	NC_006088.5:104192657-104256939|strand=-|gene=CYYR1
1	13	48202	48214	92.308	13	18.4	43	Exon_05|rel=62110-62283|len=174	NC_006088.5:104192657-104256939|strand=-|gene=CYYR1
82	94	48901	48889	92.308	13	18.4	43	Exon_05|rel=62110-62283|len=174	NC_006088.5:104192657-104256939|strand=-|gene=CYYR1
131	150	50785	50801	80.000	20	18.4	43	Exon_05|rel=62110-62283|len=174	NC_006088.5:104192657-104256939|strand=-|gene=CYYR1
113	158	55619	55572	69.388	49	18.4	43	Exon_05|rel=62110-62283|len=174	NC_006088.5:104192657-104256939|strand=-|gene=CYYR1
112	124	56137	56125	92.308	13	18.4	43	Exon_05|rel=62110-62283|len=174	NC_006088.5:104192657-104256939|strand=-|gene=CYYR1
98	110	56229	56217	92.308	13	18.4	43	Exon_05|rel=62110-62283|len=174	NC_006088.5:104192657-104256939|strand=-|gene=CYYR1
32	41	1222	1231	100.000	10	17.7	43	Exon_05|rel=62110-62283|len=174	NC_006088.5:104192657-104256939|strand=-|gene=CYYR1
148	157	3563	3554	100.000	10	17.7	43	Exon_05|rel=62110-62283|len=174	NC_006088.5:104192657-104256939|strand=-|gene=CYYR1
48	57	3652	3643	100.000	10	17.7	43	Exon_05|rel=62110-62283|len=174	NC_006088.5:104192657-104256939|strand=-|gene=CYYR1
134	143	10183	10174	100.000	10	17.7	43	Exon_05|rel=62110-62283|len=174	NC_006088.5:104192657-104256939|strand=-|gene=CYYR1
158	167	17292	17301	100.000	10	17.7	43	Exon_05|rel=62110-62283|len=174	NC_006088.5:104192657-104256939|strand=-|gene=CYYR1
36	55	17964	17945	80.000	20	17.7	43	Exon_05|rel=62110-62283|len=174	NC_006088.5:104192657-104256939|strand=-|gene=CYYR1
32	41	18226	18235	100.000	10	17.7	43	Exon_05|rel=62110-62283|len=174	NC_006088.5:104192657-104256939|strand=-|gene=CYYR1
115	124	18835	18826	100.000	10	17.7	43	Exon_05|rel=62110-62283|len=174	NC_006088.5:104192657-104256939|strand=-|gene=CYYR1
116	132	19035	19018	83.333	18	17.7	43	Exon_05|rel=62110-62283|len=174	NC_006088.5:104192657-104256939|strand=-|gene=CYYR1
152	161	21104	21095	100.000	10	17.7	43	Exon_05|rel=62110-62283|len=174	NC_006088.5:104192657-104256939|strand=-|gene=CYYR1
119	128	21659	21650	100.000	10	17.7	43	Exon_05|rel=62110-62283|len=174	NC_006088.5:104192657-104256939|strand=-|gene=CYYR1
59	68	27893	27884	100.000	10	17.7	43	Exon_05|rel=62110-62283|len=174	NC_006088.5:104192657-104256939|strand=-|gene=CYYR1
131	145	29515	29529	86.667	15	17.7	43	Exon_05|rel=62110-62283|len=174	NC_006088.5:104192657-104256939|strand=-|gene=CYYR1
14	23	33519	33528	100.000	10	17.7	43	Exon_05|rel=62110-62283|len=174	NC_006088.5:104192657-104256939|strand=-|gene=CYYR1
84	93	38108	38117	100.000	10	17.7	43	Exon_05|rel=62110-62283|len=174	NC_006088.5:104192657-104256939|strand=-|gene=CYYR1
120	129	42892	42883	100.000	10	17.7	43	Exon_05|rel=62110-62283|len=174	NC_006088.5:104192657-104256939|strand=-|gene=CYYR1
59	68	44845	44836	100.000	10	17.7	43	Exon_05|rel=62110-62283|len=174	NC_006088.5:104192657-104256939|strand=-|gene=CYYR1
110	126	51951	51968	83.333	18	17.7	43	Exon_05|rel=62110-62283|len=174	NC_006088.5:104192657-104256939|strand=-|gene=CYYR1
120	134	52175	52161	86.667	15	17.7	43	Exon_05|rel=62110-62283|len=174	NC_006088.5:104192657-104256939|strand=-|gene=CYYR1
56	72	54840	54857	83.333	18	17.7	43	Exon_05|rel=62110-62283|len=174	NC_006088.5:104192657-104256939|strand=-|gene=CYYR1
37	46	60066	60075	100.000	10	17.7	43	Exon_05|rel=62110-62283|len=174	NC_006088.5:104192657-104256939|strand=-|gene=CYYR1
